record_index,phase,local_step,manager_step_before,manager_step_after,requested_target_rad,target_readback_rad,measured_position_rad,velocity_rad_s,body0_l_1_transform_xyzw,body1_abstract_1_transform_xyzw,base_visual_transform_xyzw,lid_visual_transform_xyzw,wall_monotonic_s
0,capture_closed_mid_open_mid_closed,0,243,244,0.0,0.0,0.038234829902648926,-0.08077705651521683,"[6.360933184623718e-07,-6.705522537231445e-07,-3.56137752532959e-06,-1.441388940293109e-05,-7.187456390056468e-07,2.237790113213123e-06,1.0]","[0.5859408974647522,-0.18378588557243347,-0.15396228432655334,-0.01913045346736908,-7.613919592586171e-07,2.2236415588849923e-06,0.99981689453125]","[[0.9999999999889514,4.475600946266545e-06,1.4374267674928959e-06,0.0],[-4.475559506585946e-06,0.9999999995744642,-2.882778202266595e-05,0.0],[-1.4375557885296913e-06,2.882777558905841e-05,0.9999999995834464,0.0],[6.360933184623718e-07,-6.705522537231445e-07,-3.56137752532959e-06,1.0]]","[[0.9999999999889514,4.475600342804093e-06,1.4374265457133144e-06,0.0],[-4.417337249015989e-06,0.9992680514903765,-0.0382539011568252,0.0],[-1.607583631194744e-06,0.03825390115005295,0.9992680514991062,0.0],[0.5859408974647522,-0.18378588557243347,-0.15396228432655334,1.0]]",2652129.002034015
1,capture_closed_mid_open_mid_closed,1,244,245,0.0,0.0,0.03819317743182182,-0.07985170185565948,"[3.520399332046509e-07,-5.960464477539062e-07,-3.159046173095703e-06,-1.4676183127448894e-05,-6.796061029490374e-07,2.2830784018879058e-06,1.0]","[0.5859407782554626,-0.1837858408689499,-0.15396195650100708,-0.01910993456840515,-7.230781307043799e-07,2.2696847281622468e-06,0.9998173117637634]","[[0.9999999999886514,4.566176751823055e-06,1.3591451921446341e-06,0.0],[-4.566136855728568e-06,0.9999999995587944,-2.935236935808582e-05,0.0],[-1.3592792196515157e-06,2.9352363151709756e-05,0.9999999995682956,0.0],[3.520399332046509e-07,-5.960464477539062e-07,-3.159046173095703e-06,1.0]]","[[0.9999999999886514,4.566176118456102e-06,1.3591450123798626e-06,0.0],[-4.510904215393681e-06,0.9992696207912796,-0.038212886819610825,0.0],[-1.5326391189642184e-06,0.03821288681304619,0.9992696208005368,0.0],[0.5859407782554626,-0.1837858408689499,-0.15396195650100708,1.0]]",2652129.046492429
2,capture_closed_mid_open_mid_closed,2,245,246,0.0,0.0,0.038165003061294556,-0.07913640141487122,"[4.889443516731262e-07,-7.003545761108398e-07,-3.248453140258789e-06,-1.4533127796312328e-05,-6.954199989195331e-07,2.250527131764102e-06,1.0]","[0.585940957069397,-0.18378594517707825,-0.1539621353149414,-0.019095752388238907,-7.382362809948972e-07,2.236847876702086e-06,0.9998176693916321]","[[0.999999999988903,4.501074476783636e-06,1.3907745834422362e-06,0.0],[-4.501034050272771e-06,0.9999999995674467,-2.9066258722747808e-05,0.0],[-1.3909054122358962e-06,2.9066252462501506e-05,0.9999999995766091,0.0],[4.889443516731262e-07,-7.003545761108398e-07,-3.248453140258789e-06,1.0]]","[[0.999999999988903,4.501074416187587e-06,1.3907747694820064e-06,0.0],[-4.444685707284015e-06,0.9992707044714472,-0.038184541299480075,0.0],[-1.5616319422166503e-06,0.03818454129287479,0.9992707044803641,0.0],[0.585940957069397,-0.18378594517707825,-0.1539621353149414,1.0]]",2652129.091377205
3,capture_closed_mid_open_mid_closed,3,246,247,0.0,0.0,0.038147155195474625,-0.0785934254527092,"[5.457550287246704e-07,-6.109476089477539e-07,-3.471970558166504e-06,-1.4599199857912026e-05,-7.217226993816439e-07,2.278588226545253e-06,1.0]","[0.5859407186508179,-0.1837858259677887,-0.1539621502161026,-0.01908682845532894,-7.650491511412838e-07,2.2644085220235866e-06,0.9998177289962769]","[[0.9999999999885743,4.557197526238366e-06,1.4433788676334613e-06,0.0],[-4.557155379942645e-06,0.9999999995633428,-2.9198403004841745e-05,0.0],[-1.4435119298931143e-06,2.919839642680636e-05,0.9999999995726849,0.0],[5.457550287246704e-07,-6.109476089477539e-07,-3.471970558166504e-06,1.0]]","[[0.9999999999885744,4.557196295834333e-06,1.4433786557039172e-06,0.0],[-4.498786848203419e-06,0.9992713859487786,-0.038166698963361764,0.0],[-1.6162601637545138e-06,0.038166698956432224,0.9992713859578631,0.0],[0.5859407186508179,-0.1837858259677887,-0.1539621502161026,1.0]]",2652129.134690517
4,capture_closed_mid_open_mid_closed,4,247,248,0.0,0.0,0.03813726454973221,-0.07820426672697067,"[2.915039658546448e-07,-6.109476089477539e-07,-3.248453140258789e-06,-1.4657529391115531e-05,-7.325440947170136e-07,2.2931578769203043e-06,1.0]","[0.5859407186508179,-0.1837858259677887,-0.15396195650100708,-0.019082020968198776,-7.761353231217072e-07,2.278773081343388e-06,0.9998178482055664]","[[0.9999999999884096,4.586337228413806e-06,1.4650209653760685e-06,0.0],[-4.586294279267411e-06,0.9999999995597966,-2.9315062141909585e-05,0.0],[-1.465155413491986e-06,2.931505542255254e-05,0.9999999995692405,0.0],[2.915039658546448e-07,-6.109476089477539e-07,-3.248453140258789e-06,1.0]]","[[0.9999999999884096,4.586336458494966e-06,1.4650207059198316e-06,0.0],[-4.527095536455092e-06,0.9992717529411528,-0.03815709029121327,0.0],[-1.6389550887996775e-06,0.038157090284138724,0.9992717529503337,0.0],[0.5859407186508179,-0.1837858259677887,-0.15396195650100708,1.0]]",2652129.178727458
5,capture_closed_mid_open_mid_closed,5,248,249,0.0,0.0,0.038132667541503906,-0.07792434096336365,"[2.039596438407898e-07,-7.301568984985352e-07,-3.2186508178710938e-06,-1.4527845451084431e-05,-7.225272042887809e-07,2.2549550067196833e-06,1.0]","[0.585940957069397,-0.18378594517707825,-0.15396222472190857,-0.019079457968473434,-7.653864599888038e-07,2.2407702999771573e-06,0.999817967414856]","[[0.9999999999887863,4.509931006966483e-06,1.4449888893018882e-06,0.0],[-4.50988901991225e-06,0.9999999995677138,-2.9055694160701538e-05,0.0],[-1.4451199278532355e-06,2.9055687643636187e-05,0.9999999995768393,0.0],[2.039596438407898e-07,-7.301568984985352e-07,-3.2186508178710938e-06,1.0]]","[[0.9999999999887863,4.509931131119467e-06,1.44498890391488e-06,0.0],[-4.451518495947486e-06,0.9992719485572165,-0.03815196977426268,0.0],[-1.6159996349365512e-06,0.03815196976740246,0.9992719485660869,0.0],[0.585940957069397,-0.18378594517707825,-0.15396222472190857,1.0]]",2652129.221616854
6,capture_closed_mid_open_mid_closed,6,249,250,0.0,0.0,0.03813175857067108,-0.07773397117853165,"[4.6938657760620117e-07,-6.556510925292969e-07,-3.337860107421875e-06,-1.4602124792872928e-05,-7.371445462922566e-07,2.2811359485785943e-06,1.0]","[0.5859411954879761,-0.18378585577011108,-0.15396228432655334,-0.019079158082604408,-7.804994197613269e-07,2.2666681616101414e-06,0.999817967414856]","[[0.9999999999885061,4.562293424910499e-06,1.4742224737209319e-06,0.0],[-4.562250369403878e-06,0.9999999995631488,-2.9204252948799703e-05,0.0],[-1.4743557114480944e-06,2.920424622269201e-05,0.9999999995724691,0.0],[4.6938657760620117e-07,-6.556510925292969e-07,-3.337860107421875e-06,1.0]]","[[0.9999999999885061,4.5622936519160546e-06,1.4742224465161562e-06,0.0],[-4.502728564664025e-06,0.9992719714434424,-0.03815137011181079,0.0],[-1.647206927220821e-06,0.03815137010473425,0.9992719714524996,0.0],[0.5859411954879761,-0.18378585577011108,-0.15396228432655334,1.0]]",2652129.266103742
7,capture_closed_mid_open_mid_closed,7,250,251,0.0,0.0,0.038133569061756134,-0.07761861383914948,"[4.256144165992737e-07,-6.258487701416016e-07,-3.2782554626464844e-06,-1.466555204387987e-05,-7.413316325255437e-07,2.295446620337316e-06,1.0]","[0.5859411954879761,-0.1837858259677887,-0.15396225452423096,-0.019080156460404396,-7.849607186471985e-07,2.2808956146036508e-06,0.999817967414856]","[[0.9999999999883628,4.5909149847499084e-06,1.4825959370673383e-06,0.0],[-4.590871496599355e-06,0.999999999559305,-2.933110749113412e-05,0.0],[-1.4827305930348365e-06,2.933110068438536e-05,0.999999999568744,0.0],[4.256144165992737e-07,-6.258487701416016e-07,-3.2782554626464844e-06,1.0]]","[[0.9999999999883628,4.590915181211082e-06,1.4825959700437175e-06,0.0],[-4.531006487902841e-06,0.999271895248488,-0.03815336650397874,0.0],[-1.656675350829669e-06,0.03815336649681708,0.9992718952576607,0.0],[0.5859411954879761,-0.1837858259677887,-0.15396225452423096,1.0]]",2652129.311522055
8,capture_closed_mid_open_mid_closed,8,251,252,0.0,0.0,0.03813677281141281,-0.07755423337221146,"[5.913898348808289e-07,-6.407499313354492e-07,-3.606081008911133e-06,-1.4538728464685846e-05,-7.271985964507621e-07,2.2572201032744488e-06,1.0]","[0.585940957069397,-0.18378585577011108,-0.15396235883235931,-0.01908152736723423,-7.701047479713452e-07,2.24294421968807e-06,0.9998178482055664]","[[0.9999999999887523,4.514461351634765e-06,1.4543315586811912e-06,0.0],[-4.5144190614630305e-06,0.9999999995670606,-2.9077460212266275e-05,0.0],[-1.4544628271218573e-06,2.907745364647711e-05,0.9999999995761931,0.0],[5.913898348808289e-07,-6.407499313354492e-07,-3.606081008911133e-06,1.0]]","[[0.9999999999887523,4.514460876395383e-06,1.4543313409968853e-06,0.0],[-4.455681777099175e-06,0.9992717906166054,-0.038156103269022114,0.0],[-1.6255265470415163e-06,0.038156103262112905,0.9992717906254809,0.0],[0.585940957069397,-0.18378585577011108,-0.15396235883235931,1.0]]",2652129.359155686
9,capture_closed_mid_open_mid_closed,9,252,253,0.0,0.0,0.03814084082841873,-0.07752902060747147,"[4.414469003677368e-07,-6.109476089477539e-07,-3.382563591003418e-06,-1.4614372958021704e-05,-7.364079692706582e-07,2.2826509393780725e-06,1.0]","[0.5859407186508179,-0.1837858408689499,-0.15396204590797424,-0.01908366195857525,-7.798019510119047e-07,2.268193156851339e-06,0.9998177886009216]","[[0.9999999999884944,4.56532340303757e-06,1.4727492195169944e-06,0.0],[-4.56528035447472e-06,0.9999999995624193,-2.9228749277968093e-05,0.0],[-1.4728826575656384e-06,2.9228742554118724e-05,0.9999999995717556,0.0],[4.414469003677368e-07,-6.109476089477539e-07,-3.382563591003418e-06,1.0]]","[[0.9999999999884944,4.565322686061196e-06,1.4727488614906044e-06,0.0],[-4.505796778750201e-06,0.9992716276822122,-0.03816036939919796,0.0],[-1.6458905873390229e-06,0.03816036939212299,0.9992716276912855,0.0],[0.5859407186508179,-0.1837858408689499,-0.15396204590797424,1.0]]",2652129.405957062
10,capture_closed_mid_open_mid_closed,10,253,254,0.0,0.0,0.0381450392305851,-0.07752800732851028,"[2.4586915969848633e-07,-6.705522537231445e-07,-3.129243850708008e-06,-1.4677392755402252e-05,-7.413017328872229e-07,2.296991397088277e-06,1.0]","[0.585940957069397,-0.18378588557243347,-0.15396207571029663,-0.019085785374045372,-7.849730536690913e-07,2.282436298628454e-06,0.9998178482055664]","[[0.9999999999883487,4.594004554929922e-06,1.4825360380846642e-06,0.0],[-4.593961033423187e-06,0.999999999558596,-2.935478891633191e-05,0.0],[-1.4826708934642274e-06,2.9354782105277098e-05,0.9999999995680492,0.0],[2.4586915969848633e-07,-6.705522537231445e-07,-3.129243850708008e-06,1.0]]","[[0.9999999999883487,4.594004751975432e-06,1.4825359601864605e-06,0.0],[-4.5340774430684826e-06,0.9992714655828927,-0.03816461773156593,0.0],[-1.6567843174886734e-06,0.03816461772439933,0.9992714655920794,0.0],[0.585940957069397,-0.18378588557243347,-0.15396207571029663,1.0]]",2652129.451625581
11,capture_closed_mid_open_mid_closed,11,254,255,0.0,0.0,0.03814898803830147,-0.07753869891166687,"[5.736947059631348e-07,-6.258487701416016e-07,-3.546476364135742e-06,-1.4549620573234279e-05,-7.291043857549084e-07,2.2591812012251467e-06,1.0]","[0.585940957069397,-0.18378585577011108,-0.15396226942539215,-0.019087715074419975,-7.720614689787908e-07,2.2448637082561618e-06,0.9998177289962769]","[[0.999999999988729,4.518383618834635e-06,1.4581430310512489e-06,0.0],[-4.518341186065951e-06,0.9999999995664093,-2.9099244440826403e-05,0.0],[-1.4582745119683849e-06,2.9099237852110712e-05,0.9999999995755539,0.0],[5.736947059631348e-07,-6.258487701416016e-07,-3.546476364135742e-06,1.0]]","[[0.999999999988729,4.518382848069283e-06,1.4581428514316092e-06,0.0],[-4.459435290710062e-06,0.9992713182563967,-0.038168471878335504,0.0],[-1.629540126808007e-06,0.03816847187140281,0.9992713182652834,0.0],[0.585940957069397,-0.18378585577011108,-0.15396226942539215,1.0]]",2652129.493909603
12,capture_closed_mid_open_mid_closed,12,255,256,0.0,0.0,0.038152847439050674,-0.07755978405475616,"[3.995373845100403e-07,-7.003545761108398e-07,-3.248453140258789e-06,-1.4624411960539874e-05,-7.374783876912261e-07,2.2843314582132734e-06,1.0]","[0.585940957069397,-0.18378591537475586,-0.15396206080913544,-0.01908966526389122,-7.80917957854399e-07,2.269848437208566e-06,0.9998177886009216]","[[0.9999999999884759,4.5686844868020545e-06,1.4748899613738536e-06,0.0],[-4.568641346051039e-06,0.9999999995618168,-2.924882729036991e-05,0.0],[-1.4750235893910507e-06,2.9248820551789586e-05,0.9999999995711654,0.0],[3.995373845100403e-07,-7.003545761108398e-07,-3.248453140258789e-06,1.0]]","[[0.9999999999884759,4.5686846147262565e-06,1.4748900376693096e-06,0.0],[-4.5090547650702485e-06,0.9992711693499208,-0.03817237382209623,0.0],[-1.648212625133622e-06,0.03817237381500597,0.9992711693590055,0.0],[0.585940957069397,-0.18378591537475586,-0.15396206080913544,1.0]]",2652129.538461726
13,capture_closed_mid_open_mid_closed,13,256,257,0.0,0.0,0.03815615922212601,-0.07759028673171997,"[4.5634806156158447e-07,-5.662441253662109e-07,-3.3974647521972656e-06,-1.4685798305436037e-05,-7.437333238158317e-07,2.299014568052371e-06,1.0]","[0.5859408974647522,-0.1837857961654663,-0.15396210551261902,-0.0190914086997509,-7.874555763009994e-07,2.284408083141898e-06,0.9998176693916321]","[[0.9999999999883228,4.598050980739915e-06,1.487399121903168e-06,0.0],[-4.598007291469569e-06,0.9999999995580837,-2.937160003057957e-05,0.0],[-1.4875341733601588e-06,2.937159319116458e-05,0.9999999995675484,0.0],[4.5634806156158447e-07,-5.662441253662109e-07,-3.3974647521972656e-06,1.0]]","[[0.9999999999883228,4.598050403732797e-06,1.4873988613888664e-06,0.0],[-4.537915858772555e-06,0.9992710362172811,-0.03817585550677389,0.0],[-1.6618491347979724e-06,0.03817585549957841,0.999271036226478,0.0],[0.5859408974647522,-0.1837857961654663,-0.15396210551261902,1.0]]",2652129.580708698
14,capture_closed_mid_open_mid_closed,14,257,258,0.0,0.0,0.038159094750881195,-0.0776214450597763,"[3.9674341678619385e-07,-7.450580596923828e-07,-3.293156623840332e-06,-1.4556796486431267e-05,-7.275239113369025e-07,2.260153451061342e-06,1.0]","[0.585940957069397,-0.18378596007823944,-0.1539621353149414,-0.019092779606580734,-7.705112352596188e-07,2.2458623334387084e-06,0.9998177289962769]","[[0.9999999999887248,4.520328082957716e-06,1.4549820214861746e-06,0.0],[-4.5202857212876515e-06,0.9999999995659827,-2.911359626149389e-05,0.0],[-1.4551136238614355e-06,2.9113589684231177e-05,0.9999999995751407,0.0],[3.9674341678619385e-07,-7.450580596923828e-07,-3.293156623840332e-06,1.0]]","[[0.9999999999887248,4.52032835811235e-06,1.4549820776886434e-06,0.0],[-4.461483553315524e-06,0.9992709315237013,-0.03817859909641688,0.0],[-1.626501095924909e-06,0.03817859908949503,0.9992709315326017,0.0],[0.585940957069397,-0.18378596007823944,-0.1539621353149414,1.0]]",2652129.623112368
15,capture_closed_mid_open_mid_closed,15,258,259,0.0,0.0,0.038161370903253555,-0.07764403522014618,"[4.842877388000488e-07,-6.109476089477539e-07,-3.4570693969726562e-06,-1.4629767065343913e-05,-7.396436103590531e-07,2.285893287989893e-06,1.0]","[0.5859408378601074,-0.1837858259677887,-0.1539621502161026,-0.01909397356212139,-7.831222887944023e-07,2.2713650196237722e-06,0.9998176097869873]","[[0.9999999999884552,4.571808217607248e-06,1.4792203365454272e-06,0.0],[-4.571764934352324e-06,0.9999999995614892,-2.9259537512180553e-05,0.0],[-1.4793541048907853e-06,2.9259530749195098e-05,0.9999999995708457,0.0],[4.842877388000488e-07,-6.109476089477539e-07,-3.4570693969726562e-06,1.0]]","[[0.9999999999884552,4.571807322304324e-06,1.4792201426374208e-06,0.0],[-4.51199565719173e-06,0.9992708403368998,-0.03818098201998979,0.0],[-1.6526976771759154e-06,0.03818098201287476,0.9992708403459915,0.0],[0.5859408378601074,-0.1837858259677887,-0.1539621502161026,1.0]]",2652129.665642299
16,capture_closed_mid_open_mid_closed,16,259,260,0.0,0.0,0.0381634421646595,-0.07767543941736221,"[2.1420419216156006e-07,-6.556510925292969e-07,-3.11434268951416e-06,-1.4690333955513779e-05,-7.425542776218208e-07,2.2995538984105224e-06,1.0]","[0.5859410166740417,-0.18378585577011108,-0.15396204590797424,-0.019095158204436302,-7.862956863391446e-07,2.2849669676361373e-06,0.9998176693916321]","[[0.9999999999883213,4.599129613561681e-06,1.485040992814209e-06,0.0],[-4.599085980080408e-06,0.9999999995578123,-2.9380671326114727e-05,0.0],[-1.4851761176730743e-06,2.938066449594039e-05,0.9999999995672854,0.0],[2.1420419216156006e-07,-6.556510925292969e-07,-3.11434268951416e-06,1.0]]","[[0.9999999999883213,4.599129577489879e-06,1.4850410296587484e-06,0.0],[-4.5390718153854316e-06,0.999270749855853,-0.03818335314884133,0.0],[-1.6595682526144409e-06,0.03818335314165469,0.9992707498650586,0.0],[0.5859410166740417,-0.18378585577011108,-0.15396204590797424,1.0]]",2652129.711316549
17,capture_closed_mid_open_mid_closed,17,260,261,0.0,0.0,0.03816484287381172,-0.0776938796043396,"[3.976747393608093e-07,-6.705522537231445e-07,-3.382563591003418e-06,-1.4560353520209901e-05,-7.297377919712744e-07,2.2611452550336253e-06,1.0]","[0.5859411954879761,-0.18378588557243347,-0.1539624035358429,-0.019095592200756073,-7.727499564680329e-07,2.246809572170605e-06,0.9998176693916321]","[[0.9999999999887094,4.522311760547707e-06,1.459409737794001e-06,0.0],[-4.522269259586794e-06,0.9999999995657667,-2.9120710340506094e-05,0.0],[-1.4595414300910966e-06,2.912070374033351e-05,0.9999999995749271,0.0],[3.976747393608093e-07,-6.705522537231445e-07,-3.382563591003418e-06,1.0]]","[[0.9999999999887094,4.5223120561125796e-06,1.4594098023108574e-06,0.0],[-4.463287583945117e-06,0.9992707167069086,-0.03818422098309837,0.0],[-1.6310264396825578e-06,0.03818422097615348,0.9992707167158106,0.0],[0.5859411954879761,-0.18378588557243347,-0.1539624035358429,1.0]]",2652129.752907451
18,capture_closed_mid_open_mid_closed,18,261,262,0.0,0.0,0.038166023790836334,-0.07770922034978867,"[7.096678018569946e-07,-5.662441253662109e-07,-3.546476364135742e-06,-1.4632544662163127e-05,-7.396873229481571e-07,2.286291419295594e-06,1.0]","[0.5859410166740417,-0.18378578126430511,-0.15396220982074738,-0.019096409901976585,-7.831791322132631e-07,2.271760422445368e-06,0.9998175501823425]","[[0.9999999999884515,4.572604485606766e-06,1.479307737373707e-06,0.0],[-4.57256119157561e-06,0.999999999561323,-2.9265092706607814e-05,0.0],[-1.4794415544189213e-06,2.9265085942044695e-05,0.999999999570683,0.0],[7.096678018569946e-07,-5.662441253662109e-07,-3.546476364135742e-06,1.0]]","[[0.9999999999884515,4.572603699811901e-06,1.4793075461945868e-06,0.0],[-4.512780060870225e-06,0.9992706542473896,-0.038185851534502505,0.0],[-1.6528374190990037e-06,0.038185851527385725,0.9992706542564846,0.0],[0.5859410166740417,-0.18378578126430511,-0.15396220982074738,1.0]]",2652129.797056135
19,capture_closed_mid_open_mid_closed,19,262,263,0.0,0.0,0.038167111575603485,-0.07773460447788239,"[3.8277357816696167e-07,-6.407499313354492e-07,-3.3527612686157227e-06,-1.4693064258608501e-05,-7.40861025860795e-07,2.299520929227583e-06,1.0]","[0.5859407186508179,-0.18378585577011108,-0.15396201610565186,-0.019096845760941505,-7.846059020266694e-07,2.2849649212730583e-06,0.9998175501823425]","[[0.9999999999883267,4.599063629492486e-06,1.4816544777040359e-06,0.0],[-4.5990200874178465e-06,0.9999999995576522,-2.938613192446787e-05,0.0],[-1.4817896257391443e-06,2.9386125109966135e-05,0.9999999995671299,0.0],[3.8277357816696167e-07,-6.407499313354492e-07,-3.3527612686157227e-06,1.0]]","[[0.9999999999883267,4.599063055467892e-06,1.4816542563043963e-06,0.0],[-4.5391290638913814e-06,0.9992706209535235,-0.038186723093414775,0.0],[-1.6561967469872501e-06,0.03818672308624358,0.9992706209627344,0.0],[0.5859407186508179,-0.18378585577011108,-0.15396201610565186,1.0]]",2652129.841947734
20,capture_closed_mid_open_mid_closed,20,263,264,0.0,0.0,0.03816777467727661,-0.07774706184864044,"[4.721805453300476e-07,-6.705522537231445e-07,-3.3527612686157227e-06,-1.4561925127054565e-05,-7.280329441528011e-07,2.2609488041780423e-06,1.0]","[0.5859407782554626,-0.18378590047359467,-0.15396210551261902,-0.019097087904810905,-7.71044938119303e-07,2.2466442715085577e-06,0.9998175501823425]","[[0.9999999999887161,4.52191881147853e-06,1.456000040771197e-06,0.0],[-4.521876405233639e-06,0.9999999995656769,-2.912385354619956e-05,0.0],[-1.4561317358400072e-06,2.91238469620187e-05,0.9999999995748406,0.0],[4.721805453300476e-07,-6.705522537231445e-07,-3.3527612686157227e-06,1.0]]","[[0.9999999999887161,4.521918169265407e-06,1.4559997959341972e-06,0.0],[-4.463019317418112e-06,0.999270602457017,-0.038187207292674295,0.0],[-1.6276172485095523e-06,0.03818720728574524,0.9992706024659228,0.0],[0.5859407782554626,-0.18378590047359467,-0.15396210551261902,1.0]]",2652129.888201858
21,capture_closed_mid_open_mid_closed,21,264,265,0.0,0.0,0.038168128579854965,-0.07775436341762543,"[3.939494490623474e-07,-6.556510925292969e-07,-3.337860107421875e-06,-1.4633784303441644e-05,-7.383814022432489e-07,2.2863071080791997e-06,1.0]","[0.5859407782554626,-0.18378587067127228,-0.15396206080913544,-0.019097348675131798,-7.818758831490413e-07,2.2718002128385706e-06,0.9998175501823425]","[[0.9999999999884552,4.572635826786747e-06,1.4766958898363557e-06,0.0],[-4.5725926055300514e-06,0.9999999995612503,-2.9267571983216585e-05,0.0],[-1.4768297191366399e-06,2.926756523054999e-05,0.9999999995706143,0.0],[3.939494490623474e-07,-6.556510925292969e-07,-3.337860107421875e-06,1.0]]","[[0.9999999999884552,4.572634959330316e-06,1.4766957385038264e-06,0.0],[-4.51290793388562e-06,0.9992705825368388,-0.03818772873824909,0.0],[-1.6502371816430936e-06,0.038187728731144024,0.9992705825459383,0.0],[0.5859407782554626,-0.18378587067127228,-0.15396206080913544,1.0]]",2652129.931539838
22,capture_closed_mid_open_mid_closed,22,265,266,0.0,0.0,0.03816845640540123,-0.07776493579149246,"[4.12575900554657e-07,-6.109476089477539e-07,-3.3229589462280273e-06,-1.4693338926008437e-05,-7.434079520862724e-07,2.3001750832918333e-06,1.0]","[0.5859408378601074,-0.1837858259677887,-0.15396201610565186,-0.019097594544291496,-7.87166584359511e-07,2.2855697352497373e-06,0.9998175501823425]","[[0.9999999999883131,4.600372012873667e-06,1.4867483096683688e-06,0.0],[-4.600328320293666e-06,0.99999999955763,-2.938668127195377e-05,0.0],[-1.4868834986767208e-06,2.9386674432079977e-05,0.9999999995671063,0.0],[4.12575900554657e-07,-6.109476089477539e-07,-3.3229589462280273e-06,1.0]]","[[0.9999999999883131,4.600371443470421e-06,1.4867481637064509e-06,0.0],[-4.540239490402769e-06,0.9992705637547961,-0.038188220386896635,0.0],[-1.6613437001324635e-06,0.03818822037970014,0.9992705637640045,0.0],[0.5859408378601074,-0.1837858259677887,-0.15396201610565186,1.0]]",2652129.977996719
23,capture_closed_mid_open_mid_closed,23,266,267,0.0,0.0,0.03816865384578705,-0.07777143269777298,"[4.302710294723511e-07,-6.556510925292969e-07,-3.3229589462280273e-06,-1.4562407159246504e-05,-7.284201615220809e-07,2.2612182419834426e-06,1.0]","[0.5859407782554626,-0.18378588557243347,-0.15396210551261902,-0.019097652286291122,-7.714385219514952e-07,2.246905978608993e-06,0.9998175501823425]","[[0.9999999999887126,4.522457699068835e-06,1.4567744654827304e-06,0.0],[-4.522415268864935e-06,0.9999999995656463,-2.9124817612726923e-05,0.0],[-1.4569061806055931e-06,2.9124811024259094e-05,0.9999999995748114,0.0],[4.302710294723511e-07,-6.556510925292969e-07,-3.3229589462280273e-06,1.0]]","[[0.9999999999887126,4.522457391350764e-06,1.456774288068736e-06,0.0],[-4.463526732740844e-06,0.9992705593442067,-0.038188335849694305,0.0],[-1.6284168044665889e-06,0.03818833584276091,0.9992705593531136,0.0],[0.5859407782554626,-0.18378588557243347,-0.15396210551261902,1.0]]",2652130.081918273
24,capture_closed_mid_open_mid_closed,24,267,268,0.0,0.0,0.03816864639520645,-0.0777721181511879,"[3.818422555923462e-07,-6.556510925292969e-07,-3.3527612686157227e-06,-1.4634104445576668e-05,-7.384015816569445e-07,2.2864578568260185e-06,1.0]","[0.5859408378601074,-0.18378587067127228,-0.15396210551261902,-0.019097723066806793,-7.818997573849629e-07,2.271950279464363e-06,0.9998175501823425]","[[0.9999999999884538,4.572937325343775e-06,1.4767362427877145e-06,0.0],[-4.5728941019602994e-06,0.9999999995612302,-2.9268212267801533e-05,0.0],[-1.4768700838400633e-06,2.9268205514505138e-05,0.9999999995705955,0.0],[3.818422555923462e-07,-6.556510925292969e-07,-3.3527612686157227e-06,1.0]]","[[0.9999999999884538,4.572936535165379e-06,1.4767360453160737e-06,0.0],[-4.513206515035213e-06,0.9992705539370036,-0.038188477384984036,0.0],[-1.6502923543511325e-06,0.03818847737787829,0.9992705539461044,0.0],[0.5859408378601074,-0.18378587067127228,-0.15396210551261902,1.0]]",2652130.127320254
25,capture_closed_mid_open_mid_closed,25,268,269,0.0,0.0,0.03816875442862511,-0.07777708023786545,"[4.116445779800415e-07,-6.109476089477539e-07,-3.3527612686157227e-06,-1.4693541743326932e-05,-7.434951498908049e-07,2.300276491951081e-06,1.0]","[0.5859408974647522,-0.1837858259677887,-0.15396207571029663,-0.01909778267145157,-7.872561127442168e-07,2.2856693249195814e-06,0.9998175501823425]","[[0.9999999999883119,4.600574833056203e-06,1.4869227013642985e-06,0.0],[-4.6005311347481206e-06,0.9999999995576171,-2.9387086907142695e-05,0.0],[-1.4870578981989211e-06,2.9387080066165034e-05,0.9999999995670941,0.0],[4.116445779800415e-07,-6.109476089477539e-07,-3.3527612686157227e-06,1.0]]","[[0.9999999999883119,4.600574302231971e-06,1.4869225239677586e-06,0.0],[-4.5404349176401275e-06,0.9992705493836195,-0.038188596572569816,0.0],[-1.661527388072229e-06,0.038188596565372185,0.9992705493928284,0.0],[0.5859408974647522,-0.1837858259677887,-0.15396207571029663,1.0]]",2652130.171823293
26,capture_closed_mid_open_mid_closed,26,269,270,0.0,0.0,0.03816880285739899,-0.07778061181306839,"[4.7404319047927856e-07,-6.556510925292969e-07,-3.382563591003418e-06,-1.4562483556801453e-05,-7.284109528882254e-07,2.261248710055952e-06,1.0]","[0.5859408378601074,-0.18378588557243347,-0.1539621651172638,-0.019097652286291122,-7.714298817518284e-07,2.2469364466815023e-06,0.9998175501823425]","[[0.9999999999887124,4.522518635056952e-06,1.4567560469821349e-06,0.0],[-4.522476205166856e-06,0.9999999995656417,-2.9124970407839562e-05,0.0],[-1.4568877645707669e-06,2.912496381936625e-05,0.999999999574807,0.0],[4.7404319047927856e-07,-6.556510925292969e-07,-3.382563591003418e-06,1.0]]","[[0.9999999999887124,4.522517986362937e-06,1.4567558470848987e-06,0.0],[-4.4635879877831324e-06,0.9992705593442064,-0.03818833584969431,0.0],[-1.6284006909573701e-06,0.0381883358427609,0.9992705593531136,0.0],[0.5859408378601074,-0.18378588557243347,-0.1539621651172638,1.0]]",2652130.213644233
27,capture_closed_mid_open_mid_closed,27,270,271,0.0,0.0,0.03816871717572212,-0.07777965068817139,"[4.0978193283081055e-07,-6.556510925292969e-07,-3.3229589462280273e-06,-1.4634118997491896e-05,-7.381697173514112e-07,2.286422613906325e-06,1.0]","[0.5859408378601074,-0.18378587067127228,-0.15396207571029663,-0.019097723066806793,-7.816672678018222e-07,2.2719195840181783e-06,0.9998175501823425]","[[0.9999999999884548,4.572866832739618e-06,1.4762725151416016e-06,0.0],[-4.572823622885681e-06,0.9999999995612296,-2.9268241370519663e-05,0.0],[-1.4764063542640434e-06,2.9268234619447922e-05,0.9999999995705954,0.0],[4.0978193283081055e-07,-6.556510925292969e-07,-3.3229589462280273e-06,1.0]]","[[0.9999999999884548,4.572866275430417e-06,1.4762723234114177e-06,0.0],[-4.51315401538695e-06,0.9992705539370039,-0.03818847738498293,0.0],[-1.649826287593954e-06,0.03818847737787939,0.9992705539461051,0.0],[0.5859408378601074,-0.18378587067127228,-0.15396207571029663,1.0]]",2652130.255287505
28,capture_closed_mid_open_mid_closed,28,271,272,0.0,0.0,0.038168713450431824,-0.07778119295835495,"[3.8370490074157715e-07,-6.109476089477539e-07,-3.337860107421875e-06,-1.469356084271567e-05,-7.432789175254584e-07,2.3002312445896678e-06,1.0]","[0.5859408378601074,-0.1837858259677887,-0.15396206080913544,-0.01909778267145157,-7.870390277275874e-07,2.285628170284326e-06,0.9998175501823425]","[[0.9999999999883129,4.600484332007331e-06,1.4864902378754273e-06,0.0],[-4.60044064635134e-06,0.9999999995576164,-2.938712510485812e-05,0.0],[-1.4866254322264062e-06,2.938711826600456e-05,0.9999999995670936,0.0],[3.8370490074157715e-07,-6.109476089477539e-07,-3.337860107421875e-06,1.0]]","[[0.9999999999883129,4.600483716293834e-06,1.4864900050733032e-06,0.0],[-4.540360915071866e-06,0.9992705493836198,-0.038188596572568755,0.0],[-1.6610917253286535e-06,0.038188596565373246,0.9992705493928291,0.0],[0.5859408378601074,-0.1837858259677887,-0.15396206080913544,1.0]]",2652130.297837134
29,capture_closed_mid_open_mid_closed,29,272,273,0.0,0.0,0.038168709725141525,-0.07778233289718628,"[4.5355409383773804e-07,-6.556510925292969e-07,-3.3527612686157227e-06,-1.4562365322490223e-05,-7.284450589395419e-07,2.261246208945522e-06,1.0]","[0.5859408378601074,-0.18378588557243347,-0.1539621353149414,-0.019097652286291122,-7.71463930959726e-07,2.246933263450046e-06,0.9998175501823425]","[[0.9999999999887123,4.522513633657176e-06,1.4568242596923264e-06,0.0],[-4.522471202124913e-06,0.9999999995656486,-2.91247339393677e-05,0.0],[-1.4569559760658413e-06,2.912472735059319e-05,0.9999999995748138,0.0],[4.5355409383773804e-07,-6.556510925292969e-07,-3.3527612686157227e-06,1.0]]","[[0.9999999999887123,4.522512921581451e-06,1.4568240546606454e-06,0.0],[-4.4635803219619135e-06,0.9992705593442064,-0.038188335849694464,0.0],[-1.6284686553641268e-06,0.03818833584276075,0.9992705593531135,0.0],[0.5859408378601074,-0.18378588557243347,-0.1539621353149414,1.0]]",2652130.341812097
30,capture_closed_mid_open_mid_closed,30,273,274,0.0,0.0,0.03816857561469078,-0.07777988910675049,"[4.2654573917388916e-07,-6.556510925292969e-07,-3.382563591003418e-06,-1.4634060789830983e-05,-7.382458875326847e-07,2.286428752995562e-06,1.0]","[0.5859408378601074,-0.18378587067127228,-0.15396210551261902,-0.01909753493964672,-7.817430969225825e-07,2.2719243588653626e-06,0.9998175501823425]","[[0.9999999999884545,4.572879113061516e-06,1.4764248555906435e-06,0.0],[-4.572835898920732e-06,0.999999999561233,-2.9268124955555213e-05,0.0],[-1.4765586945400954e-06,2.9268118203768718e-05,0.9999999995705985,0.0],[4.2654573917388916e-07,-6.556510925292969e-07,-3.382563591003418e-06,1.0]]","[[0.9999999999884545,4.572878425575326e-06,1.4764246264268565e-06,0.0],[-4.513160961146098e-06,0.9992705683081347,-0.038188101199310674,0.0],[-1.6499772457215194e-06,0.038188101192206426,0.9992705683172357,0.0],[0.5859408378601074,-0.18378587067127228,-0.15396210551261902,1.0]]",2652130.384035534
31,capture_closed_mid_open_mid_closed,31,274,275,0.0,0.0,0.038168616592884064,-0.07778221368789673,"[4.1443854570388794e-07,-6.109476089477539e-07,-3.3527612686157227e-06,-1.4693418052047491e-05,-7.43209227493935e-07,2.300195546922623e-06,1.0]","[0.5859408378601074,-0.1837858259677887,-0.15396204590797424,-0.019097594544291496,-7.869682576711057e-07,2.2855938368593343e-06,0.9998175501823425]","[[0.9999999999883135,4.600412934413005e-06,1.4863508595183253e-06,0.0],[-4.600369253277487e-06,0.9999999995576251,-2.9386839523148092e-05,0.0],[-1.4864860504574148e-06,2.9386832685041873e-05,0.9999999995671022,0.0],[4.1443854570388794e-07,-6.109476089477539e-07,-3.3527612686157227e-06,1.0]]","[[0.9999999999883135,4.600412062769581e-06,1.4863506621334405e-06,0.0],[-4.54029525995266e-06,0.9992705637547958,-0.03818822038689577,0.0],[-1.660948039690525e-06,0.03818822037970101,0.999270563764005,0.0],[0.5859408378601074,-0.1837858259677887,-0.15396204590797424,1.0]]",2652130.425804395
32,capture_closed_mid_open_mid_closed,32,275,276,0.0,0.0,0.03816859796643257,-0.07778320461511612,"[4.293397068977356e-07,-6.705522537231445e-07,-3.337860107421875e-06,-1.4562339856638573e-05,-7.282484943971212e-07,2.261195959363249e-06,1.0]","[0.5859407782554626,-0.18378590047359467,-0.1539621204137802,-0.01909746415913105,-7.712660021752527e-07,2.246887106593931e-06,0.9998175501823425]","[[0.9999999999887133,4.522413128730649e-06,1.456431132186157e-06,0.0],[-4.522370708722347e-06,0.9999999995656506,-2.9124683006702253e-05,0.0],[-1.456562845402328e-06,2.912467641985204e-05,0.9999999995748158,0.0],[4.293397068977356e-07,-6.705522537231445e-07,-3.337860107421875e-06,1.0]]","[[0.9999999999887133,4.522412774569469e-06,1.4564308776919982e-06,0.0],[-4.463495875234676e-06,0.9992705737152844,-0.03818795966402089,0.0],[-1.6280702616431633e-06,0.0381879596570891,0.9992705737241917,0.0],[0.5859407782554626,-0.18378590047359467,-0.1539621204137802,1.0]]",2652130.469325914
33,capture_closed_mid_open_mid_closed,33,276,277,0.0,0.0,0.03816845268011093,-0.07777798920869827,"[3.976747393608093e-07,-6.407499313354492e-07,-3.337860107421875e-06,-1.4633756109105889e-05,-7.387191658381198e-07,2.2864614948048256e-06,1.0]","[0.5859408378601074,-0.18378585577011108,-0.15396206080913544,-0.01909753493964672,-7.822169436622062e-07,2.2719480057276087e-06,0.9998175501823425]","[[0.9999999999884528,4.572944610081863e-06,1.4773714126365038e-06,0.0],[-4.57290136913744e-06,0.9999999995612505,-2.9267515596317634e-05,0.0],[-1.4775052507159754e-06,2.926750884010592e-05,0.9999999995706149,0.0],[3.976747393608093e-07,-6.407499313354492e-07,-3.337860107421875e-06,1.0]]","[[0.9999999999884528,4.572943809280419e-06,1.4773712438060455e-06,0.0],[-4.513190147632527e-06,0.9992705683081344,-0.03818810119931286,0.0],[-1.6509256694878202e-06,0.03818810119220424,0.9992705683172343,0.0],[0.5859408378601074,-0.18378585577011108,-0.15396206080913544,1.0]]",2652130.512849708
34,capture_closed_mid_open_mid_closed,34,277,278,0.0,0.0,0.03816846013069153,-0.07778067141771317,"[4.4330954551696777e-07,-6.109476089477539e-07,-3.3229589462280273e-06,-1.4693241610075347e-05,-7.431317499140278e-07,2.3001712179393508e-06,1.0]","[0.5859408378601074,-0.1837858259677887,-0.15396201610565186,-0.019097594544291496,-7.868903253438475e-07,2.28557109949179e-06,0.9998175501823425]","[[0.9999999999883139,4.6003642739074005e-06,1.4861959058851561e-06,0.0],[-4.6003205978500025e-06,0.9999999995576357,-2.9386486638811218e-05,0.0],[-1.4863310937709549e-06,2.938647980149017e-05,0.9999999995671128,0.0],[4.4330954551696777e-07,-6.109476089477539e-07,-3.3229589462280273e-06,1.0]]","[[0.9999999999883139,4.600363619691374e-06,1.4861956943744547e-06,0.0],[-4.540252770154404e-06,0.9992705637547961,-0.03818822038689538,0.0],[-1.6607913350154336e-06,0.0381882203797014,0.9992705637640052,0.0],[0.5859408378601074,-0.1837858259677887,-0.15396201610565186,1.0]]",2652130.55439338
35,capture_closed_mid_open_mid_closed,35,278,279,0.0,0.0,0.03816845640540123,-0.0777810588479042,"[4.4330954551696777e-07,-6.705522537231445e-07,-3.3527612686157227e-06,-1.4562265278073028e-05,-7.280977456503024e-07,2.2611586700804764e-06,1.0]","[0.5859408378601074,-0.18378590047359467,-0.1539621353149414,-0.01909746415913105,-7.711146281508263e-07,2.246852773168939e-06,0.9998175501823425]","[[0.999999999988714,4.522338545665994e-06,1.4561296361158257e-06,0.0],[-4.5222961346559114e-06,0.9999999995656552,-2.9124533848835117e-05,0.0],[-1.4562613464853839e-06,2.9124527263456994e-05,0.9999999995748206,0.0],[4.4330954551696777e-07,-6.705522537231445e-07,-3.3527612686157227e-06,1.0]]","[[0.999999999988714,4.522338338527727e-06,1.4561294962421783e-06,0.0],[-4.4634330026329585e-06,0.9992705737152847,-0.03818795966402015,0.0],[-1.6277662574679304e-06,0.038187959657089834,0.9992705737241921,0.0],[0.5859408378601074,-0.18378590047359467,-0.1539621353149414,1.0]]",2652130.598141982
36,capture_closed_mid_open_mid_closed,36,279,280,0.0,0.0,0.03816835582256317,-0.07777649164199829,"[4.3958425521850586e-07,-6.407499313354492e-07,-3.337860107421875e-06,-1.4633686987508554e-05,-7.385311278085283e-07,2.2864069251227193e-06,1.0]","[0.5859408378601074,-0.18378585577011108,-0.15396206080913544,-0.01909753493964672,-7.820278824510751e-07,2.2718970740243094e-06,0.9998175501823425]","[[0.9999999999884538,4.572835465112148e-06,1.4769953384905198e-06,0.0],[-4.572792235378729e-06,0.9999999995612551,-2.9267377352182477e-05,0.0],[-1.4771291727435932e-06,2.926737059785174e-05,0.9999999995706196,0.0],[4.3958425521850586e-07,-6.407499313354492e-07,-3.337860107421875e-06,1.0]]","[[0.9999999999884538,4.572834743252609e-06,1.476995135712117e-06,0.0],[-4.5130955240170596e-06,0.9992705683081349,-0.03818810119931192,0.0],[-1.6505456707139585e-06,0.03818810119220518,0.9992705683172348,0.0],[0.5859408378601074,-0.18378585577011108,-0.15396206080913544,1.0]]",2652130.643974002
37,capture_closed_mid_open_mid_closed,37,280,281,0.0,0.0,0.03816837817430496,-0.07777921855449677,"[4.4330954551696777e-07,-6.109476089477539e-07,-3.3527612686157227e-06,-1.4692779586766846e-05,-7.427635182466474e-07,2.3001593945082277e-06,1.0]","[0.5859408378601074,-0.1837858259677887,-0.15396204590797424,-0.019097594544291496,-7.865219231462106e-07,2.2855663246446056e-06,0.9998175501823425]","[[0.9999999999883151,4.600340615537773e-06,1.485459445023299e-06,0.0],[-4.600296962495138e-06,0.9999999995576629,-2.938556259048266e-05,0.0],[-1.4855946279632907e-06,2.9385555756584725e-05,0.999999999567141,0.0],[4.4330954551696777e-07,-6.109476089477539e-07,-3.3527612686157227e-06,1.0]]","[[0.9999999999883151,4.600340000547746e-06,1.4854592067851996e-06,0.0],[-4.540257293393975e-06,0.9992705637547961,-0.038188220386893686,0.0],[-1.6600544826737963e-06,0.03818822037970309,0.9992705637640065,0.0],[0.5859408378601074,-0.1837858259677887,-0.15396204590797424,1.0]]",2652130.685829929
38,capture_closed_mid_open_mid_closed,38,281,282,0.0,0.0,0.03816841170191765,-0.07778062671422958,"[4.4330954551696777e-07,-6.705522537231445e-07,-3.3527612686157227e-06,-1.4561884199792985e-05,-7.278824796230765e-07,2.2611038730246946e-06,1.0]","[0.5859408378601074,-0.18378590047359467,-0.1539621353149414,-0.0190974622964859,-7.708983389420609e-07,2.2468020688393153e-06,0.9998175501823425]","[[0.9999999999887151,4.522228944730148e-06,1.4556991073806277e-06,0.0],[-4.5221865473686305e-06,0.9999999995656779,-2.9123771691221756e-05,0.0],[-1.4558308111116783e-06,2.9123765107950183e-05,0.9999999995748434,0.0],[4.4330954551696777e-07,-6.705522537231445e-07,-3.3527612686157227e-06,1.0]]","[[0.9999999999887151,4.5222286843478256e-06,1.4556989417667264e-06,0.0],[-4.463339876498347e-06,0.9992705738575723,-0.038187955939408484,0.0],[-1.6273318129560277e-06,0.03818795593248026,0.99927057386648,0.0],[0.5859408378601074,-0.18378590047359467,-0.1539621353149414,1.0]]",2652130.729807477
39,capture_closed_mid_open_mid_closed,39,282,283,0.0,0.0,0.03816831484436989,-0.07777592539787292,"[4.414469003677368e-07,-6.407499313354492e-07,-3.3527612686157227e-06,-1.4633389582741074e-05,-7.384314244518464e-07,2.2863448521093233e-06,1.0]","[0.5859408378601074,-0.18378585577011108,-0.15396207571029663,-0.01909753493964672,-7.819270422260161e-07,2.271836820000317e-06,0.9998175501823425]","[[0.9999999999884547,4.572711315728075e-06,1.47679593495381e-06,0.0],[-4.572668092709218e-06,0.9999999995612731,-2.926678254209992e-05,0.0],[-1.4769297628535756e-06,2.9266775788864377e-05,0.9999999995706372,0.0],[4.414469003677368e-07,-6.407499313354492e-07,-3.3527612686157227e-06,1.0]]","[[0.9999999999884547,4.572710405591852e-06,1.476795793465217e-06,0.0],[-4.512978889555189e-06,0.9992705683081354,-0.038188101199311375,0.0],[-1.6503417256537448e-06,0.038188101192205726,0.9992705683172352,0.0],[0.5859408378601074,-0.18378585577011108,-0.15396207571029663,1.0]]",2652130.77447559
40,capture_closed_mid_open_mid_closed,40,283,284,0.0,0.0,0.03816835209727287,-0.0777791440486908,"[4.4051557779312134e-07,-6.109476089477539e-07,-3.3527612686157227e-06,-1.4692582226416562e-05,-7.426934303111921e-07,2.3001064164418494e-06,1.0]","[0.5859408378601074,-0.1837858259677887,-0.15396204590797424,-0.019097594544291496,-7.864508688726346e-07,2.28551471082028e-06,0.9998175501823425]","[[0.9999999999883158,4.600234657052287e-06,1.485319271617078e-06,0.0],[-4.600191008715111e-06,0.999999999557675,-2.9385167869380974e-05,0.0],[-1.4854544496276902e-06,2.9385161036285273e-05,0.9999999995671529,0.0],[4.4051557779312134e-07,-6.109476089477539e-07,-3.3527612686157227e-06,1.0]]","[[0.9999999999883158,4.600234077801545e-06,1.4853190955655058e-06,0.0],[-4.5401567985106045e-06,0.9992705637547965,-0.038188220386893276,0.0],[-1.6599104286545431e-06,0.0381882203797035,0.9992705637640067,0.0],[0.5859408378601074,-0.1837858259677887,-0.15396204590797424,1.0]]",2652130.81645915
41,capture_closed_mid_open_mid_closed,41,284,285,0.0,0.0,0.03816838562488556,-0.0777803510427475,"[4.4330954551696777e-07,-6.705522537231445e-07,-3.3527612686157227e-06,-1.4561710486304946e-05,-7.278686666722933e-07,2.2610720407101326e-06,1.0]","[0.5859408378601074,-0.18378590047359467,-0.1539621353149414,-0.0190974622964859,-7.708839007136703e-07,2.2467704638984287e-06,0.9998175501823425]","[[0.9999999999887155,4.522165279445857e-06,1.4556714831916957e-06,0.0],[-4.522122883394673e-06,0.9999999995656883,-2.9123424264136876e-05,0.0],[-1.4558031834974776e-06,2.912341768108291e-05,0.9999999995748536,0.0],[4.4330954551696777e-07,-6.705522537231445e-07,-3.3527612686157227e-06,1.0]]","[[0.9999999999887155,4.522164934531639e-06,1.4556712777267833e-06,0.0],[-4.46327722961625e-06,0.9992705738575727,-0.03818795593940837,0.0],[-1.6273017346194168e-06,0.03818795593248037,0.9992705738664801,0.0],[0.5859408378601074,-0.18378590047359467,-0.1539621353149414,1.0]]",2652130.861155156
42,capture_closed_mid_open_mid_closed,42,285,286,0.0,0.0,0.038168299943208694,-0.07777571678161621,"[4.414469003677368e-07,-6.407499313354492e-07,-3.3527612686157227e-06,-1.4633242244599387e-05,-7.38430344426888e-07,2.2863209778734017e-06,1.0]","[0.5859408378601074,-0.18378585577011108,-0.15396207571029663,-0.01909753493964672,-7.819255074537068e-07,2.2718129457643954e-06,0.9998175501823425]","[[0.9999999999884549,4.572663567007025e-06,1.47679377627634e-06,0.0],[-4.572620344486582e-06,0.9999999995612819,-2.926648786577635e-05,0.0],[-1.4769276014312123e-06,2.92664811126212e-05,0.9999999995706459,0.0],[4.414469003677368e-07,-6.407499313354492e-07,-3.3527612686157227e-06,1.0]]","[[0.9999999999884549,4.572662607210974e-06,1.4767936363587458e-06,0.0],[-4.5129312084157815e-06,0.9992705683081357,-0.038188101199311326,0.0],[-1.6503377447910549e-06,0.038188101192205774,0.9992705683172352,0.0],[0.5859408378601074,-0.18378585577011108,-0.15396207571029663,1.0]]",2652130.907476418
43,capture_closed_mid_open_mid_closed,43,286,287,0.0,0.0,0.038168348371982574,-0.07777897268533707,"[4.4051557779312134e-07,-6.109476089477539e-07,-3.3527612686157227e-06,-1.4692467630084138e-05,-7.426886554640078e-07,2.300084588569007e-06,1.0]","[0.5859408378601074,-0.1837858259677887,-0.15396204590797424,-0.019097594544291496,-7.864456392780994e-07,2.2854928829474375e-06,0.9998175501823425]","[[0.999999999988316,4.6001910009960735e-06,1.4853097230912875e-06,0.0],[-4.600147353279954e-06,0.999999999557682,-2.9384938676661737e-05,0.0],[-1.4854448987647435e-06,2.9384931843674816e-05,0.9999999995671596,0.0],[4.4051557779312134e-07,-6.109476089477539e-07,-3.3527612686157227e-06,1.0]]","[[0.999999999988316,4.6001902302754915e-06,1.4853094720044432e-06,0.0],[-4.5401133504752536e-06,0.9992705637547967,-0.03818822038689322,0.0],[-1.6598991376540193e-06,0.038188220379703555,0.9992705637640067,0.0],[0.5859408378601074,-0.1837858259677887,-0.15396204590797424,1.0]]",2652130.952125685
44,capture_closed_mid_open_mid_closed,44,287,288,0.0,0.0,0.03816838189959526,-0.07778022438287735,"[4.4330954551696777e-07,-6.705522537231445e-07,-3.3527612686157227e-06,-1.456163045077119e-05,-7.278688372025499e-07,2.261055897179176e-06,1.0]","[0.5859408378601074,-0.18378590047359467,-0.1539621353149414,-0.0190974622964859,-7.708837870268326e-07,2.2467543203674722e-06,0.9998175501823425]","[[0.9999999999887157,4.5221329922724e-06,1.4556718250842934e-06,0.0],[-4.522090596444304e-06,0.9999999995656931,-2.9123264193046633e-05,0.0],[-1.4558035237259063e-06,2.9123257610038128e-05,0.9999999995748583,0.0],[4.4330954551696777e-07,-6.705522537231445e-07,-3.3527612686157227e-06,1.0]]","[[0.9999999999887157,4.5221326490182345e-06,1.4556716669955397e-06,0.0],[-4.463244952787366e-06,0.9992705738575728,-0.038187955939408345,0.0],[-1.627300890686278e-06,0.0381879559324804,0.9992705738664801,0.0],[0.5859408378601074,-0.18378590047359467,-0.1539621353149414,1.0]]",2652131.000956336
45,capture_closed_mid_open_mid_closed,45,288,289,0.0,0.0,0.038168296217918396,-0.07777561992406845,"[4.414469003677368e-07,-6.407499313354492e-07,-3.3527612686157227e-06,-1.4633171304012649e-05,-7.384243758679077e-07,2.286309381815954e-06,1.0]","[0.5859408378601074,-0.18378585577011108,-0.15396207571029663,-0.01909753493964672,-7.81919311521051e-07,2.2718015770806232e-06,0.9998175501823425]","[[0.999999999988455,4.572640374612683e-06,1.4767818398221391e-06,0.0],[-4.572597152651134e-06,0.9999999995612862,-2.9266345984558454e-05,0.0],[-1.4769156636494915e-06,2.926633923149214e-05,0.99999999957065,0.0],[4.414469003677368e-07,-6.407499313354492e-07,-3.3527612686157227e-06,1.0]]","[[0.999999999988455,4.572639637337777e-06,1.4767816809819988e-06,0.0],[-4.512908711850747e-06,0.9992705683081358,-0.038188101199311285,0.0],[-1.6503249209589657e-06,0.038188101192205816,0.9992705683172352,0.0],[0.5859408378601074,-0.18378585577011108,-0.15396207571029663,1.0]]",2652131.047261858
46,capture_closed_mid_open_mid_closed,46,289,290,0.0,0.0,0.03816835209727287,-0.0777788981795311,"[4.4051557779312134e-07,-6.109476089477539e-07,-3.3527612686157227e-06,-1.4692397598992102e-05,-7.426766046592093e-07,2.300084588569007e-06,1.0]","[0.5859408378601074,-0.1837858259677887,-0.15396204590797424,-0.019097592681646347,-7.864335884733009e-07,2.285493110321113e-06,0.9998175501823425]","[[0.9999999999883161,4.60019100053794e-06,1.4852856218038453e-06,0.0],[-4.600147353738088e-06,0.9999999995576861,-2.9384798614422228e-05,0.0],[-1.4854207968329917e-06,2.938479178154618e-05,0.9999999995671638,0.0],[4.4051557779312134e-07,-6.109476089477539e-07,-3.3527612686157227e-06,1.0]]","[[0.9999999999883161,4.600190221727412e-06,1.4852853746217252e-06,0.0],[-4.540114268352098e-06,0.9992705638970849,-0.038188216662282545,0.0],[-1.6598750406122118e-06,0.03818821665509299,0.9992705639062949,0.0],[0.5859408378601074,-0.1837858259677887,-0.15396204590797424,1.0]]",2652131.094055659
47,capture_closed_mid_open_mid_closed,47,290,291,0.0,0.0,0.03816838562488556,-0.07778020948171616,"[4.4330954551696777e-07,-6.705522537231445e-07,-3.337860107421875e-06,-1.4561564967152663e-05,-7.278557063727931e-07,2.2610488485952374e-06,1.0]","[0.5859408378601074,-0.18378590047359467,-0.1539621204137802,-0.0190974622964859,-7.70870542510238e-07,2.246747499157209e-06,0.9998175501823425]","[[0.9999999999887158,4.5221188946267845e-06,1.4556455639261806e-06,0.0],[-4.522076499754165e-06,0.999999999565697,-2.9123133225739938e-05,0.0],[-1.4557772615649916e-06,2.9123126642870712e-05,0.9999999995748621,0.0],[4.4330954551696777e-07,-6.705522537231445e-07,-3.337860107421875e-06,1.0]]","[[0.9999999999887158,4.5221185032134525e-06,1.4556454433308814e-06,0.0],[-4.463231818729209e-06,0.9992705738575729,-0.038187955939408276,0.0],[-1.6272741459503966e-06,0.03818795593248047,0.9992705738664801,0.0],[0.5859408378601074,-0.18378590047359467,-0.1539621204137802,1.0]]",2652131.136400677
48,capture_closed_mid_open_mid_closed,48,291,292,0.0,0.0,0.0381682887673378,-0.0777752548456192,"[4.414469003677368e-07,-6.407499313354492e-07,-3.3527612686157227e-06,-1.4633174941991456e-05,-7.3847365911206e-07,2.286315520905191e-06,1.0]","[0.5859408378601074,-0.18378585577011108,-0.15396207571029663,-0.01909753493964672,-7.81968708452041e-07,2.2718068066751584e-06,0.9998175501823425]","[[0.9999999999884548,4.57265265423887e-06,1.4768804061141399e-06,0.0],[-4.572609429381894e-06,0.9999999995612859,-2.926635326075049e-05,0.0],[-1.4770142303341e-06,2.9266346507215333e-05,0.9999999995706497,0.0],[4.414469003677368e-07,-6.407499313354492e-07,-3.3527612686157227e-06,1.0]]","[[0.9999999999884548,4.5726519813378015e-06,1.476880257074328e-06,0.0],[-4.512917282412309e-06,0.9992705683081358,-0.038188101199311514,0.0],[-1.6504238965407524e-06,0.03818810119220559,0.999270568317235,0.0],[0.5859408378601074,-0.18378585577011108,-0.15396207571029663,1.0]]",2652131.181283469
49,capture_closed_mid_open_mid_closed,49,292,293,0.0,0.0,0.038168348371982574,-0.07777868211269379,"[4.4051557779312134e-07,-6.109476089477539e-07,-3.3527612686157227e-06,-1.4692403965455014e-05,-7.427030368489795e-07,2.3000870896794368e-06,1.0]","[0.5859408378601074,-0.1837858259677887,-0.15396204590797424,-0.019097592681646347,-7.8646007750649e-07,2.285495156684192e-06,0.9998175501823425]","[[0.999999999988316,4.600196003544961e-06,1.4853384860806046e-06,0.0],[-4.600152355172786e-06,0.9999999995576857,-2.9384811347473363e-05,0.0],[-1.4854736613153136e-06,2.9384804514346694e-05,0.9999999995671633,0.0],[4.4051557779312134e-07,-6.109476089477539e-07,-3.3527612686157227e-06,1.0]]","[[0.999999999988316,4.600195325460386e-06,1.4853382648610478e-06,0.0],[-4.540117348578006e-06,0.9992705638970849,-0.03818821666228267,0.0],[-1.6599280871739686e-06,0.038188216655092866,0.9992705639062948,0.0],[0.5859408378601074,-0.1837858259677887,-0.15396204590797424,1.0]]",2652131.227917226
50,capture_closed_mid_open_mid_closed,50,293,294,0.0,0.0,0.03816838562488556,-0.07778004556894302,"[4.4330954551696777e-07,-6.705522537231445e-07,-3.337860107421875e-06,-1.4561572243110277e-05,-7.27874919448368e-07,2.2610508949583163e-06,1.0]","[0.5859408378601074,-0.18378590047359467,-0.1539621204137802,-0.0190974622964859,-7.70889755585813e-07,2.246749090772937e-06,0.9998175501823425]","[[0.9999999999887157,4.5221229879230795e-06,1.4556839899848314e-06,0.0],[-4.522080591910186e-06,0.9999999995656965,-2.912314777774503e-05,0.0],[-1.4558156878086407e-06,2.9123141194696077e-05,0.9999999995748616,0.0],[4.4330954551696777e-07,-6.705522537231445e-07,-3.337860107421875e-06,1.0]]","[[0.9999999999887157,4.5221224197061015e-06,1.4556838016795444e-06,0.0],[-4.463234267537912e-06,0.9992705738575728,-0.038187955939408366,0.0],[-1.627312625882345e-06,0.03818795593248038,0.9992705738664801,0.0],[0.5859408378601074,-0.18378590047359467,-0.1539621204137802,1.0]]",2652131.272415655
51,capture_closed_mid_open_mid_closed,51,294,295,0.0,0.0,0.0381682887673378,-0.07777518033981323,"[4.414469003677368e-07,-6.407499313354492e-07,-3.3527612686157227e-06,-1.4633180398959666e-05,-7.384762170659087e-07,2.2863162030262174e-06,1.0]","[0.5859408378601074,-0.18378585577011108,-0.15396207571029663,-0.01909753493964672,-7.819712664058898e-07,2.2718074887961848e-06,0.9998175501823425]","[[0.9999999999884548,4.5726540185638446e-06,1.4768855219769215e-06,0.0],[-4.572610793541025e-06,0.9999999995612856,-2.9266364174699613e-05,0.0],[-1.4770193462867133e-06,2.9266357421139053e-05,0.9999999995706493,0.0],[4.414469003677368e-07,-6.407499313354492e-07,-3.3527612686157227e-06,1.0]]","[[0.9999999999884548,4.572653443032175e-06,1.4768853459949688e-06,0.0],[-4.5129185487042295e-06,0.9992705683081358,-0.03818810119931153,0.0],[-1.6504290375687137e-06,0.03818810119220557,0.999270568317235,0.0],[0.5859408378601074,-0.18378585577011108,-0.15396207571029663,1.0]]",2652131.315579473
52,capture_closed_mid_open_mid_closed,52,295,296,0.0,0.0,0.038168348371982574,-0.0777786374092102,"[4.4051557779312134e-07,-6.109476089477539e-07,-3.3527612686157227e-06,-1.469241215090733e-05,-7.426955335176899e-07,2.3000875444267876e-06,1.0]","[0.5859408378601074,-0.1837858259677887,-0.15396204590797424,-0.019097592681646347,-7.864525741752004e-07,2.2854956114315428e-06,0.9998175501823425]","[[0.999999999988316,4.600196912831338e-06,1.485323479367008e-06,0.0],[-4.600153264875813e-06,0.9999999995576853,-2.9384827718344154e-05,0.0],[-1.4854586547037516e-06,2.9384820885285167e-05,0.9999999995671629,0.0],[4.4051557779312134e-07,-6.109476089477539e-07,-3.3527612686157227e-06,1.0]]","[[0.999999999988316,4.600195948198021e-06,1.485323243567272e-06,0.0],[-4.5401185444979e-06,0.9992705638970849,-0.038188216662282636,0.0],[-1.6599131006185116e-06,0.0381882166550929,0.9992705639062949,0.0],[0.5859408378601074,-0.1837858259677887,-0.15396204590797424,1.0]]",2652131.359917898
53,capture_closed_mid_open_mid_closed,53,296,297,0.0,0.0,0.03816838562488556,-0.07778000831604004,"[4.4330954551696777e-07,-6.705522537231445e-07,-3.337860107421875e-06,-1.456157406209968e-05,-7.278660518750257e-07,2.261051122331992e-06,1.0]","[0.5859408378601074,-0.18378590047359467,-0.1539621204137802,-0.0190974622964859,-7.708808880124707e-07,2.246749545520288e-06,0.9998175501823425]","[[0.9999999999887157,4.522123442414827e-06,1.4556662548232994e-06,0.0],[-4.52208104691314e-06,0.9999999995656964,-2.9123151415684067e-05,0.0],[-1.4557979526768036e-06,2.9123144832714654e-05,0.9999999995748615,0.0],[4.4330954551696777e-07,-6.705522537231445e-07,-3.337860107421875e-06,1.0]]","[[0.9999999999887157,4.522122990338571e-06,1.4556660523995933e-06,0.0],[-4.463235515562972e-06,0.9992705738575728,-0.038187955939408325,0.0],[-1.6272949113404754e-06,0.03818795593248042,0.9992705738664801,0.0],[0.5859408378601074,-0.18378590047359467,-0.1539621204137802,1.0]]",2652131.40795087
54,capture_closed_mid_open_mid_closed,54,297,298,0.0,0.0,0.0381682924926281,-0.07777516543865204,"[4.414469003677368e-07,-6.407499313354492e-07,-3.3527612686157227e-06,-1.4633171304012649e-05,-7.38473261208128e-07,2.2863141566631384e-06,1.0]","[0.5859408378601074,-0.18378585577011108,-0.15396207571029663,-0.01909753493964672,-7.81968310548109e-07,2.2718054424331058e-06,0.9998175501823425]","[[0.9999999999884549,4.572649925737746e-06,1.4768796103628375e-06,0.0],[-4.572606700914808e-06,0.9999999995612862,-2.926634598478904e-05,0.0],[-1.4770134344696743e-06,2.9266339231261555e-05,0.9999999995706499,0.0],[4.414469003677368e-07,-6.407499313354492e-07,-3.3527612686157227e-06,1.0]]","[[0.9999999999884549,4.572649238153539e-06,1.4768795135189795e-06,0.0],[-4.512914569623983e-06,0.9992705683081358,-0.03818810119931151,0.0],[-1.6504230487707628e-06,0.038188101192205594,0.999270568317235,0.0],[0.5859408378601074,-0.18378585577011108,-0.15396207571029663,1.0]]",2652131.452592592
55,capture_closed_mid_open_mid_closed,55,298,299,0.0,0.0,0.03816835209727287,-0.0777786374092102,"[4.4051557779312134e-07,-6.109476089477539e-07,-3.3527612686157227e-06,-1.4692404874949716e-05,-7.426936576848675e-07,2.3000854980637087e-06,1.0]","[0.5859408378601074,-0.1837858259677887,-0.15396204590797424,-0.019097592681646347,-7.86450698342378e-07,2.2854937924421392e-06,0.9998175501823425]","[[0.999999999988316,4.600192820039251e-06,1.485319727794966e-06,0.0],[-4.600149172215584e-06,0.9999999995576857,-2.9384813166417253e-05,0.0],[-1.485454902944504e-06,2.938480633338161e-05,0.9999999995671633,0.0],[4.4051557779312134e-07,-6.109476089477539e-07,-3.3527612686157227e-06,1.0]]","[[0.999999999988316,4.6001922392351795e-06,1.4853195620627554e-06,0.0],[-4.540114978830624e-06,0.9992705638970849,-0.03818821666228262,0.0],[-1.65990928016072e-06,0.038188216655092914,0.9992705639062949,0.0],[0.5859408378601074,-0.1837858259677887,-0.15396204590797424,1.0]]",2652131.500554679
56,capture_closed_mid_open_mid_closed,56,299,300,0.0,0.0,0.038168393075466156,-0.07778002321720123,"[4.4330954551696777e-07,-6.705522537231445e-07,-3.337860107421875e-06,-1.4561572243110277e-05,-7.278709404090478e-07,2.2610499854636146e-06,1.0]","[0.5859408378601074,-0.18378590047359467,-0.1539621204137802,-0.0190974622964859,-7.708857765464927e-07,2.2467484086519107e-06,0.9998175501823425]","[[0.9999999999887157,4.522121168817794e-06,1.4556760319326782e-06,0.0],[-4.522078773036664e-06,0.9999999995656965,-2.912314777772571e-05,0.0],[-1.4558077297035128e-06,2.9123141194715396e-05,0.9999999995748616,0.0],[4.4330954551696777e-07,-6.705522537231445e-07,-3.337860107421875e-06,1.0]]","[[0.9999999999887157,4.522120903733848e-06,1.455675871106415e-06,0.0],[-4.463233055523872e-06,0.9992705738575729,-0.038187955939408345,0.0],[-1.6273046432020932e-06,0.0381879559324804,0.9992705738664801,0.0],[0.5859408378601074,-0.18378590047359467,-0.1539621204137802,1.0]]",2652131.545473649
57,capture_closed_mid_open_mid_closed,57,300,301,0.0,0.0,0.038168296217918396,-0.07777517288923264,"[4.414469003677368e-07,-6.407499313354492e-07,-3.3527612686157227e-06,-1.463317221350735e-05,-7.384794002973649e-07,2.2863166577735683e-06,1.0]","[0.5859408378601074,-0.18378585577011108,-0.15396207571029663,-0.01909753493964672,-7.81974449637346e-07,2.2718077161698602e-06,0.9998175501823425]","[[0.9999999999884548,4.5726549281396175e-06,1.4768918884639543e-06,0.0],[-4.572611702954656e-06,0.999999999561286,-2.926634780381021e-05,0.0],[-1.4770257127255054e-06,2.926634105021919e-05,0.9999999995706499,0.0],[4.414469003677368e-07,-6.407499313354492e-07,-3.3527612686157227e-06,1.0]]","[[0.9999999999884548,4.572654019280305e-06,1.4768917026117678e-06,0.0],[-4.512918881784864e-06,0.9992705683081358,-0.03818810119931154,0.0],[-1.6504354115546195e-06,0.03818810119220556,0.9992705683172349,0.0],[0.5859408378601074,-0.18378585577011108,-0.15396207571029663,1.0]]",2652131.591728564
58,capture_closed_mid_open_mid_closed,58,301,302,0.0,0.0,0.03816835582256317,-0.0777786523103714,"[4.4051557779312134e-07,-6.109476089477539e-07,-3.3527612686157227e-06,-1.469240669393912e-05,-7.426951924571767e-07,2.3000870896794368e-06,1.0]","[0.5859408378601074,-0.1837858259677887,-0.15396204590797424,-0.019097592681646347,-7.864522331146873e-07,2.285495156684192e-06,0.9998175501823425]","[[0.999999999988316,4.600196003318508e-06,1.4853227972844474e-06,0.0],[-4.600152355399239e-06,0.9999999995576856,-2.9384816804405486e-05,0.0],[-1.4854579725442596e-06,2.9384809971350992e-05,0.9999999995671632,0.0],[4.4051557779312134e-07,-6.109476089477539e-07,-3.3527612686157227e-06,1.0]]","[[0.999999999988316,4.600195025842387e-06,1.485322578939858e-06,0.0],[-4.540117648196005e-06,0.9992705638970849,-0.038188216662282636,0.0],[-1.6599124012527787e-06,0.0381882166550929,0.9992705639062949,0.0],[0.5859408378601074,-0.1837858259677887,-0.15396204590797424,1.0]]",2652131.635586975
59,capture_closed_mid_open_mid_closed,59,302,303,0.0,0.0,0.038168393075466156,-0.07778003066778183,"[4.4330954551696777e-07,-6.705522537231445e-07,-3.337860107421875e-06,-1.4561575881089084e-05,-7.278728162418702e-07,2.261051122331992e-06,1.0]","[0.5859408378601074,-0.18378590047359467,-0.1539621204137802,-0.0190974622964859,-7.708876523793151e-07,2.2467493181466125e-06,0.9998175501823425]","[[0.9999999999887157,4.5221234426144745e-06,1.4556797835487627e-06,0.0],[-4.522081046713493e-06,0.9999999995656963,-2.9123155053693465e-05,0.0],[-1.455811481418718e-06,2.912314847066287e-05,0.9999999995748614,0.0],[4.4330954551696777e-07,-6.705522537231445e-07,-3.337860107421875e-06,1.0]]","[[0.9999999999887157,4.52212279403867e-06,1.4556795873494875e-06,0.0],[-4.463234802534108e-06,0.9992705738575728,-0.03818795593940836,0.0],[-1.627308428921329e-06,0.03818795593248039,0.9992705738664801,0.0],[0.5859408378601074,-0.18378590047359467,-0.1539621204137802,1.0]]",2652131.680648497
60,capture_closed_mid_open_mid_closed,60,303,304,0.0,0.0,0.038168296217918396,-0.07777518779039383,"[4.414469003677368e-07,-6.407499313354492e-07,-3.3527612686157227e-06,-1.4633178579970263e-05,-7.384783771158254e-07,2.2863162030262174e-06,1.0]","[0.5859408378601074,-0.18378585577011108,-0.15396207571029663,-0.01909753493964672,-7.819734264558065e-07,2.2718072614225093e-06,0.9998175501823425]","[[0.9999999999884548,4.572654018624374e-06,1.4768898420850726e-06,0.0],[-4.572610793480495e-06,0.9999999995612857,-2.9266360536730683e-05,0.0],[-1.477023666378229e-06,2.926635378315037e-05,0.9999999995706494,0.0],[4.414469003677368e-07,-6.407499313354492e-07,-3.3527612686157227e-06,1.0]]","[[0.9999999999884548,4.572653070871049e-06,1.4768896739911542e-06,0.0],[-4.51291801153659e-06,0.9992705683081358,-0.038188101199311535,0.0],[-1.6504333481957923e-06,0.038188101192205566,0.9992705683172349,0.0],[0.5859408378601074,-0.18378585577011108,-0.15396207571029663,1.0]]",2652131.725232159
61,capture_closed_mid_open_mid_closed,61,304,305,0.0,0.0,0.03816835582256317,-0.0777786448597908,"[4.4051557779312134e-07,-6.109476089477539e-07,-3.3527612686157227e-06,-1.4692418517370243e-05,-7.426976935676066e-07,2.3000895907898666e-06,1.0]","[0.5859408378601074,-0.1837858259677887,-0.15396204590797424,-0.019097592681646347,-7.86454791068536e-07,2.2854976577946218e-06,0.9998175501823425]","[[0.999999999988316,4.600201005630425e-06,1.4853277993774226e-06,0.0],[-4.600157357529041e-06,0.9999999995576848,-2.9384840451282952e-05,0.0],[-1.485462974893004e-06,2.938483361819802e-05,0.9999999995671625,0.0],[4.4051557779312134e-07,-6.109476089477539e-07,-3.3527612686157227e-06,1.0]]","[[0.999999999988316,4.600200124852113e-06,1.4853275983837825e-06,0.0],[-4.540122551802689e-06,0.9992705638970849,-0.03818821666228265,0.0],[-1.6599176117574563e-06,0.03818821665509289,0.9992705639062949,0.0],[0.5859408378601074,-0.1837858259677887,-0.15396204590797424,1.0]]",2652131.771165251
62,capture_closed_mid_open_mid_closed,62,305,306,0.0,0.0,0.038168393075466156,-0.07778003811836243,"[4.4330954551696777e-07,-6.705522537231445e-07,-3.337860107421875e-06,-1.4561581338057294e-05,-7.278725888681947e-07,2.2610515770793427e-06,1.0]","[0.5859408378601074,-0.18378590047359467,-0.1539621204137802,-0.0190974622964859,-7.708874818490585e-07,2.2467497728939634e-06,0.9998175501823425]","[[0.9999999999887157,4.5221243521104985e-06,1.455679328763491e-06,0.0],[-4.522081956206872e-06,0.999999999565696,-2.9123165967629517e-05,0.0],[-1.4558110267092879e-06,2.912315938459966e-05,0.9999999995748611,0.0],[4.4330954551696777e-07,-6.705522537231445e-07,-3.337860107421875e-06,1.0]]","[[0.9999999999887157,4.5221236968540445e-06,1.45567922898216e-06,0.0],[-4.463235718376263e-06,0.9992705738575728,-0.03818795593940835,0.0],[-1.627308105292083e-06,0.038187955932480394,0.9992705738664801,0.0],[0.5859408378601074,-0.18378590047359467,-0.1539621204137802,1.0]]",2652131.815191482
63,capture_closed_mid_open_mid_closed,63,306,307,0.0,0.0,0.038168296217918396,-0.07777516543865204,"[4.414469003677368e-07,-6.407499313354492e-07,-3.3527612686157227e-06,-1.4633180398959666e-05,-7.384782065855688e-07,2.28631756726827e-06,1.0]","[0.5859408378601074,-0.18378585577011108,-0.15396207571029663,-0.01909753493964672,-7.819733127689688e-07,2.271808625664562e-06,0.9998175501823425]","[[0.9999999999884548,4.572656747106176e-06,1.4768895009763154e-06,0.0],[-4.5726135219669045e-06,0.9999999995612856,-2.9266364174710726e-05,0.0],[-1.47702332536596e-06,2.926635742112794e-05,0.9999999995706493,0.0],[4.414469003677368e-07,-6.407499313354492e-07,-3.3527612686157227e-06,1.0]]","[[0.9999999999884548,4.572655794515067e-06,1.4768893945516426e-06,0.0],[-4.51292074386516e-06,0.9992705683081358,-0.038188101199311535,0.0],[-1.6504331729709216e-06,0.038188101192205566,0.9992705683172349,0.0],[0.5859408378601074,-0.18378585577011108,-0.15396207571029663,1.0]]",2652131.86118062
64,capture_closed_mid_open_mid_closed,64,307,308,0.0,0.0,0.03816835582256317,-0.07777862995862961,"[4.4051557779312134e-07,-6.109476089477539e-07,-3.3527612686157227e-06,-1.4692417607875541e-05,-7.426959314216219e-07,2.3000875444267876e-06,1.0]","[0.5859408378601074,-0.1837858259677887,-0.15396204590797424,-0.019097592681646347,-7.864529720791325e-07,2.2854956114315428e-06,0.9998175501823425]","[[0.999999999988316,4.600196912851135e-06,1.485324275149769e-06,0.0],[-4.600153264856015e-06,0.9999999995576849,-2.9384838632282405e-05,0.0],[-1.4854594505367187e-06,2.938483179921976e-05,0.9999999995671626,0.0],[4.4051557779312134e-07,-6.109476089477539e-07,-3.3527612686157227e-06,1.0]]","[[0.999999999988316,4.600195963396035e-06,1.4853240392299411e-06,0.0],[-4.540118529299886e-06,0.9992705638970849,-0.038188216662282636,0.0],[-1.6599138962811806e-06,0.0381882166550929,0.9992705639062949,0.0],[0.5859408378601074,-0.1837858259677887,-0.15396204590797424,1.0]]",2652131.905316249
65,capture_closed_mid_open_mid_closed,65,308,309,0.0,0.0,0.038168393075466156,-0.07778002321720123,"[4.4330954551696777e-07,-6.705522537231445e-07,-3.337860107421875e-06,-1.4561581338057294e-05,-7.278715656866552e-07,2.261052259200369e-06,1.0]","[0.5859408378601074,-0.18378590047359467,-0.1539621204137802,-0.0190974622964859,-7.70886458667519e-07,2.246750682388665e-06,0.9998175501823425]","[[0.9999999999887157,4.5221257163227526e-06,1.4556772823805466e-06,0.0],[-4.5220833204787235e-06,0.999999999565696,-2.9123165967625885e-05,0.0],[-1.4558089803660744e-06,2.9123159384603293e-05,0.9999999995748611,0.0],[4.4330954551696777e-07,-6.705522537231445e-07,-3.337860107421875e-06,1.0]]","[[0.9999999999887157,4.522125476431232e-06,1.455677148254358e-06,0.0],[-4.463237576114134e-06,0.9992705738575728,-0.03818795593940835,0.0],[-1.627306094040444e-06,0.038187955932480394,0.9992705738664801,0.0],[0.5859408378601074,-0.18378590047359467,-0.1539621204137802,1.0]]",2652131.948765881
66,capture_closed_mid_open_mid_closed,66,309,310,0.0,0.0,0.038168299943208694,-0.07777515053749084,"[4.414469003677368e-07,-6.407499313354492e-07,-3.3527612686157227e-06,-1.4633185855927877e-05,-7.384723517134262e-07,2.2863168851472437e-06,1.0]","[0.5859408378601074,-0.18378585577011108,-0.15396207571029663,-0.01909753493964672,-7.819674010534072e-07,2.271808170917211e-06,0.9998175501823425]","[[0.9999999999884548,4.572655382700831e-06,1.4768777912270406e-06,0.0],[-4.572612157888144e-06,0.9999999995612853,-2.926637508861937e-05,0.0],[-1.477011615626664e-06,2.926636833509214e-05,0.9999999995706491,0.0],[4.414469003677368e-07,-6.407499313354492e-07,-3.3527612686157227e-06,1.0]]","[[0.9999999999884548,4.572654659387913e-06,1.4768775906468092e-06,0.0],[-4.512920060334785e-06,0.9992705683081358,-0.03818810119931151,0.0],[-1.6504213343278746e-06,0.038188101192205594,0.999270568317235,0.0],[0.5859408378601074,-0.18378585577011108,-0.15396207571029663,1.0]]",2652131.995077564
67,capture_closed_mid_open_mid_closed,67,310,311,0.0,0.0,0.03816835954785347,-0.07777862250804901,"[4.4051557779312134e-07,-6.109476089477539e-07,-3.3527612686157227e-06,-1.4692419426864944e-05,-7.426908155139245e-07,2.300087317053112e-06,1.0]","[0.5859408378601074,-0.1837858259677887,-0.15396204590797424,-0.019097592681646347,-7.86447856171435e-07,2.2854956114315428e-06,0.9998175501823425]","[[0.999999999988316,4.600196457956157e-06,1.4853140433326879e-06,0.0],[-4.600152810256292e-06,0.9999999995576848,-2.938484227023734e-05,0.0],[-1.48544921872301e-06,2.938483543722244e-05,0.9999999995671625,0.0],[4.4051557779312134e-07,-6.109476089477539e-07,-3.3527612686157227e-06,1.0]]","[[0.999999999988316,4.600195767992993e-06,1.485313809281339e-06,0.0],[-4.540118724702928e-06,0.9992705638970849,-0.038188216662282615,0.0],[-1.6599036663325785e-06,0.03818821665509292,0.9992705639062949,0.0],[0.5859408378601074,-0.1837858259677887,-0.15396204590797424,1.0]]",2652132.04199944
68,capture_closed_mid_open_mid_closed,68,311,312,0.0,0.0,0.038168396800756454,-0.07778020948171616,"[4.4330954551696777e-07,-6.705522537231445e-07,-3.337860107421875e-06,-1.4561592251993716e-05,-7.278692351064819e-07,2.26105271394772e-06,1.0]","[0.5859408378601074,-0.18378590047359467,-0.1539621204137802,-0.0190974622964859,-7.708841280873457e-07,2.246751137136016e-06,0.9998175501823425]","[[0.9999999999887157,4.5221266257654685e-06,1.4556726211576023e-06,0.0],[-4.522084230025411e-06,0.9999999995656953,-2.912318779548885e-05,0.0],[-1.4558043192683254e-06,2.912318121248601e-05,0.9999999995748605,0.0],[4.4330954551696777e-07,-6.705522537231445e-07,-3.337860107421875e-06,1.0]]","[[0.9999999999887157,4.522126296743663e-06,1.4556724705753986e-06,0.0],[-4.463238574459233e-06,0.9992705738575728,-0.038187955939408345,0.0],[-1.6273014510995661e-06,0.0381879559324804,0.9992705738664801,0.0],[0.5859408378601074,-0.18378590047359467,-0.1539621204137802,1.0]]",2652132.089935466
69,capture_closed_mid_open_mid_closed,69,312,313,0.0,0.0,0.038168299943208694,-0.07777523249387741,"[4.414469003677368e-07,-6.407499313354492e-07,-3.3527612686157227e-06,-1.4633185855927877e-05,-7.384752507277881e-07,2.2863168851472437e-06,1.0]","[0.5859408378601074,-0.18378585577011108,-0.15396207571029663,-0.01909753493964672,-7.819703000677691e-07,2.271808170917211e-06,0.9998175501823425]","[[0.9999999999884548,4.572655382785675e-06,1.4768835892557644e-06,0.0],[-4.5726121578033e-06,0.9999999995612853,-2.9266375088632623e-05,0.0],[-1.4770174136553879e-06,2.9266368335078886e-05,0.999999999570649,0.0],[4.414469003677368e-07,-6.407499313354492e-07,-3.3527612686157227e-06,1.0]]","[[0.9999999999884548,4.572654770115969e-06,1.4768833876176837e-06,0.0],[-4.512919949606729e-06,0.9992705683081358,-0.03818810119931152,0.0],[-1.6504271312987491e-06,0.03818810119220558,0.999270568317235,0.0],[0.5859408378601074,-0.18378585577011108,-0.15396207571029663,1.0]]",2652132.135031374
70,capture_closed_mid_open_mid_closed,70,313,314,0.0,0.0,0.03816835954785347,-0.07777868211269379,"[4.4051557779312134e-07,-6.109476089477539e-07,-3.3527612686157227e-06,-1.4692416698380839e-05,-7.426911565744376e-07,2.300087771800463e-06,1.0]","[0.5859408378601074,-0.1837858259677887,-0.15396204590797424,-0.019097592681646347,-7.864481972319481e-07,2.2854960661788937e-06,0.9998175501823425]","[[0.999999999988316,4.600197367456828e-06,1.485314725452903e-06,0.0],[-4.600153719745025e-06,0.9999999995576849,-2.938483681327137e-05,0.0],[-1.4854499008448476e-06,2.9384829980251985e-05,0.9999999995671626,0.0],[4.4051557779312134e-07,-6.109476089477539e-07,-3.3527612686157227e-06,1.0]]","[[0.999999999988316,4.600196690348626e-06,1.4853144739087531e-06,0.0],[-4.540119621004824e-06,0.9992705638970849,-0.038188216662282615,0.0],[-1.6599043656983114e-06,0.03818821665509292,0.9992705639062949,0.0],[0.5859408378601074,-0.1837858259677887,-0.15396204590797424,1.0]]",2652132.176426042
71,capture_closed_mid_open_mid_closed,71,314,315,0.0,0.0,0.038168396800756454,-0.07778023183345795,"[4.4330954551696777e-07,-6.705522537231445e-07,-3.337860107421875e-06,-1.4561584976036102e-05,-7.278717930603307e-07,2.2610529413213953e-06,1.0]","[0.5859408378601074,-0.18378590047359467,-0.1539621204137802,-0.0190974622964859,-7.708866860411945e-07,2.2467513645096915e-06,0.9998175501823425]","[[0.9999999999887157,4.522127080576723e-06,1.4556777370915807e-06,0.0],[-4.522084684708858e-06,0.9999999995656957,-2.912317324358552e-05,0.0],[-1.455809435149742e-06,2.9123166660558887e-05,0.9999999995748609,0.0],[4.4330954551696777e-07,-6.705522537231445e-07,-3.337860107421875e-06,1.0]]","[[0.9999999999887157,4.522126849108899e-06,1.4556775768651792e-06,0.0],[-4.463238931422761e-06,0.9992705738575728,-0.03818795593940835,0.0],[-1.6273065747583876e-06,0.038187955932480394,0.9992705738664801,0.0],[0.5859408378601074,-0.18378590047359467,-0.1539621204137802,1.0]]",2652132.219478157
72,capture_closed_mid_open_mid_closed,72,315,316,0.0,0.0,0.038168299943208694,-0.0777752622961998,"[4.414469003677368e-07,-6.407499313354492e-07,-3.3527612686157227e-06,-1.463318221794907e-05,-7.384782065855688e-07,2.286318476762972e-06,1.0]","[0.5859408378601074,-0.18378585577011108,-0.15396207571029663,-0.01909753493964672,-7.819733127689688e-07,2.2718095351592638e-06,0.9998175501823425]","[[0.9999999999884548,4.572658566098265e-06,1.4768895009413802e-06,0.0],[-4.572615340953622e-06,0.9999999995612855,-2.9266367812690875e-05,0.0],[-1.4770233254008952e-06,2.9266361059105405e-05,0.9999999995706492,0.0],[4.414469003677368e-07,-6.407499313354492e-07,-3.3527612686157227e-06,1.0]]","[[0.9999999999884548,4.572657613172596e-06,1.4768893598134289e-06,0.0],[-4.5129225625226895e-06,0.9992705683081357,-0.03818810119931154,0.0],[-1.6504332077091353e-06,0.03818810119220556,0.9992705683172349,0.0],[0.5859408378601074,-0.18378585577011108,-0.15396207571029663,1.0]]",2652132.263111308
73,capture_closed_mid_open_mid_closed,73,316,317,0.0,0.0,0.03816835954785347,-0.07777868956327438,"[4.4051557779312134e-07,-6.109476089477539e-07,-3.3527612686157227e-06,-1.4692419426864944e-05,-7.426934871546109e-07,2.3000879991741385e-06,1.0]","[0.5859408378601074,-0.1837858259677887,-0.15396204590797424,-0.019097592681646347,-7.864505846555403e-07,2.285496293552569e-06,0.9998175501823425]","[[0.999999999988316,4.600197822276715e-06,1.4853193865940168e-06,0.0],[-4.600154174419839e-06,0.9999999995576848,-2.938484227025064e-05,0.0],[-1.4854545620244269e-06,2.9384835437209137e-05,0.9999999995671625,0.0],[4.4051557779312134e-07,-6.109476089477539e-07,-3.3527612686157227e-06,1.0]]","[[0.999999999988316,4.600197236201096e-06,1.4853192392001878e-06,0.0],[-4.5401199844811185e-06,0.9992705638970849,-0.03818821666228263,0.0],[-1.6599091483589054e-06,0.03818821665509291,0.9992705639062949,0.0],[0.5859408378601074,-0.1837858259677887,-0.15396204590797424,1.0]]",2652132.309131195
74,capture_closed_mid_open_mid_closed,74,317,318,0.0,0.0,0.038168396800756454,-0.07778023928403854,"[4.4330954551696777e-07,-6.705522537231445e-07,-3.337860107421875e-06,-1.4561590433004312e-05,-7.278729299287079e-07,2.2610545329371234e-06,1.0]","[0.5859408378601074,-0.18378590047359467,-0.1539621204137802,-0.0190974622964859,-7.708878797529906e-07,2.246752728751744e-06,0.9998175501823425]","[[0.9999999999887157,4.522130263849232e-06,1.455680010757305e-06,0.0],[-4.5220878678992614e-06,0.9999999995656954,-2.91231841575294e-05,0.0],[-1.4558117089575265e-06,2.9123177574487848e-05,0.9999999995748605,0.0],[4.4330954551696777e-07,-6.705522537231445e-07,-3.337860107421875e-06,1.0]]","[[0.9999999999887157,4.522129622688925e-06,1.455679911746064e-06,0.0],[-4.4632416138153225e-06,0.9992705738575728,-0.03818795593940836,0.0],[-1.627309013853517e-06,0.03818795593248039,0.9992705738664801,0.0],[0.5859408378601074,-0.18378590047359467,-0.1539621204137802,1.0]]",2652132.352633858
75,capture_closed_mid_open_mid_closed,75,318,319,0.0,0.0,0.038168299943208694,-0.07777527719736099,"[4.414469003677368e-07,-6.407499313354492e-07,-3.3527612686157227e-06,-1.4633189493906684e-05,-7.38476501283003e-07,2.2863207504997263e-06,1.0]","[0.5859408378601074,-0.18378585577011108,-0.15396207571029663,-0.01909753493964672,-7.819716643098218e-07,2.2718120362696936e-06,0.9998175501823425]","[[0.9999999999884548,4.572663113532612e-06,1.4768860902364341e-06,0.0],[-4.572619888466293e-06,0.999999999561285,-2.9266382364601665e-05,0.0],[-1.477019914895578e-06,2.9266375611025072e-05,0.9999999995706489,0.0],[4.414469003677368e-07,-6.407499313354492e-07,-3.3527612686157227e-06,1.0]]","[[0.9999999999884548,4.572662551517789e-06,1.4768859679665694e-06,0.0],[-4.5129276267939075e-06,0.9992705683081357,-0.038188101199311535,0.0],[-1.6504300069224512e-06,0.038188101192205566,0.9992705683172349,0.0],[0.5859408378601074,-0.18378585577011108,-0.15396207571029663,1.0]]",2652132.395774562
76,capture_closed_mid_open_mid_closed,76,319,320,0.0,0.0,0.03816835954785347,-0.07777868211269379,"[4.4051557779312134e-07,-6.109476089477539e-07,-3.3527612686157227e-06,-1.4692421245854348e-05,-7.426960451084597e-07,2.300089818163542e-06,1.0]","[0.5859408378601074,-0.1837858259677887,-0.15396204590797424,-0.019097592681646347,-7.86453142609389e-07,2.2854978851682972e-06,0.9998175501823425]","[[0.999999999988316,4.600201460333389e-06,1.4853245024398957e-06,0.0],[-4.600157812320779e-06,0.9999999995576847,-2.938484590824392e-05,0.0],[-1.485459677993943e-06,2.9384839075173473e-05,0.9999999995671623,0.0],[4.4051557779312134e-07,-6.109476089477539e-07,-3.3527612686157227e-06,1.0]]","[[0.999999999988316,4.600200516553293e-06,1.485324293382431e-06,0.0],[-4.540123069430274e-06,0.9992705638970849,-0.03818821666228264,0.0],[-1.6599143241252642e-06,0.038188216655092894,0.9992705639062949,0.0],[0.5859408378601074,-0.1837858259677887,-0.15396204590797424,1.0]]",2652132.437079369
77,capture_closed_mid_open_mid_closed,77,320,321,0.0,0.0,0.038168396800756454,-0.07778023928403854,"[4.4330954551696777e-07,-6.705522537231445e-07,-3.337860107421875e-06,-1.4561588614014909e-05,-7.278715656866552e-07,2.2610533960687462e-06,1.0]","[0.5859408378601074,-0.18378590047359467,-0.1539621204137802,-0.0190974622964859,-7.70886458667519e-07,2.2467518192570424e-06,0.9998175501823425]","[[0.9999999999887157,4.522127990070099e-06,1.4556772823145347e-06,0.0],[-4.522085594204886e-06,0.9999999995656955,-2.9123180519542767e-05,0.0],[-1.4558089804320862e-06,2.9123173936516868e-05,0.9999999995748606,0.0],[4.4330954551696777e-07,-6.705522537231445e-07,-3.337860107421875e-06,1.0]]","[[0.9999999999887157,4.522127749753144e-06,1.4556771048317561e-06,0.0],[-4.463239849436046e-06,0.9992705738575728,-0.03818795593940835,0.0],[-1.627306137463046e-06,0.038187955932480394,0.9992705738664801,0.0],[0.5859408378601074,-0.18378590047359467,-0.1539621204137802,1.0]]",2652132.480909255
78,capture_closed_mid_open_mid_closed,78,321,322,0.0,0.0,0.038168299943208694,-0.0777752622961998,"[4.414469003677368e-07,-6.407499313354492e-07,-3.3527612686157227e-06,-1.4633185855927877e-05,-7.384799687315535e-07,2.286319613631349e-06,1.0]","[0.5859408378601074,-0.18378585577011108,-0.15396207571029663,-0.01909753493964672,-7.819750749149534e-07,2.271810672027641e-06,0.9998175501823425]","[[0.9999999999884548,4.572660839891965e-06,1.4768930251834423e-06,0.0],[-4.572617614633431e-06,0.9999999995612853,-2.9266375088658227e-05,0.0],[-1.4770268497427718e-06,2.926636833505328e-05,0.999999999570649,0.0],[4.414469003677368e-07,-6.407499313354492e-07,-3.3527612686157227e-06,1.0]]","[[0.9999999999884548,4.572659953799797e-06,1.4768928400396247e-06,0.0],[-4.512924768539312e-06,0.9992705683081357,-0.03818810119931155,0.0],[-1.6504367747808654e-06,0.03818810119220555,0.9992705683172349,0.0],[0.5859408378601074,-0.18378585577011108,-0.15396207571029663,1.0]]",2652132.524825105
79,capture_closed_mid_open_mid_closed,79,322,323,0.0,0.0,0.03816835954785347,-0.07777869701385498,"[4.4051557779312134e-07,-6.109476089477539e-07,-3.3527612686157227e-06,-1.4692421245854348e-05,-7.426983188452141e-07,2.3000889086688403e-06,1.0]","[0.5859408378601074,-0.1837858259677887,-0.15396204590797424,-0.019097592681646347,-7.864554163461435e-07,2.2854969756735954e-06,0.9998175501823425]","[[0.999999999988316,4.600199641410799e-06,1.48532904994013e-06,0.0],[-4.600155993264563e-06,0.9999999995576847,-2.9384845908253026e-05,0.0],[-1.4854642254407264e-06,2.9384839075164366e-05,0.9999999995671623,0.0],[4.4051557779312134e-07,-6.109476089477539e-07,-3.3527612686157227e-06,1.0]]","[[0.999999999988316,4.600198784741561e-06,1.485328874764573e-06,0.0],[-4.540121163926948e-06,0.9992705638970849,-0.03818821666228265,0.0],[-1.6599188360307686e-06,0.03818821665509289,0.9992705639062949,0.0],[0.5859408378601074,-0.1837858259677887,-0.15396204590797424,1.0]]",2652132.570276098
80,capture_closed_mid_open_mid_closed,80,323,324,0.0,0.0,0.038168396800756454,-0.07778024673461914,"[4.4330954551696777e-07,-6.705522537231445e-07,-3.337860107421875e-06,-1.4561581338057294e-05,-7.278763405338395e-07,2.2610540781897726e-06,1.0]","[0.5859408378601074,-0.18378590047359467,-0.1539621204137802,-0.0190974622964859,-7.708912335147033e-07,2.2467522740043933e-06,0.9998175501823425]","[[0.9999999999887157,4.522129354440619e-06,1.4556868320219405e-06,0.0],[-4.5220869583184715e-06,0.999999999565696,-2.9123165967650124e-05,0.0],[-1.4558185301134177e-06,2.9123159384579054e-05,0.9999999995748611,0.0],[4.4330954551696777e-07,-6.705522537231445e-07,-3.337860107421875e-06,1.0]]","[[0.9999999999887157,4.522128841456836e-06,1.455686635414744e-06,0.0],[-4.463240576389882e-06,0.9992705738575728,-0.03818795593940837,0.0],[-1.6273157027841154e-06,0.03818795593248037,0.9992705738664801,0.0],[0.5859408378601074,-0.18378590047359467,-0.1539621204137802,1.0]]",2652132.615568991
81,capture_closed_mid_open_mid_closed,81,324,325,0.0,0.0,0.038168299943208694,-0.07777528464794159,"[4.414469003677368e-07,-6.407499313354492e-07,-3.3527612686157227e-06,-1.463318221794907e-05,-7.384819582512137e-07,2.2863200683787e-06,1.0]","[0.5859408378601074,-0.18378585577011108,-0.15396207571029663,-0.01909753493964672,-7.819770644346136e-07,2.271811126774992e-06,0.9998175501823425]","[[0.9999999999884548,4.57266174943952e-06,1.4768970042260891e-06,0.0],[-4.57261852407528e-06,0.9999999995612855,-2.9266367812710384e-05,0.0],[-1.4770308287787655e-06,2.9266361059085896e-05,0.9999999995706492,0.0],[4.414469003677368e-07,-6.407499313354492e-07,-3.3527612686157227e-06,1.0]]","[[0.9999999999884548,4.5726609391184035e-06,1.4768968009838631e-06,0.0],[-4.512925601878235e-06,0.9992705683081357,-0.038188101199311555,0.0],[-1.6504407704633175e-06,0.038188101192205545,0.9992705683172349,0.0],[0.5859408378601074,-0.18378585577011108,-0.15396207571029663,1.0]]",2652132.661341016
82,capture_closed_mid_open_mid_closed,82,325,326,0.0,0.0,0.03816835954785347,-0.07777869701385498,"[4.4051557779312134e-07,-6.109476089477539e-07,-3.3527612686157227e-06,-1.4692415788886137e-05,-7.426953061440145e-07,2.3000870896794368e-06,1.0]","[0.5859408378601074,-0.1837858259677887,-0.15396204590797424,-0.019097592681646347,-7.86452346801525e-07,2.285495156684192e-06,0.9998175501823425]","[[0.999999999988316,4.600196003335359e-06,1.4853230246162845e-06,0.0],[-4.6001523553823885e-06,0.999999999557685,-2.9384834994300044e-05,0.0],[-1.4854581999597733e-06,2.9384828161244506e-05,0.9999999995671627,0.0],[4.4051557779312134e-07,-6.109476089477539e-07,-3.3527612686157227e-06,1.0]]","[[0.999999999988316,4.6001950301846765e-06,1.4853228062720491e-06,0.0],[-4.540117643853715e-06,0.9992705638970849,-0.038188216662282636,0.0],[-1.65991262858497e-06,0.0381882166550929,0.9992705639062949,0.0],[0.5859408378601074,-0.1837858259677887,-0.15396204590797424,1.0]]",2652132.709870834
83,capture_closed_mid_open_mid_closed,83,326,327,0.0,0.0,0.038168396800756454,-0.07778023928403854,"[4.4330954551696777e-07,-6.705522537231445e-07,-3.337860107421875e-06,-1.4561584976036102e-05,-7.278752605088812e-07,2.2610515770793427e-06,1.0]","[0.5859408378601074,-0.18378590047359467,-0.1539621204137802,-0.0190974622964859,-7.70890153489745e-07,2.2467497728939634e-06,0.9998175501823425]","[[0.9999999999887157,4.522124352193601e-06,1.4556846720284126e-06,0.0],[-4.52208195612377e-06,0.9999999995656957,-2.9123173243599214e-05,0.0],[-1.455816370007112e-06,2.9123166660545193e-05,0.9999999995748609,0.0],[4.4330954551696777e-07,-6.705522537231445e-07,-3.337860107421875e-06,1.0]]","[[0.9999999999887157,4.522123798897159e-06,1.4556845712886522e-06,0.0],[-4.4632356163331486e-06,0.9992705738575728,-0.038187955939408366,0.0],[-1.6273134475985751e-06,0.03818795593248038,0.9992705738664801,0.0],[0.5859408378601074,-0.18378590047359467,-0.1539621204137802,1.0]]",2652132.75659409
84,capture_closed_mid_open_mid_closed,84,327,328,0.0,0.0,0.038168299943208694,-0.0777752622961998,"[4.414469003677368e-07,-6.407499313354492e-07,-3.3527612686157227e-06,-1.4633178579970263e-05,-7.384809350696742e-07,2.2863173398945946e-06,1.0]","[0.5859408378601074,-0.18378585577011108,-0.15396207571029663,-0.01909753493964672,-7.819760412530741e-07,2.2718083982908865e-06,0.9998175501823425]","[[0.9999999999884548,4.5726562924359904e-06,1.476894957959498e-06,0.0],[-4.572613067142388e-06,0.9999999995612857,-2.926636053674406e-05,0.0],[-1.4770287823191987e-06,2.9266353783136993e-05,0.9999999995706494,0.0],[4.414469003677368e-07,-6.407499313354492e-07,-3.3527612686157227e-06,1.0]]","[[0.9999999999884548,4.572655444065326e-06,1.4768948592087838e-06,0.0],[-4.512920184986137e-06,0.9992705683081358,-0.03818810119931155,0.0],[-1.650438620258956e-06,0.03818810119220555,0.9992705683172349,0.0],[0.5859408378601074,-0.18378585577011108,-0.15396207571029663,1.0]]",2652132.802234665
85,capture_closed_mid_open_mid_closed,85,328,329,0.0,0.0,0.03816835954785347,-0.07777868956327438,"[4.4051557779312134e-07,-6.109476089477539e-07,-3.3527612686157227e-06,-1.469241215090733e-05,-7.427002515214554e-07,2.3000870896794368e-06,1.0]","[0.5859408378601074,-0.1837858259677887,-0.15396204590797424,-0.019097592681646347,-7.864572921789659e-07,2.285495156684192e-06,0.9998175501823425]","[[0.999999999988316,4.600196003475273e-06,1.4853329153879016e-06,0.0],[-4.600152355242474e-06,0.9999999995576853,-2.938482771836518e-05,0.0],[-1.4854680906979199e-06,2.938482088526414e-05,0.9999999995671628,0.0],[4.4051557779312134e-07,-6.109476089477539e-07,-3.3527612686157227e-06,1.0]]","[[0.999999999988316,4.600195219074284e-06,1.4853326952223645e-06,0.0],[-4.540117454964107e-06,0.9992705638970849,-0.038188216662282656,0.0],[-1.6599225175352853e-06,0.03818821665509288,0.9992705639062949,0.0],[0.5859408378601074,-0.1837858259677887,-0.15396204590797424,1.0]]",2652132.849375447
86,capture_closed_mid_open_mid_closed,86,329,330,0.0,0.0,0.038168396800756454,-0.07778023183345795,"[4.4330954551696777e-07,-6.705522537231445e-07,-3.337860107421875e-06,-1.456157406209968e-05,-7.278727593984513e-07,2.2610515770793427e-06,1.0]","[0.5859408378601074,-0.18378590047359467,-0.1539621204137802,-0.0190974622964859,-7.708876523793151e-07,2.2467497728939634e-06,0.9998175501823425]","[[0.9999999999887157,4.5221243521048725e-06,1.455679669856907e-06,0.0],[-4.522081956212498e-06,0.9999999995656964,-2.912315141571506e-05,0.0],[-1.4558113677368983e-06,2.912314483268366e-05,0.9999999995748615,0.0],[4.4330954551696777e-07,-6.705522537231445e-07,-3.337860107421875e-06,1.0]]","[[0.9999999999887157,4.522123703367435e-06,1.4556795699804468e-06,0.0],[-4.463235711862873e-06,0.9992705738575728,-0.03818795593940836,0.0],[-1.6273084462903697e-06,0.03818795593248039,0.9992705738664801,0.0],[0.5859408378601074,-0.18378590047359467,-0.1539621204137802,1.0]]",2652132.892954756
87,capture_closed_mid_open_mid_closed,87,330,331,0.0,0.0,0.038168299943208694,-0.0777752622961998,"[4.414469003677368e-07,-6.407499313354492e-07,-3.3527612686157227e-06,-1.463318221794907e-05,-7.384816740341194e-07,2.286316430399893e-06,1.0]","[0.5859408378601074,-0.18378585577011108,-0.15396207571029663,-0.01909753493964672,-7.819767233741004e-07,2.2718074887961848e-06,0.9998175501823425]","[[0.9999999999884548,4.572654473473587e-06,1.4768964358983709e-06,0.0],[-4.5726112481259845e-06,0.9999999995612855,-2.926636781270371e-05,0.0],[-1.4770302602381065e-06,2.926636105909257e-05,0.9999999995706492,0.0],[4.414469003677368e-07,-6.407499313354492e-07,-3.3527612686157227e-06,1.0]]","[[0.9999999999884548,4.572653651461457e-06,1.4768962579401444e-06,0.0],[-4.512918340274947e-06,0.9992705683081358,-0.03818810119931155,0.0],[-1.6504399495138893e-06,0.03818810119220555,0.9992705683172349,0.0],[0.5859408378601074,-0.18378585577011108,-0.15396207571029663,1.0]]",2652132.936390782
88,capture_closed_mid_open_mid_closed,88,331,332,0.0,0.0,0.03816835954785347,-0.07777869701385498,"[4.4051557779312134e-07,-6.109476089477539e-07,-3.3527612686157227e-06,-1.4692417607875541e-05,-7.426959314216219e-07,2.3000864075584104e-06,1.0]","[0.5859408378601074,-0.1837858259677887,-0.15396204590797424,-0.019097592681646347,-7.864529720791325e-07,2.2854944745631656e-06,0.9998175501823425]","[[0.999999999988316,4.600194639114381e-06,1.4853242751831758e-06,0.0],[-4.600150991119261e-06,0.9999999995576849,-2.9384838632280714e-05,0.0],[-1.485459450503312e-06,2.938483179922145e-05,0.9999999995671626,0.0],[4.4051557779312134e-07,-6.109476089477539e-07,-3.3527612686157227e-06,1.0]]","[[0.999999999988316,4.600193690074123e-06,1.4853240826528395e-06,0.0],[-4.540116255977974e-06,0.9992705638970849,-0.038188216662282636,0.0],[-1.6599138528582822e-06,0.0381882166550929,0.9992705639062949,0.0],[0.5859408378601074,-0.1837858259677887,-0.15396204590797424,1.0]]",2652132.981835043
89,capture_closed_mid_open_mid_closed,89,332,333,0.0,0.0,0.038168396800756454,-0.07778025418519974,"[4.4330954551696777e-07,-6.705522537231445e-07,-3.337860107421875e-06,-1.4561577700078487e-05,-7.278718499037495e-07,2.2610524865740445e-06,1.0]","[0.5859408378601074,-0.18378590047359467,-0.1539621204137802,-0.0190974622964859,-7.708867428846133e-07,2.2467509097623406e-06,0.9998175501823425]","[[0.9999999999887157,4.522126171073085e-06,1.4556778508245648e-06,0.0],[-4.522083775223093e-06,0.9999999995656962,-2.9123158691669887e-05,0.0],[-1.4558095487904334e-06,2.9123152108644062e-05,0.9999999995748613,0.0],[4.4330954551696777e-07,-6.705522537231445e-07,-3.337860107421875e-06,1.0]]","[[0.9999999999887157,4.522125941951265e-06,1.4556777079003156e-06,0.0],[-4.463238019922866e-06,0.9992705738575728,-0.03818795593940835,0.0],[-1.6273066710554424e-06,0.038187955932480394,0.9992705738664801,0.0],[0.5859408378601074,-0.18378590047359467,-0.1539621204137802,1.0]]",2652133.027662163
90,capture_closed_mid_open_mid_closed,0,333,334,-0.6,-0.6000000238418579,0.018418828025460243,-2.000197410583496,"[5.913898348808289e-07,1.7702579498291016e-05,-3.552436828613281e-05,-0.00013245920126792043,-1.3484642295225058e-05,2.184070399380289e-05,0.9999999403953552]","[0.5859522819519043,-0.18378081917762756,-0.15393611788749695,-0.009341680444777012,-1.3685205885849427e-05,2.1715593902627006e-05,0.9999563097953796]","[[0.9999999986822962,4.3684977713886595e-05,2.696349697854319e-05,0.0],[-4.367783305409535e-05,0.9999999639550873,-0.00026491897577363523,0.0],[-2.6975068987367785e-05,0.00026491779771731195,0.9999999645454488,0.0],[5.913898348808289e-07,1.7702579498291016e-05,-3.552436828613281e-05,1.0]]","[[0.9999999986822963,4.368497592818507e-05,2.6963495674994227e-05,0.0],[-4.317360464735872e-05,0.9998254650698013,-0.01868254520405851,0.0],[-2.7774936230621785e-05,0.018682544015329015,0.9998254656383656,0.0],[0.5859522819519043,-0.18378081917762756,-0.15393611788749695,1.0]]",2652133.075730451
91,capture_closed_mid_open_mid_closed,1,334,335,-0.6,-0.6000000238418579,-0.014919959008693695,-1.9997010231018066,"[1.412816345691681e-06,-8.063018321990967e-05,2.726912498474121e-05,-3.1063089522831433e-07,-9.228643449432639e-08,6.329724300258022e-08,0.9999999403953552]","[0.5859408974647522,-0.18386399745941162,-0.15393760800361633,0.007459497079253197,-9.181169247085563e-08,6.398392571327349e-08,0.9999721646308899]","[[0.9999999999999749,1.265945357935766e-07,1.8457281866309397e-07,0.0],[-1.2659442112550553e-07,0.999999999999799,-6.21261765109494e-07,0.0],[-1.84572897311411e-07,6.212617417435866e-07,0.99999999999979,0.0],[1.412816345691681e-06,-8.063018321990967e-05,2.726912498474121e-05,1.0]]","[[0.9999999999999749,1.2659455129051302e-07,1.845728495309688e-07,0.0],[-1.2933402749782358e-07,0.9998887118066411,0.01491857888278549,0.0],[-1.8266369790305953e-07,-0.01491857888280899,0.9998887118066324,0.0],[0.5859408974647522,-0.18386399745941162,-0.15393760800361633,1.0]]",2652133.123161015
92,capture_closed_mid_open_mid_closed,2,335,336,-0.6,-0.6000000238418579,-0.048258036375045776,-1.9997870922088623,"[-5.960464477539063e-08,-7.331371307373047e-05,2.1398067474365234e-05,7.942716706565989e-07,1.441343329133815e-07,-1.0586416721025671e-07,0.9999999403953552]","[0.585939347743988,-0.1838565319776535,-0.15394417941570282,0.024127496406435966,1.4153820870888012e-07,-1.0931083949117237e-07,0.9997088313102722]","[[0.999999999999936,-2.1172809283688646e-07,-2.882688168144295e-07,0.0],[2.1172855076415605e-07,0.9999999999987158,1.5885432161113139e-06,0.0],[2.882684804747937e-07,-1.5885432771459585e-06,0.9999999999986967,0.0],[-5.960464477539063e-08,-7.331371307373047e-05,2.1398067474365234e-05,1.0]]","[[0.999999999999936,-2.117280979505356e-07,-2.882687882022234e-07,0.0],[2.2538794843852315e-07,0.998835727834291,0.048240942469810845,0.0],[2.7771920065419233e-07,-0.048240942469872726,0.9988357278342748,0.0],[0.585939347743988,-0.1838565319776535,-0.15394417941570282,1.0]]",2652133.169470794
93,capture_closed_mid_open_mid_closed,3,336,337,-0.6,-0.6000000238418579,-0.08159565180540085,-1.9998050928115845,"[2.60770320892334e-08,-7.401406764984131e-05,1.9118189811706543e-05,8.008129839254252e-07,1.5705808209531824e-07,-9.85022694521831e-08,0.9999999403953552]","[0.5859395265579224,-0.18385721743106842,-0.15394651889801025,0.04078712314367294,1.5290984833882248e-07,-1.0482612822215742e-07,0.999167799949646]","[[0.9999999999999313,-1.9700427561367788e-07,-3.141163032316467e-07,0.0],[1.970047787102834e-07,0.999999999998698,1.6016258414453484e-06,0.0],[3.1411598770406147e-07,-1.6016259033276587e-06,0.9999999999986681,0.0],[2.60770320892334e-08,-7.401406764984131e-05,1.9118189811706543e-05,1.0]]","[[0.9999999999999313,-1.9700427819779324e-07,-3.1411630591161376e-07,0.0],[2.2195128945409687e-07,0.9966728211713037,0.08150636019544591,0.0],[2.970140811097274e-07,-0.08150636019551002,0.996672821171279,0.0],[0.5859395265579224,-0.18385721743106842,-0.15394651889801025,1.0]]",2652133.211228103
94,capture_closed_mid_open_mid_closed,4,337,338,-0.6,-0.6000000238418579,-0.11493236571550369,-1.9997739791870117,"[2.5890767574310303e-07,-7.440149784088135e-05,1.6495585441589355e-05,4.374824698061275e-07,1.4556349015037995e-07,-4.797962915858989e-08,1.0]","[0.5859394073486328,-0.1838577389717102,-0.15394872426986694,0.05743485689163208,1.4256751512675692e-07,-5.626078092291209e-08,0.9983491897583008]","[[0.999999999999953,-9.59591309542294e-08,-2.9112702228125325e-07,0.0],[9.595938568013015e-08,0.9999999999996126,8.749649256440904e-07,0.0],[2.9112693832026654e-07,-8.749649535804195e-07,0.9999999999995749,0.0],[2.5890767574310303e-07,-7.440149784088135e-05,1.6495585441589355e-05,1.0]]","[[0.999999999999953,-9.595912044171535e-08,-2.9112698622714196e-07,0.0],[1.2871249975651885e-07,0.9934024744276692,0.11468008568327365,0.0],[2.782016666234663e-07,-0.11468008568330573,0.9934024744276349,0.0],[0.5859394073486328,-0.1838577389717102,-0.15394872426986694,1.0]]",2652133.254598734
95,capture_closed_mid_open_mid_closed,5,338,339,-0.6,-0.6000000238418579,-0.14825177192687988,-1.999770998954773,"[-5.494803190231323e-08,-7.531046867370605e-05,1.4290213584899902e-05,7.694682722103607e-07,1.9185759470019548e-07,-1.2064072052453412e-07,1.0]","[0.5859392285346985,-0.18385860323905945,-0.1539512425661087,0.0740586444735527,1.8239633448047243e-07,-1.3451798963615147e-07,0.9972538352012634]","[[0.9999999999998973,-2.4128114579240443e-07,-3.837153750588045e-07,0.0],[2.4128173630573204e-07,0.9999999999987867,1.5389364981290445e-06,0.0],[3.837150037419774e-07,-1.5389365907123985e-06,0.9999999999987422,0.0],[-5.494803190231323e-08,-7.531046867370605e-05,1.4290213584899902e-05,1.0]]","[[0.9999999999998973,-2.412811115592947e-07,-3.8371532811412873e-07,0.0],[2.9531321271356874e-07,0.9890306343574436,0.1477105344620655,0.0],[3.438664482350856e-07,-0.14771053446216365,0.9890306343574133,0.0],[0.5859392285346985,-0.18385860323905945,-0.1539512425661087,1.0]]",2652133.301035705
96,capture_closed_mid_open_mid_closed,6,339,340,-0.6,-0.6000000238418579,-0.1815427988767624,-1.9997683763504028,"[-7.35744833946228e-08,-7.60108232498169e-05,1.163780689239502e-05,9.856368023974937e-07,1.7887502679059253e-07,-1.2057076048677118e-07,0.9999999403953552]","[0.5859394073486328,-0.183859184384346,-0.15395410358905792,0.09064766764640808,1.6720927931146434e-07,-1.362888184530675e-07,0.9958829879760742]","[[0.999999999999907,-2.4114115398876877e-07,-3.5775026993557786e-07,0.0],[2.4114185921200654e-07,0.9999999999980279,1.9712734441637284e-06,0.0],[3.5774979457966253e-07,-1.9712735304321206e-06,0.999999999997993,0.0],[-7.35744833946228e-08,-7.60108232498169e-05,1.163780689239502e-05,1.0]]","[[0.999999999999907,-2.411411691406971e-07,-3.577502804341648e-07,0.0],[3.0176969385438126e-07,0.9835660007004955,0.1805489402174884,0.0],[3.0833322635794354e-07,-0.18054894021757956,0.9835660007004767,0.0],[0.5859394073486328,-0.183859184384346,-0.15395410358905792,1.0]]",2652133.34606767
97,capture_closed_mid_open_mid_closed,7,340,341,-0.6,-0.6000000238418579,-0.21479444205760956,-1.9997471570968628,"[-1.1548399925231934e-07,-7.610023021697998e-05,9.164214134216309e-06,2.4936170461842266e-07,1.1619818707231389e-07,-2.5103902956402635e-08,0.9999999403953552]","[0.5859396457672119,-0.18385937809944153,-0.1539563089609146,0.10719103366136551,1.1283780310122893e-07,-3.741464382756021e-08,0.9942384362220764]","[[0.9999999999999717,-5.020774496943083e-08,-2.3239637281262852e-07,0.0],[5.020786087094284e-08,0.9999999999998743,4.987233736765577e-07,0.0],[2.3239634777282037e-07,-4.987233853446697e-07,0.9999999999998487,0.0],[-1.1548399925231934e-07,-7.610023021697998e-05,9.164214134216309e-06,1.0]]","[[0.9999999999999717,-5.020775244084213e-08,-2.3239639049609684e-07,0.0],[9.858855544283559e-08,0.9770201646052132,0.21314689136899956,0.0],[2.163543331123048e-07,-0.21314689136901643,0.9770201646051906,0.0],[0.5859396457672119,-0.18385937809944153,-0.1539563089609146,1.0]]",2652133.391451747
98,capture_closed_mid_open_mid_closed,8,341,342,-0.6,-0.6000000238418579,-0.247984379529953,-1.9997309446334839,"[1.6298145055770874e-07,-7.662177085876465e-05,6.3925981521606445e-06,4.659027865727694e-07,1.0200201217003269e-07,-3.2426999752033225e-08,0.9999999403953552]","[0.5859396457672119,-0.18385985493659973,-0.1539589911699295,0.123675137758255,9.720852744976582e-08,-4.4793118547659105e-08,0.9923226833343506]","[[0.9999999999999771,-6.485390059242343e-08,-2.0400404239613706e-07,0.0],[6.485409068451026e-08,0.9999999999995638,9.318055109903601e-07,0.0],[2.0400398196481888e-07,-9.318055242208371e-07,0.999999999999545,0.0],[1.6298145055770874e-07,-7.662177085876465e-05,6.3925981521606445e-06,1.0]]","[[0.9999999999999771,-6.48538991369997e-08,-2.0400404381787217e-07,0.0],[1.1294301123150731e-07,0.9694089206009493,0.24545128912402542,0.0],[1.8184486338985782e-07,-0.24545128912404285,0.9694089206009344,0.0],[0.5859396457672119,-0.18385985493659973,-0.1539589911699295,1.0]]",2652133.43617286
99,capture_closed_mid_open_mid_closed,9,342,343,-0.6,-0.6000000238418579,-0.28108203411102295,-1.9997363090515137,"[1.471489667892456e-07,-7.724761962890625e-05,3.948807716369629e-06,5.183186431167996e-07,1.2856274622663477e-07,-4.734459579935901e-08,1.0]","[0.5859394669532776,-0.18386054039001465,-0.15396137535572052,0.14007911086082458,1.2066318788583885e-07,-6.488668446991142e-08,0.9901402592658997]","[[0.9999999999999625,-9.468905832578166e-08,-2.5712554153244284e-07,0.0],[9.468932487165439e-08,0.9999999999994582,1.0366372740600968e-06,0.0],[2.5712544337409624e-07,-1.0366372984071018e-06,0.9999999999994297,0.0],[1.471489667892456e-07,-7.724761962890625e-05,3.948807716369629e-06,1.0]]","[[0.9999999999999625,-9.468905302252357e-08,-2.57125498408773e-07,0.0],[1.6229862131324728e-07,0.9607556854008732,0.27739593429093146,0.0],[2.2076842213976475e-07,-0.27739593429096276,0.9607556854008525,0.0],[0.5859394669532776,-0.18386054039001465,-0.15396137535572052,1.0]]",2652133.480669446
100,capture_closed_mid_open_mid_closed,10,343,344,-0.6,-0.6000000238418579,-0.31404909491539,-1.9997940063476562,"[-5.029141902923584e-08,-7.821619510650635e-05,1.2814998626708984e-06,5.885363520974352e-07,1.5073611336902104e-07,-7.304691251874829e-08,1.0]","[0.5859394073486328,-0.18386152386665344,-0.15396420657634735,0.1563805788755417,1.3745854232638521e-07,-9.572033832228044e-08,0.9876968860626221]","[[0.9999999999999439,-1.46093647610132e-07,-3.014723127195689e-07,0.0],[1.4609400246486115e-07,0.9999999999992966,1.177072682173255e-06,0.0],[3.0147214075651524e-07,-1.1770727262164856e-06,0.9999999999992618,0.0],[-5.029141902923584e-08,-7.821619510650635e-05,1.2814998626708984e-06,1.0]]","[[0.9999999999999439,-1.4609366734677759e-07,-3.0147235227095744e-07,0.0],[2.3207705302833066e-07,0.9510902291010827,0.30891322159205925,0.0],[2.415971446029538e-07,-0.3089132215921119,0.9510902291010632,0.0],[0.5859394073486328,-0.18386152386665344,-0.15396420657634735,1.0]]",2652133.524282038
101,capture_closed_mid_open_mid_closed,11,344,345,-0.6,-0.6000000238418579,-0.3468036651611328,-2.0000009536743164,"[1.555308699607849e-07,-7.91400671005249e-05,-1.6987323760986328e-06,-7.077566266389113e-08,2.5723122121235065e-07,1.0759950264116469e-08,0.9999999403953552]","[0.5859394669532776,-0.18386252224445343,-0.1539669930934906,0.1725340038537979,2.552301339164842e-07,-3.378256607788899e-08,0.9850035309791565]","[[0.9999999999998674,2.1519862834126633e-08,-5.144624132834354e-07,0.0],[-2.151993565696719e-08,0.9999999999999898,-1.4155131135507548e-07,0.0],[5.14462410237265e-07,1.415513224262561e-07,0.9999999999998577,0.0],[1.555308699607849e-07,-7.91400671005249e-05,-1.6987323760986328e-06,1.0]]","[[0.9999999999998674,2.151986007298943e-08,-5.144624490117872e-07,0.0],[1.5462364756201873e-07,0.940464035028353,0.3398932060199074,0.0],[4.911478834682924e-07,-0.33989320601994194,0.940464035028225,0.0],[0.5859394669532776,-0.18386252224445343,-0.1539669930934906,1.0]]",2652133.570106813
102,capture_closed_mid_open_mid_closed,12,345,346,-0.6,-0.6000000238418579,-0.37907981872558594,-2.000013589859009,"[1.4156103134155273e-07,-8.10772180557251e-05,-5.8710575103759766e-06,-8.823005373415072e-06,-5.216791123530129e-07,1.0749510011009988e-06,0.9999999403953552]","[0.5859400629997253,-0.18386584520339966,-0.15396703779697418,0.18839822709560394,-3.0980820042714186e-07,1.1539876823007944e-06,0.9820926189422607]","[[0.9999999999971446,2.1499110796130757e-06,1.0433391939201118e-06,0.0],[-2.1498926685026294e-06,0.9999999998419982,-1.764601081660491e-05,0.0],[-1.043377131113947e-06,1.7646008573486973e-05,0.9999999998437649,0.0],[1.4156103134155273e-07,-8.10772180557251e-05,-5.8710575103759766e-06,1.0]]","[[0.9999999999971446,2.1499109388754874e-06,1.0433391607258306e-06,0.0],[-2.3833802016760996e-06,0.9290122160518031,0.3700490165040859,0.0],[-1.737022269832917e-07,-0.37004901650551597,0.9290122160542745,0.0],[0.5859400629997253,-0.18386584520339966,-0.15396703779697418,1.0]]",2652133.613295017
103,capture_closed_mid_open_mid_closed,13,346,347,-0.6,-0.6000000238418579,-0.41033127903938293,-1.8996317386627197,"[1.648440957069397e-07,-8.533895015716553e-05,-7.4803829193115234e-06,-3.247590257160482e-06,-1.7425791920544498e-09,1.395240758483851e-07,0.9999999403953552]","[0.5859395861625671,-0.18386954069137573,-0.1539713442325592,0.20372621715068817,2.671912469054405e-08,1.369528916939089e-07,0.9790278673171997]","[[0.999999999999961,2.790481463825707e-07,3.484251942318543e-09,0.0],[-2.7904812374583784e-07,0.9999999999788673,-6.4951801276643005e-06,0.0],[-3.486064410436001e-09,6.495180126691773e-06,0.9999999999789063,0.0],[1.648440957069397e-07,-8.533895015716553e-05,-7.4803829193115234e-06,1.0]]","[[0.999999999999961,2.790481673535863e-07,3.4842537805645757e-09,0.0],[-2.5727462255845794e-07,0.9169912568909038,0.39890728778728524,0.0],[1.0811932443002727e-07,-0.3989072877872706,0.9169912568909399,0.0],[0.5859395861625671,-0.18386954069137573,-0.1539713442325592,1.0]]",2652133.658822236
104,capture_closed_mid_open_mid_closed,14,347,348,-0.6,-0.6000000238418579,-0.43918484449386597,-1.7248262166976929,"[2.60770320892334e-08,-7.906556129455566e-05,-7.82310962677002e-06,4.644797257924438e-08,3.9227853676493396e-07,-1.3507050766747852e-07,0.9999999403953552]","[0.5859392881393433,-0.18386253714561462,-0.15397340059280396,0.21783187985420227,3.534358086199063e-07,-2.1727773003021866e-07,0.9759862422943115]","[[0.9999999999996557,-2.7014096279221234e-07,-7.845570393141247e-07,0.0],[2.7014103567438323e-07,0.9999999999999591,9.289583365093672e-08,0.0],[7.845570142191198e-07,-9.289604559198117e-08,0.9999999999996879,0.0],[2.60770320892334e-08,-7.906556129455566e-05,-7.82310962677002e-06,1.0]]","[[0.9999999999996557,-2.701409773339335e-07,-7.845570062602604e-07,0.0],[5.780993237317905e-07,0.9050985442382744,0.42520183574146403,0.0],[5.952369407285148e-07,-0.42520183574177123,0.905098544238119,0.0],[0.5859392881393433,-0.18386253714561462,-0.15397340059280396,1.0]]",2652133.701031105
105,capture_closed_mid_open_mid_closed,15,348,349,-0.6,-0.6000000238418579,-0.4647967219352722,-1.5156822204589844,"[1.0523945093154907e-07,-6.742775440216064e-05,-8.240342140197754e-06,3.9122487578424625e-06,5.463500087898865e-07,-5.490585408551851e-07,0.9999999403953552]","[0.5859391093254089,-0.1838502436876297,-0.15397539734840393,0.23031578958034515,4.0520765764995303e-07,-6.601290465368947e-07,0.9731159210205078]","[[0.9999999999988001,-1.0981127413432051e-06,-1.0927042485569655e-06,0.0],[1.0981212911717782e-06,0.9999999999687856,7.824496449352253e-06,0.0],[1.0926956563425876e-06,-7.824497649264808e-06,0.9999999999687916,0.0],[1.0523945093154907e-07,-6.742775440216064e-05,-8.240342140197754e-06,1.0]]","[[0.9999999999988001,-1.0981127269949778e-06,-1.092704331113324e-06,0.0],[1.4714156134575822e-06,0.8939092741390928,0.44824792340555114,0.0],[4.845517608010627e-07,-0.44824792340662106,0.893909274139636,0.0],[0.5859391093254089,-0.1838502436876297,-0.15397539734840393,1.0]]",2652133.749609174
106,capture_closed_mid_open_mid_closed,16,349,350,-0.6,-0.6000000238418579,-0.4868239462375641,-1.297011375427246,"[1.7229467630386353e-07,-5.2675604820251465e-05,-7.048249244689941e-06,1.922074943649932e-06,8.989362072497897e-07,-2.7071683916801703e-07,0.9999999403953552]","[0.5859392881393433,-0.18383574485778809,-0.15397392213344574,0.24101707339286804,8.07189962870325e-07,-4.793938046532276e-07,0.9705208539962769]","[[0.9999999999982373,-5.414301904185522e-07,-1.7978733480141396e-06,0.0],[5.414371017095918e-07,0.9999999999924647,3.844149171456338e-06,0.0],[1.797871266661926e-06,-3.844150144885012e-06,0.9999999999909951,0.0],[1.7229467630386353e-07,-5.2675604820251465e-05,-7.048249244689941e-06,1.0]]","[[0.9999999999982373,-5.414302443389424e-07,-1.797873567804648e-06,0.0],[1.3196164944313566e-06,0.8838215406658141,0.4678241917930853,0.0],[1.3357052006038752e-06,-0.4678241917946332,0.8838215406649707,0.0],[0.5859392881393433,-0.18383574485778809,-0.15397392213344574,1.0]]",2652133.795368314
107,capture_closed_mid_open_mid_closed,17,350,351,-0.6,-0.6000000238418579,-0.5052579045295715,-1.085608959197998,"[3.641471266746521e-07,-3.917515277862549e-05,-5.930662155151367e-06,1.2034197425236925e-06,9.942460792444763e-07,-1.9986329391485924e-07,0.9999999403953552]","[0.5859394669532776,-0.1838224083185196,-0.15397267043590546,0.24995139241218567,9.127315365731192e-07,-4.420314212438825e-07,0.9682583808898926]","[[0.9999999999979431,-3.997241710134358e-07,-1.988492521004451e-06,0.0],[3.997289569948786e-07,0.9999999999970237,2.40683894416198e-06,0.0],[1.9884915589267165e-06,-2.406839739015165e-06,0.9999999999951266,0.0],[3.641471266746521e-07,-3.917515277862549e-05,-5.930662155151367e-06,1.0]]","[[0.9999999999979431,-3.9972421954218964e-07,-1.988492658038556e-06,0.0],[1.3122782934020493e-06,0.8750486028620283,0.48403506103558724,0.0],[1.5465471811191728e-06,-0.48403506103720106,0.875048602860753,0.0],[0.5859394669532776,-0.1838224083185196,-0.15397267043590546,1.0]]",2652133.84188154
108,capture_closed_mid_open_mid_closed,18,351,352,-0.6,-0.6000000238418579,-0.5203131437301636,-0.8913118839263916,"[3.9301812648773193e-07,-2.8058886528015137e-05,-4.827976226806641e-06,3.3226314144485514e-07,1.0211900871581747e-06,-6.993091261620066e-08,0.9999999403953552]","[0.5859395861625671,-0.18381141126155853,-0.15397128462791443,0.25723209977149963,9.6883832156891e-07,-3.30260292003004e-07,0.9663496613502502]","[[0.9999999999979046,-1.3986113828833415e-07,-2.042380099051934e-06,0.0],[1.3986249550363966e-07,0.9999999999997694,6.645261004553477e-07,0.0],[2.042380006110075e-06,-6.645263861063667e-07,0.9999999999976935,0.0],[3.9301812648773193e-07,-2.8058886528015137e-05,-4.827976226806641e-06,1.0]]","[[0.9999999999979046,-1.3986121107654312e-07,-2.0423802646686848e-06,0.0],[1.1367264742616076e-06,0.8676632936940724,0.497152305004565,0.0],[1.7025660711363595e-06,-0.49715230500584484,0.8676632936924132,0.0],[0.5859395861625671,-0.18381141126155853,-0.15397128462791443,1.0]]",2652133.889474754
109,capture_closed_mid_open_mid_closed,19,352,353,-0.6,-0.6000000238418579,-0.5323253273963928,-0.7194341421127319,"[3.3248215913772583e-07,-1.9237399101257324e-05,-3.993511199951172e-06,-1.2529590094345622e-06,5.906863407290075e-07,1.5692742749706667e-07,0.9999999403953552]","[0.5859395861625671,-0.1838027834892273,-0.15396925806999207,0.26302966475486755,6.111635002525873e-07,-3.9671759211046265e-09,0.9647876620292664]","[[0.9999999999992529,3.1385335607538145e-07,-1.1813730042899842e-06,0.0],[-3.1385631649847096e-07,0.9999999999968109,-2.505917684114995e-06,0.0],[1.1813722177954477e-06,2.505918054894547e-06,0.9999999999961624,0.0],[3.3248215913772583e-07,-1.9237399101257324e-05,-3.993511199951172e-06,1.0]]","[[0.9999999999992529,3.138532964001362e-07,-1.1813729789577366e-06,0.0],[3.2916322592726154e-07,0.861630790917884,0.5075355506063759,0.0],[1.1771990391475298e-06,-0.5075355506063857,0.8616307909171369,0.0],[0.5859395861625671,-0.1838027834892273,-0.15396925806999207,1.0]]",2652133.933981338
110,capture_closed_mid_open_mid_closed,20,353,354,-0.6,-0.6000000238418579,-0.5416877269744873,-0.5720401406288147,"[3.0640512704849243e-07,-1.2814998626708984e-05,-3.2186508178710938e-06,-2.8419092359399656e-06,5.52760980099265e-07,3.3221127182514465e-07,0.9999999403953552]","[0.5859398245811462,-0.18379667401313782,-0.153967946767807,0.26754170656204224,6.214916652425018e-07,1.7221255177446437e-07,0.9635462760925293]","[[0.9999999999991682,6.644193622545504e-07,-1.1055237825328497e-06,0.0],[-6.644256458406888e-07,0.9999999999836263,-5.683817765831094e-06,0.0],[1.1055200060757228e-06,5.683818500364806e-06,0.999999999983236,0.0],[3.0640512704849243e-07,-1.2814998626708984e-05,-3.2186508178710938e-06,1.0]]","[[0.9999999999991682,6.644194073834829e-07,-1.1055238793476263e-06,0.0],[6.803555487746942e-10,0.8568428704996809,0.5155776301148061,0.0],[1.2898200393202033e-06,-0.515577630114378,0.8568428704989677,0.0],[0.5859398245811462,-0.18379667401313782,-0.153967946767807,1.0]]",2652133.979017793
111,capture_closed_mid_open_mid_closed,21,354,355,-0.6,-0.6000000238418579,-0.5488084554672241,-0.4489578306674957,"[2.9243528842926025e-07,-8.046627044677734e-06,-2.8312206268310547e-06,-4.884368081548018e-06,2.8296912546466046e-07,5.4850443120813e-07,0.9999999403953552]","[0.5859399437904358,-0.18379223346710205,-0.1539665162563324,0.2709687650203705,4.210125155168498e-07,4.5130602188692137e-07,0.9625880718231201]","[[0.9999999999992382,1.0970060327787074e-06,-5.659435753918453e-07,0.0],[-1.0970115612801654e-06,0.9999999999516842,-9.76873527041435e-06,0.0],[5.659328590016997e-07,9.768735891253626e-06,0.9999999999521257,0.0],[2.9243528842926025e-07,-8.046627044677734e-06,-2.8312206268310547e-06,1.0]]","[[0.9999999999992382,1.0970060695960297e-06,-5.659435802556211e-07,0.0],[-6.406811040451483e-07,0.8531518567662632,0.5216626020908811,0.0],[1.0551029218434426e-06,-0.521662602090121,0.853151856766316,0.0],[0.5859399437904358,-0.18379223346710205,-0.1539665162563324,1.0]]",2652134.021937365
112,capture_closed_mid_open_mid_closed,22,355,356,-0.6,-0.6000000238418579,-0.5540792942047119,-0.34866294264793396,"[3.511086106300354e-07,-4.76837158203125e-06,-2.592802047729492e-06,-6.83452162775211e-06,2.988102920653546e-08,7.443228469128371e-07,0.9999999403953552]","[0.5859401226043701,-0.18378938734531403,-0.15396524965763092,0.27350273728370667,2.3232091450609005e-07,7.077686063894362e-07,0.9618712067604065]","[[0.9999999999988902,1.4886451966503958e-06,-5.977222903216516e-08,0.0],[-1.4886460135405571e-06,0.9999999999054706,-1.3669042396283487e-05,0.0],[5.975188066978415e-08,1.3669042485248019e-05,0.9999999999065768,0.0],[3.511086106300354e-07,-4.76837158203125e-06,-2.592802047729492e-06,1.0]]","[[0.9999999999988902,1.4886452991612155e-06,-5.977229436133782e-08,0.0],[-1.234483674978537e-06,0.8503925053956376,0.5261488159270356,0.0],[8.340788992052784e-07,-0.5261488159263779,0.8503925053965316,0.0],[0.5859401226043701,-0.18378938734531403,-0.15396524965763092,1.0]]",2652134.067239745
113,capture_closed_mid_open_mid_closed,23,356,357,-0.6,-0.6000000238418579,-0.5578596591949463,-0.2688131332397461,"[1.434236764907837e-07,-2.6226043701171875e-06,-2.384185791015625e-06,-8.61642365634907e-06,-6.423276488476404e-08,9.319757623416081e-07,0.9999999403953552]","[0.5859402418136597,-0.1837874948978424,-0.15396437048912048,0.27531859278678894,1.9484778590594942e-07,9.136405196841224e-07,0.9613530039787292]","[[0.9999999999982546,1.8639525204964773e-06,1.2844946151637423e-07,0.0],[-1.8639503066696179e-06,0.9999999998497773,-1.7232846405267157e-05,0.0],[-1.284815827083974e-07,1.723284616581364e-05,0.9999999998515062,0.0],[1.434236764907837e-07,-2.6226043701171875e-06,-2.384185791015625e-06,1.0]]","[[0.9999999999982546,1.8639525527565318e-06,1.284494357862687e-07,0.0],[-1.6493716798635417e-06,0.8483993449301351,0.5293567124539081,0.0],[8.777194529834238e-07,-0.529356712453196,0.8483993449317286,0.0],[0.5859402418136597,-0.1837874948978424,-0.15396437048912048,1.0]]",2652134.113083276
114,capture_closed_mid_open_mid_closed,24,357,358,-0.6,-0.6000000238418579,-0.5604666471481323,-0.20670749247074127,"[4.0978193283081055e-07,-1.0132789611816406e-06,-2.5480985641479492e-06,-1.030498697218718e-05,-2.3561302953112317e-07,1.0979140370181995e-06,0.9999999403953552]","[0.585940420627594,-0.1837862879037857,-0.1539635956287384,0.27656999230384827,7.723898676204044e-08,1.1202513405805803e-06,0.960993766784668]","[[0.9999999999974781,2.195832799133246e-06,4.7120340299528837e-07,0.0],[-2.195823087176447e-06,0.9999999997852037,-2.060997323328989e-05,0.0],[-4.712486589546806e-07,2.060997219855848e-05,0.9999999997875034,0.0],[4.0978193283081055e-07,-1.0132789611816406e-06,-2.5480985641479492e-06,1.0]]","[[0.9999999999974781,2.1958330830088808e-06,4.712034396233249e-07,0.0],[-2.1103851391115425e-06,0.8470180787115886,0.5315640773675366,0.0],[7.681081789476623e-07,-0.5315640773671905,0.8470180787140866,0.0],[0.585940420627594,-0.1837862879037857,-0.1539635956287384,1.0]]",2652134.155784693
115,capture_closed_mid_open_mid_closed,25,358,359,-0.6,-0.6000000238418579,-0.5621715784072876,-0.15958628058433533,"[4.4051557779312134e-07,-2.682209014892578e-07,-2.4884939193725586e-06,-1.1283144885965157e-05,-7.289694536893876e-08,1.2238871249792282e-06,0.9999999403953552]","[0.5859404802322388,-0.18378573656082153,-0.1539633870124817,0.2773880660533905,2.6946889875034685e-07,1.1960769370489288e-06,0.9607579708099365]","[[0.9999999999969936,2.4477757490733345e-06,1.4576626345637403e-07,0.0],[-2.447772459046149e-06,0.9999999997423855,-2.2566288605309895e-05,0.0],[-1.4582150063939487e-07,2.2566288248439363e-05,0.9999999997453707,0.0],[4.4051557779312134e-07,-2.682209014892578e-07,-2.4884939193725586e-06,1.0]]","[[0.9999999999969936,2.4477758153151773e-06,1.4576615211858756e-07,0.0],[-2.148785988571595e-06,0.8461117216194585,0.5330055909373408,0.0],[1.1813437215576735e-06,-0.5330055909360516,0.8461117216221745,0.0],[0.5859404802322388,-0.18378573656082153,-0.1539633870124817,1.0]]",2652134.201254181
116,capture_closed_mid_open_mid_closed,26,359,360,-0.6,-0.6000000238418579,-0.563201367855072,-0.12478023767471313,"[3.9674341678619385e-07,4.917383193969727e-07,-2.771615982055664e-06,-1.2674695426539984e-05,-4.796193593392672e-07,1.3485116596712032e-06,0.9999999403953552]","[0.5859403610229492,-0.18378522992134094,-0.15396256744861603,0.2778814136981964,-8.598523493219545e-08,1.4286794112194912e-06,0.960615336894989]","[[0.9999999999959029,2.69703531664589e-06,9.592044775543205e-07,0.0],[-2.697011000528689e-06,0.9999999996750673,-2.5349390635683127e-05,0.0],[-9.592728454525823e-07,2.5349388048593933e-05,0.9999999996782442,0.0],[3.9674341678619385e-07,4.917383193969727e-07,-2.771615982055664e-06,1.0]]","[[0.9999999999959029,2.697035310566832e-06,9.592043798671296e-07,0.0],[-2.792610105127352e-06,0.8455638398381013,0.5338742956728518,0.0],[6.288094381775868e-07,-0.5338742956733432,0.8455638398421689,0.0],[0.5859403610229492,-0.18378522992134094,-0.15396256744861603,1.0]]",2652134.242618901
117,capture_closed_mid_open_mid_closed,27,360,361,-0.6,-0.6000000238418579,-0.5637388825416565,-0.09990405291318893,"[2.1886080503463745e-07,7.599592208862305e-07,-2.726912498474121e-06,-1.3396705980994739e-05,-4.693424955348746e-07,1.4413213875741349e-06,0.9999999403953552]","[0.585940420627594,-0.1837851107120514,-0.15396234393119812,0.27813881635665894,-4.991488822270185e-08,1.514991254225606e-06,0.9605408906936646]","[[0.9999999999954047,2.8826551786162052e-06,9.386463172020568e-07,0.0],[-2.882630028042537e-06,0.9999999996369017,-2.6793411717924428e-05,0.0],[-9.387235530374707e-07,2.6793409012030922e-05,0.9999999996406159,0.0],[2.1886080503463745e-07,7.599592208862305e-07,-2.726912498474121e-06,1.0]]","[[0.9999999999954046,2.882655561596277e-06,9.38646330866618e-07,0.0],[-2.938188633311626e-06,0.8452775976668432,0.5343274127992623,0.0],[7.46865166097383e-07,-0.5343274127995647,0.8452775976714285,0.0],[0.585940420627594,-0.1837851107120514,-0.15396234393119812,1.0]]",2652134.284612951
118,capture_closed_mid_open_mid_closed,28,361,362,-0.6,-0.6000000238418579,-0.5639316439628601,-0.08280689269304276,"[3.7997961044311523e-07,1.0132789611816406e-06,-2.8759241104125977e-06,-1.4096522136242129e-05,-4.933877448820567e-07,1.5211119261948625e-06,0.9999999403953552]","[0.5859405994415283,-0.18378493189811707,-0.15396225452423096,0.27823081612586975,-5.066319275215392e-08,1.5983260936991428e-06,0.96051424741745]","[[0.9999999999948855,3.0422375811615878e-06,9.867325461718322e-07,0.0],[-3.042209760956518e-06,0.9999999995979486,-2.8193044093043835e-05,0.0],[-9.868183157235896e-07,2.8193041091051903e-05,0.9999999996020893,0.0],[3.7997961044311523e-07,1.0132789611816406e-06,-2.8759241104125977e-06,1.0]]","[[0.9999999999948855,3.0422378471002616e-06,9.867325838865724e-07,0.0],[-3.0986220929681573e-06,0.8451752259107557,0.5344893259188034,0.0],[7.920817100541711e-07,-0.5344893259191273,0.8451752259158598,0.0],[0.5859405994415283,-0.18378493189811707,-0.15396225452423096,1.0]]",2652134.325971249
119,capture_closed_mid_open_mid_closed,29,362,363,-0.6,-0.6000000238418579,-0.5638927221298218,-0.07168728113174438,"[4.256144165992737e-07,1.2516975402832031e-06,-2.9653310775756836e-06,-1.4675863894808572e-05,-3.8679655744999764e-07,1.5860850908211432e-06,0.9999999403953552]","[0.585940420627594,-0.18378475308418274,-0.15396210551261902,0.2782115042209625,6.976537036962327e-08,1.6310763157889596e-06,0.9605197310447693]","[[0.9999999999946695,3.172181345713474e-06,7.735465144524155e-07,0.0],[-3.1721586394189453e-06,0.9999999995642067,-2.9351727267102342e-05,0.0],[-7.736396231280894e-07,2.9351724813133328e-05,0.9999999995689388,0.0],[4.256144165992737e-07,1.2516975402832031e-06,-2.9653310775756836e-06,1.0]]","[[0.9999999999946695,3.1721810255763403e-06,7.735463610623258e-07,0.0],[-3.0945429110440784e-06,0.8451967178328978,0.5344552784159868,0.0],[1.0415904201970028e-06,-0.5344552784155316,0.8451967178382089,0.0],[0.585940420627594,-0.18378475308418274,-0.15396210551261902,1.0]]",2652134.368561414
120,capture_closed_mid_open_mid_closed,30,363,364,-0.6,-0.6000000238418579,-0.5637084245681763,-0.06503709405660629,"[2.9243528842926025e-07,1.3560056686401367e-06,-2.905726432800293e-06,-1.5264207831933163e-05,-5.362044817047718e-07,1.6382360854549916e-06,0.9999999403953552]","[0.5859405398368835,-0.18378478288650513,-0.15396176278591156,0.2781224846839905,-5.939225999895825e-08,1.7227320086021791e-06,0.9605455994606018]","[[0.9999999999940573,3.2764883450903215e-06,1.0723588867368158e-06,0.0],[-3.276455606143725e-06,0.9999999995286403,-3.052841560109002e-05,0.0],[-1.0724589122411606e-06,3.052841208737189e-05,0.9999999995334329,0.0],[2.9243528842926025e-07,1.3560056686401367e-06,-2.905726432800293e-06,1.0]]","[[0.9999999999940573,3.276488653981678e-06,1.072358961322198e-06,0.0],[-3.3425619456693092e-06,0.8452957670204714,0.5342986575483067,0.0],[8.441630653861209e-07,-0.534298657548716,0.8452957670263999,0.0],[0.5859405398368835,-0.18378478288650513,-0.15396176278591156,1.0]]",2652134.410566595
121,capture_closed_mid_open_mid_closed,31,364,365,-0.6,-0.6000000238418579,-0.5634424090385437,-0.06165464222431183,"[4.246830940246582e-07,1.1473894119262695e-06,-3.1441450119018555e-06,-1.4442398423852865e-05,-4.375918365440157e-07,1.5435475688718725e-06,0.9999999403953552]","[0.5859404802322388,-0.1837848722934723,-0.1539624184370041,0.27799537777900696,8.779303506400993e-09,1.6043530877141166e-06,0.9605823755264282]","[[0.9999999999948519,3.0871075934898366e-06,8.751390358650678e-07,0.0],[-3.0870823139872353e-06,0.9999999995780692,-2.8884796476925303e-05,0.0],[-8.75228205980971e-07,2.8884793775150044e-05,0.9999999995824513,0.0],[4.246830940246582e-07,1.1473894119262695e-06,-3.1441450119018555e-06,1.0]]","[[0.9999999999948519,3.0871078119489692e-06,8.751389969847119e-07,0.0],[-3.0773453887693753e-06,0.8454371398618665,0.5340749207446789,0.0],[9.088719738552966e-07,-0.5340749207446225,0.8454371398670142,0.0],[0.5859404802322388,-0.1837848722934723,-0.1539624184370041,1.0]]",2652134.452011458
122,capture_closed_mid_open_mid_closed,32,365,366,-0.6,-0.6000000238418579,-0.5631409883499146,-0.060496315360069275,"[2.8032809495925903e-07,1.0132789611816406e-06,-3.3229589462280273e-06,-1.4198871213011444e-05,-6.068268589842774e-07,1.514634391241998e-06,0.9999999403953552]","[0.5859404802322388,-0.18378497660160065,-0.15396250784397125,0.27785080671310425,-1.6206712416533264e-07,1.6236043620665441e-06,0.9606242179870605]","[[0.9999999999946753,3.0292858344383447e-06,1.213610633431844e-06,0.0],[-3.0292513694126677e-06,0.9999999995921959,-2.8397742571627197e-05,0.0],[-1.213696657826468e-06,2.8397738895143878e-05,0.9999999995960477,0.0],[2.8032809495925903e-07,1.0132789611816406e-06,-3.3229589462280273e-06,1.0]]","[[0.9999999999946753,3.0292863788790875e-06,1.2136107723916776e-06,0.0],[-3.2094083036431295e-06,0.8455978584124821,0.5338204278311731,0.0],[5.908683547407395e-07,-0.5338204278322256,0.8455978584177019,0.0],[0.5859404802322388,-0.18378497660160065,-0.15396250784397125,1.0]]",2652134.494039502
123,capture_closed_mid_open_mid_closed,33,366,367,-0.6,-0.6000000238418579,-0.5628342032432556,-0.06084098666906357,"[1.471489667892456e-07,1.0132789611816406e-06,-3.3527612686157227e-06,-1.4182686754793394e-05,-6.716680331919633e-07,1.4910791605871054e-06,0.9999999403953552]","[0.5859404802322388,-0.18378490209579468,-0.15396255254745483,0.27770352363586426,-2.3114829161841044e-07,1.6189582083825371e-06,0.9606667757034302]","[[0.9999999999946511,2.9821771955383593e-06,1.3432936912975351e-06,0.0],[-2.9821390913090876e-06,0.9999999995932561,-2.836537382189919e-05,0.0],[-1.34337828133218e-06,2.8365369815858364e-05,0.9999999995968005,0.0],[1.471489667892456e-07,1.0132789611816406e-06,-3.3527612686157227e-06,1.0]]","[[0.9999999999946511,2.982177333961222e-06,1.3432937662109018e-06,0.0],[-3.2389401142205937e-06,0.8457615059152079,0.5335610973047457,0.0],[4.5506783013724356e-07,-0.5335610973062425,0.8457615059203432,0.0],[0.5859404802322388,-0.18378490209579468,-0.15396255254745483,1.0]]",2652134.535915737
124,capture_closed_mid_open_mid_closed,34,367,368,-0.6,-0.6000000238418579,-0.5625416040420532,-0.062124695628881454,"[3.4086406230926514e-07,1.0728836059570312e-06,-3.471970558166504e-06,-1.4200410078046843e-05,-6.898916353748064e-07,1.489262899667665e-06,0.9999999403953552]","[0.5859405994415283,-0.18378493189811707,-0.15396256744861603,0.2775630056858063,-2.4939666332102206e-07,1.6222380736508057e-06,0.960707426071167]","[[0.9999999999946123,2.978545215289621e-06,1.3797408922203425e-06,0.0],[-2.978506028313094e-06,0.9999999995922609,-2.8400820518132926e-05,0.0],[-1.3798254847958995e-06,2.8400816408412854e-05,0.9999999995957448,0.0],[3.4086406230926514e-07,1.0728836059570312e-06,-3.471970558166504e-06,1.0]]","[[0.9999999999946123,2.9785457534646397e-06,1.379741004300693e-06,0.0],[-3.2554389033822155e-06,0.8459175557440588,0.5333136815291661,0.0],[4.21352098341187e-07,-0.5333136815307844,0.8459175557491978,0.0],[0.5859405994415283,-0.18378493189811707,-0.15396256744861603,1.0]]",2652134.577915848
125,capture_closed_mid_open_mid_closed,35,368,369,-0.6,-0.6000000238418579,-0.5622753500938416,-0.06395508348941803,"[2.207234501838684e-07,1.0132789611816406e-06,-3.427267074584961e-06,-1.404279191774549e-05,-6.795979743401404e-07,1.4728138921782374e-06,0.9999999403953552]","[0.5859404802322388,-0.18378490209579468,-0.15396259725093842,0.2774352431297302,-2.442868662910769e-07,1.6035454564189422e-06,0.9607442617416382]","[[0.999999999994738,2.94564669568926e-06,1.3591545028278461e-06,0.0],[-2.9456085218774945e-06,0.9999999996012616,-2.8085584163302406e-05,0.0],[-1.3592372325039319e-06,2.8085580159617057e-05,0.9999999996046763,0.0],[2.207234501838684e-07,1.0132789611816406e-06,-3.427267074584961e-06,1.0]]","[[0.999999999994738,2.94564661910702e-06,1.3591544571583248e-06,0.0],[-3.2167417636784794e-06,0.8460593717339522,0.5330886356827856,0.0],[4.2036563712632904e-07,-0.5330886356843526,0.8460593717389756,0.0],[0.5859404802322388,-0.18378490209579468,-0.15396259725093842,1.0]]",2652134.619508493
126,capture_closed_mid_open_mid_closed,36,369,370,-0.6,-0.6000000238418579,-0.5620419979095459,-0.0659961849451065,"[1.6205012798309326e-07,9.08970832824707e-07,-3.4123659133911133e-06,-1.3922284779255278e-05,-6.429964400922472e-07,1.4663198726339033e-06,0.9999999403953552]","[0.5859405994415283,-0.18378496170043945,-0.15396277606487274,0.27732327580451965,-2.1110918169142678e-07,1.5871268033151864e-06,0.9607766270637512]","[[0.9999999999948729,2.9326574744279583e-06,1.285951974487657e-06,0.0],[-2.9326216665097543e-06,0.9999999996080398,-2.7844569784521797e-05,0.0],[-1.2860336325790341e-06,2.7844566013167962e-05,0.9999999996115131,0.0],[1.6205012798309326e-07,9.08970832824707e-07,-3.4123659133911133e-06,1.0]]","[[0.9999999999948729,2.932657693985121e-06,1.2859519434804014e-06,0.0],[-3.166839653261433e-06,0.8461836013890627,0.5328914430668035,0.0],[4.746368733696908e-07,-0.5328914430681437,0.8461836013940115,0.0],[0.5859405994415283,-0.18378496170043945,-0.15396277606487274,1.0]]",2652134.660748025
127,capture_closed_mid_open_mid_closed,37,370,371,-0.6,-0.6000000238418579,-0.5618430972099304,-0.06807304173707962,"[4.591420292854309e-07,9.685754776000977e-07,-3.6209821701049805e-06,-1.363756109640235e-05,-5.846181352353597e-07,1.4431171848627855e-06,0.9999999403953552]","[0.5859405994415283,-0.18378493189811707,-0.15396293997764587,0.2772280275821686,-1.6160981886059744e-07,1.5486278925891384e-06,0.9608041048049927]","[[0.9999999999951513,2.8862501432236712e-06,1.169196839581251e-06,0.0],[-2.886218252161522e-06,0.9999999996238687,-2.7275122254425688e-05,0.0],[-1.1692755619763625e-06,2.7275118879735776e-05,0.9999999996273503,0.0],[4.591420292854309e-07,9.685754776000977e-07,-3.6209821701049805e-06,1.0]]","[[0.9999999999951513,2.886250529389029e-06,1.1691968669185412e-06,0.0],[-3.065461614671569e-06,0.8462892414410043,0.532723653735378,0.0],[5.480953575663278e-07,-0.5327236537363792,0.8462892414457486,0.0],[0.5859405994415283,-0.18378493189811707,-0.15396293997764587,1.0]]",2652134.702953747
128,capture_closed_mid_open_mid_closed,38,371,372,-0.6,-0.6000000238418579,-0.5616779327392578,-0.07003188133239746,"[3.3993273973464966e-07,7.897615432739258e-07,-3.4868717193603516e-06,-1.339792743237922e-05,-5.041719646214915e-07,1.4294229231381905e-06,0.9999999403953552]","[0.585940420627594,-0.18378503620624542,-0.15396298468112946,0.27714890241622925,-8.823873542951333e-08,1.513160100330424e-06,0.9608269333839417]","[[0.9999999999954051,2.858859185594681e-06,1.0083055665318124e-06,0.0],[-2.858832166157099e-06,0.9999999996369046,-2.6795854708950957e-05,0.0],[-1.0083821717501902e-06,2.67958518262511e-05,0.9999999996404827,0.0],[3.3993273973464966e-07,7.897615432739258e-07,-3.4868717193603516e-06,1.0]]","[[0.9999999999954051,2.8588594204890663e-06,1.0083056291100492e-06,0.0],[-2.956680495188609e-06,0.8463769717743795,0.5325842599983547,0.0],[6.691770148363842e-07,-0.5325842599988887,0.8463769717789433,0.0],[0.585940420627594,-0.18378503620624542,-0.15396298468112946,1.0]]",2652134.74469195
129,capture_closed_mid_open_mid_closed,39,372,373,-0.6,-0.6000000238418579,-0.5615442991256714,-0.07178879529237747,"[3.129243850708008e-07,8.493661880493164e-07,-3.382563591003418e-06,-1.3721122741117142e-05,-4.6792641228421417e-07,1.4606473541789455e-06,0.9999999403953552]","[0.5859404802322388,-0.1837850660085678,-0.1539629101753235,0.2770843803882599,-4.4861419468134045e-08,1.5331124814110808e-06,0.9608455896377563]","[[0.9999999999952951,2.921307375186631e-06,9.358126853439968e-07,0.0],[-2.9212816932836843e-06,0.9999999996191946,-2.7442245213499943e-05,0.0],[-9.358928522305096e-07,2.744224247959804e-05,0.9999999996230237,0.0],[3.129243850708008e-07,8.493661880493164e-07,-3.382563591003418e-06,1.0]]","[[0.9999999999952951,2.9213079351315357e-06,9.358128380362858e-07,0.0],[-2.971029529598199e-06,0.8464484922850073,0.5324706097070023,0.0],[7.633932498729019e-07,-0.5324706097072774,0.8464484922897042,0.0],[0.5859404802322388,-0.1837850660085678,-0.1539629101753235,1.0]]",2652134.787713155
130,capture_closed_mid_open_mid_closed,40,373,374,-0.6,-0.6000000238418579,-0.5614379048347473,-0.07336132973432541,"[4.12575900554657e-07,7.748603820800781e-07,-3.5017728805541992e-06,-1.344058819086058e-05,-4.5756448230349633e-07,1.4364442222358775e-06,0.9999999403953552]","[0.585940420627594,-0.18378503620624542,-0.15396307408809662,0.27703356742858887,-4.169197609371622e-08,1.5069834944370086e-06,0.9608601927757263]","[[0.9999999999954545,2.8729005731058147e-06,9.150902967505554e-07,0.0],[-2.872875973362705e-06,0.9999999996345744,-2.6881176094009907e-05,0.0],[-9.151675233715563e-07,2.6881173464946477e-05,0.9999999996382825,0.0],[4.12575900554657e-07,7.748603820800781e-07,-3.5017728805541992e-06,1.0]]","[[0.9999999999954545,2.8729007482083843e-06,9.150903474129893e-07,0.0],[-2.919101055689943e-06,0.846504805031037,0.5323810540094365,0.0],[7.548497066665527e-07,-0.5323810540096878,0.8465048050355756,0.0],[0.585940420627594,-0.18378503620624542,-0.15396307408809662,1.0]]",2652134.82851268
131,capture_closed_mid_open_mid_closed,41,374,375,-0.6,-0.6000000238418579,-0.561355710029602,-0.07468539476394653,"[2.952292561531067e-07,7.450580596923828e-07,-3.5017728805541992e-06,-1.3375906746659894e-05,-4.933130526296736e-07,1.4325225947686704e-06,0.9999999403953552]","[0.5859403014183044,-0.18378505110740662,-0.15396298468112946,0.2769940495491028,-7.719000194583714e-08,1.5131162172110635e-06,0.9608715772628784]","[[0.999999999995409,2.8650582157861178e-06,9.865877238745686e-07,0.0],[-2.865031821748562e-06,0.999999999638066,-2.6751813312151634e-05,0.0],[-9.866643690291289e-07,2.675181048542326e-05,0.9999999996416835,0.0],[2.952292561531067e-07,7.450580596923828e-07,-3.5017728805541992e-06,1.0]]","[[0.999999999995409,2.8650583899799083e-06,9.86587734724667e-07,0.0],[-2.9505830748746305e-06,0.8465485930241994,0.532311418565123,0.0],[6.899090190501822e-07,-0.5323114185655902,0.8465485930287665,0.0],[0.5859403014183044,-0.18378505110740662,-0.15396298468112946,1.0]]",2652134.872886081
132,capture_closed_mid_open_mid_closed,42,375,376,-0.6,-0.6000000238418579,-0.5612934231758118,-0.07578135281801224,"[3.2689422369003296e-07,7.450580596923828e-07,-3.3974647521972656e-06,-1.3328703971637879e-05,-5.030718170928594e-07,1.4290613989942358e-06,0.9999999403953552]","[0.5859403610229492,-0.183785080909729,-0.15396298468112946,0.2769641876220703,-8.75727579341401e-08,1.5124910532904323e-06,0.9608802199363708]","[[0.9999999999954094,2.8581360382217306e-06,1.006105479142196e-06,0.0],[-2.8581092170404243e-06,0.9999999996406068,-2.6657407792211456e-05,0.0],[-1.006181669287574e-06,2.6657404916529396e-05,0.9999999996441852,0.0],[3.2689422369003296e-07,7.450580596923828e-07,-3.3974647521972656e-06,1.0]]","[[0.9999999999954094,2.858136436356901e-06,1.0061055735288503e-06,0.0],[-2.9551545073931143e-06,0.846581677545118,0.5322588190333215,0.0],[6.695178499120859e-07,-0.5322588190338513,0.846581677549678,0.0],[0.5859403610229492,-0.183785080909729,-0.15396298468112946,1.0]]",2652134.914575229
133,capture_closed_mid_open_mid_closed,43,376,377,-0.6,-0.6000000238418579,-0.5612478852272034,-0.07666891068220139,"[3.25031578540802e-07,7.897615432739258e-07,-3.427267074584961e-06,-1.3468234101310372e-05,-4.4815627120442514e-07,1.4365507468028227e-06,0.9999999403953552]","[0.5859404802322388,-0.18378505110740662,-0.15396305918693542,0.27694231271743774,-3.2765356650088506e-08,1.5044762449178961e-06,0.960886538028717]","[[0.999999999995471,2.8731133941026004e-06,8.962737933809468e-07,0.0],[-2.8730892506083025e-06,0.999999999633086,-2.693646788468058e-05,0.0],[-8.963511845879723e-07,2.6936465309483673e-05,0.9999999996368116,0.0],[3.25031578540802e-07,7.897615432739258e-07,-3.427267074584961e-06,1.0]]","[[0.999999999995471,2.8731137137558284e-06,8.962738416295764e-07,0.0],[-2.909410168346577e-06,0.8466059108489069,0.5322202802013516,0.0],[7.703386811544574e-07,-0.5322202802015488,0.8466059108534317,0.0],[0.5859404802322388,-0.18378505110740662,-0.15396305918693542,1.0]]",2652134.956315625
134,capture_closed_mid_open_mid_closed,44,377,378,-0.6,-0.6000000238418579,-0.561215341091156,-0.07737722992897034,"[3.67872416973114e-07,6.854534149169922e-07,-3.4570693969726562e-06,-1.322345451626461e-05,-4.103489459339471e-07,1.4202256579665118e-06,0.9999999403953552]","[0.585940420627594,-0.183785080909729,-0.15396320819854736,0.2769269049167633,-9.823379887308192e-10,1.4783187225475558e-06,0.9608909487724304]","[[0.9999999999956292,2.8404619990901765e-06,8.20660282371706e-07,0.0],[-2.8404402941676873e-06,0.9999999996462464,-2.6446908621746806e-05,0.0],[-8.207354035292698e-07,2.6446906290594397e-05,0.9999999996499437,0.0],[3.67872416973114e-07,6.854534149169922e-07,-3.4570693969726562e-06,1.0]]","[[0.9999999999956292,2.8404620881559335e-06,8.206602959952095e-07,0.0],[-2.8415502314311394e-06,0.846622978662073,0.5321931128121598,0.0],[8.168846172671824e-07,-0.5321931128121655,0.8466229786664439,0.0],[0.585940420627594,-0.183785080909729,-0.15396320819854736,1.0]]",2652134.998410286
135,capture_closed_mid_open_mid_closed,45,378,379,-0.6,-0.6000000238418579,-0.5611934065818787,-0.07791805267333984,"[3.818422555923462e-07,7.599592208862305e-07,-3.4123659133911133e-06,-1.3363727703108452e-05,-3.864991811042273e-07,1.4305097693068092e-06,0.9999999403953552]","[0.5859403610229492,-0.1837850660085678,-0.153963103890419,0.27691614627838135,2.4766308115431457e-08,1.4815960867053946e-06,0.9608940482139587]","[[0.9999999999956085,2.8610296982231925e-06,7.729600822480946e-07,0.0],[-2.8610090379439376e-06,0.9999999996387289,-2.6727454918918128e-05,0.0],[-7.730365500202291e-07,2.672745270735471e-05,0.9999999996425228,0.0],[3.818422555923462e-07,7.599592208862305e-07,-3.4123659133911133e-06,1.0]]","[[0.9999999999956085,2.8610301043463485e-06,7.729601612144745e-07,0.0],[-2.8335973419428754e-06,0.8466348958562699,0.5321741536265586,0.0],[8.681513534718791e-07,-0.5321741536264118,0.846634895860659,0.0],[0.5859403610229492,-0.1837850660085678,-0.153963103890419,1.0]]",2652135.039905396
136,capture_closed_mid_open_mid_closed,46,379,380,-0.6,-0.6000000238418579,-0.5611792802810669,-0.07831823080778122,"[3.3993273973464966e-07,6.854534149169922e-07,-3.4868717193603516e-06,-1.3473286344378721e-05,-4.6677436671416217e-07,1.4448319234361406e-06,0.9999999403953552]","[0.585940420627594,-0.18378515541553497,-0.15396304428577423,0.276909202337265,-4.841393419496853e-08,1.517588202659681e-06,0.9608960747718811]","[[0.9999999999953891,2.889676252604296e-06,9.335097445160358e-07,0.0],[-2.8896510966654923e-06,0.999999999632766,-2.694657243143756e-05,0.0],[-9.335876110529316e-07,2.6946569733795537e-05,0.9999999996365053,0.0],[3.3993273973464966e-07,6.854534149169922e-07,-3.4868717193603516e-06,1.0]]","[[0.9999999999953891,2.889676566311728e-06,9.335097960142907e-07,0.0],[-2.943301621911478e-06,0.8466425873172732,0.5321619311880341,0.0],[7.474267586854531e-07,-0.5321619311883281,0.8466425873218746,0.0],[0.585940420627594,-0.18378515541553497,-0.15396304428577423,1.0]]",2652135.082018732
137,capture_closed_mid_open_mid_closed,47,380,381,-0.6,-0.6000000238418579,-0.5611706972122192,-0.0786360427737236,"[3.8277357816696167e-07,6.854534149169922e-07,-3.471970558166504e-06,-1.3225343536760192e-05,-4.2619703322088753e-07,1.4217487205314683e-06,0.9999999403953552]","[0.5859403610229492,-0.18378505110740662,-0.1539631336927414,0.2769052982330322,-1.5822143595300986e-08,1.4841708662061137e-06,0.9608971476554871]","[[0.999999999995594,2.843508544781639e-06,8.523564094046256e-07,0.0],[-2.8434859983729242e-06,0.9999999996461378,-2.645068670882675e-05,0.0],[-8.524316218656335e-07,2.6450684285046404e-05,0.9999999996498173,0.0],[3.8277357816696167e-07,6.854534149169922e-07,-3.471970558166504e-06,1.0]]","[[0.999999999995594,2.843508633159771e-06,8.523564579722039e-07,0.0],[-2.8610335747235417e-06,0.8466469116165454,0.5321550224855783,0.0],[7.915426473701229e-07,-0.5321550224856723,0.8466469116209505,0.0],[0.5859403610229492,-0.18378505110740662,-0.1539631336927414,1.0]]",2652135.124546728
138,capture_closed_mid_open_mid_closed,48,381,382,-0.6,-0.6000000238418579,-0.5611666440963745,-0.07883473485708237,"[3.371387720108032e-07,7.748603820800781e-07,-3.4123659133911133e-06,-1.3547983144235332e-05,-4.1479304968561337e-07,1.448848593099683e-06,0.9999999403953552]","[0.585940420627594,-0.183785080909729,-0.15396302938461304,0.2769031822681427,2.6375006623169384e-09,1.5070530707816943e-06,0.9608978033065796]","[[0.9999999999954575,2.8977082527016458e-06,8.295467919714063e-07,0.0],[-2.8976857742646636e-06,0.999999999628706,-2.709596587536987e-05,0.0],[-8.296253078766777e-07,2.7095963471480566e-05,0.9999999996325601,0.0],[3.371387720108032e-07,7.748603820800781e-07,-3.4123659133911133e-06,1.0]]","[[0.9999999999954575,2.89770863501439e-06,8.295468451075754e-07,0.0],[-2.8947873057078707e-06,0.8466492552950091,0.5321513191401275,0.0],[8.396843194781352e-07,-0.5321513191401115,0.8466492552995515,0.0],[0.585940420627594,-0.183785080909729,-0.15396302938461304,1.0]]",2652135.227426406
139,capture_closed_mid_open_mid_closed,49,382,383,-0.6,-0.6000000238418579,-0.5611653327941895,-0.07899794727563858,"[2.775341272354126e-07,7.003545761108398e-07,-3.293156623840332e-06,-1.3272154319565743e-05,-4.128598902752856e-07,1.4237990626497776e-06,0.9999999403953552]","[0.5859404802322388,-0.1837850660085678,-0.15396317839622498,0.2769027352333069,-2.4426525246923347e-09,1.4824477148067672e-06,0.9608979225158691]","[[0.9999999999956047,2.8476089146498327e-06,8.256819375720779e-07,0.0],[-2.8475869964891284e-06,0.9999999996436454,-2.654430823262645e-05,0.0],[-8.25757525095596e-07,2.654430588130835e-05,0.999999999647359,0.0],[2.775341272354126e-07,7.003545761108398e-07,-3.293156623840332e-06,1.0]]","[[0.9999999999956047,2.847609104461817e-06,8.256819336135282e-07,0.0],[-2.850314613123064e-06,0.846649750436231,0.5321505260492855,0.0],[8.162933746679082e-07,-0.5321505260492999,0.8466497504406263,0.0],[0.5859404802322388,-0.1837850660085678,-0.15396317839622498,1.0]]",2652135.27075186
140,capture_closed_mid_open_mid_closed,50,383,384,-0.6,-0.6000000238418579,-0.5611663460731506,-0.07907190173864365,"[4.116445779800415e-07,7.152557373046875e-07,-3.635883331298828e-06,-1.3401086107478477e-05,-4.6783236484770896e-07,1.4395254765986465e-06,0.9999999403953552]","[0.5859405398368835,-0.1837850958108902,-0.15396322309970856,0.2769031524658203,-5.090966936904806e-08,1.512781977908162e-06,0.9608978033065796]","[[0.9999999999954178,2.879063320516094e-06,9.356260915157224e-07,0.0],[-2.8790382426688734e-06,0.9999999996366773,-2.6802171964336215e-05,0.0],[-9.357032563351857e-07,2.6802169270509785e-05,0.999999999640384,0.0],[4.116445779800415e-07,7.152557373046875e-07,-3.635883331298828e-06,1.0]]","[[0.9999999999954178,2.879063663028907e-06,9.35626176280063e-07,0.0],[-2.935451854786035e-06,0.8466492883044043,0.5321512618659933,0.0],[7.399502184249329e-07,-0.5321512618663012,0.8466492883089761,0.0],[0.5859405398368835,-0.1837850958108902,-0.15396322309970856,1.0]]",2652135.312028794
141,capture_closed_mid_open_mid_closed,51,384,385,-0.6,-0.6000000238418579,-0.5611680150032043,-0.0791306123137474,"[4.12575900554657e-07,7.003545761108398e-07,-3.471970558166504e-06,-1.3348840184335131e-05,-4.3306363295414485e-07,1.436794036635547e-06,0.9999999403953552]","[0.585940420627594,-0.1837851107120514,-0.15396305918693542,0.2769039273262024,-1.825583773040762e-08,1.500529265285877e-06,0.9608975648880005]","[[0.9999999999954962,2.8735994637863496e-06,8.66088855215136e-07,0.0],[-2.8735763401974455e-06,0.9999999996394882,-2.6697680021811e-05,0.0],[-8.661655733510274e-07,2.6697677532918016e-05,0.9999999996432418,0.0],[4.12575900554657e-07,7.003545761108398e-07,-3.471970558166504e-06,1.0]]","[[0.9999999999954962,2.8735996077844e-06,8.660888732913991e-07,0.0],[-2.893820060441119e-06,0.8466484300581473,0.5321526189512887,0.0],[7.959209132108424e-07,-0.5321526189513982,0.8466484300626498,0.0],[0.585940420627594,-0.1837851107120514,-0.15396305918693542,1.0]]",2652135.353728012
142,capture_closed_mid_open_mid_closed,52,385,386,-0.6,-0.6000000238418579,-0.5611706972122192,-0.0791594535112381,"[2.3655593395233154e-07,7.003545761108398e-07,-3.3974647521972656e-06,-1.346401131741004e-05,-4.946309672959615e-07,1.444971871933376e-06,0.9999999403953552]","[0.585940420627594,-0.18378514051437378,-0.15396296977996826,0.2769050598144531,-7.51489608319389e-08,1.525436459814955e-06,0.9608972668647766]","[[0.9999999999953348,2.8899568910465647e-06,9.892229653920426e-07,0.0],[-2.8899302521787986e-06,0.9999999996332649,-2.6928022459240526e-05,0.0],[-9.893007858625908e-07,2.692801960032919e-05,0.9999999996369515,0.0],[2.3655593395233154e-07,7.003545761108398e-07,-3.3974647521972656e-06,1.0]]","[[0.9999999999953348,2.8899571950358178e-06,9.89223010438692e-07,0.0],[-2.973193705012466e-06,0.8466471756936543,0.5321546303132417,0.0],[7.00381286154139e-07,-0.5321546303137002,0.846647175698297,0.0],[0.585940420627594,-0.18378514051437378,-0.15396296977996826,1.0]]",2652135.396854087
143,capture_closed_mid_open_mid_closed,53,386,387,-0.6,-0.6000000238418579,-0.5611735582351685,-0.07916844636201859,"[4.5821070671081543e-07,6.854534149169922e-07,-3.5762786865234375e-06,-1.3403663615463302e-05,-4.5953797211950587e-07,1.439658376511943e-06,0.9999999403953552]","[0.585940420627594,-0.1837851107120514,-0.153963103890419,0.2769065499305725,-4.289747579377945e-08,1.5106129467312712e-06,0.9608967900276184]","[[0.9999999999954324,2.8793289003880274e-06,9.190372960646166e-07,0.0],[-2.8793042624184403e-06,0.9999999996365384,-2.6807326956240767e-05,0.0],[-9.191144828510165e-07,2.6807324309930005e-05,0.9999999996402612,0.0],[4.5821070671081543e-07,6.854534149169922e-07,-3.5762786865234375e-06,1.0]]","[[0.9999999999954324,2.879329078930909e-06,9.190373323006843e-07,0.0],[-2.926843447022052e-06,0.8466455252065308,0.5321572299316896,0.0],[7.541571451385638e-07,-0.5321572299319487,0.846645525211091,0.0],[0.585940420627594,-0.1837851107120514,-0.153963103890419,1.0]]",2652135.441069837
144,capture_closed_mid_open_mid_closed,54,387,388,-0.6,-0.6000000238418579,-0.5611764192581177,-0.07917520403862,"[3.1013041734695435e-07,6.705522537231445e-07,-3.4421682357788086e-06,-1.3162662071408704e-05,-4.139170641792589e-07,1.4173258477967465e-06,0.9999999403953552]","[0.5859403014183044,-0.1837850660085678,-0.15396316349506378,0.2769082486629486,-5.242721812237505e-09,1.4765204241484753e-06,0.9608963131904602]","[[0.9999999999956397,2.8346624231359686e-06,8.277967674533993e-07,0.0],[-2.8346406301342028e-06,0.9999999996494711,-2.6325323747016523e-05,0.0],[-8.278713905781179e-07,2.6325321400395104e-05,0.999999999653146,0.0],[3.1013041734695435e-07,6.705522537231445e-07,-3.4421682357788086e-06,1.0]]","[[0.9999999999956397,2.8346625579988617e-06,8.277967936529811e-07,0.0],[-2.840469569659876e-06,0.846643643640477,0.5321602304644936,0.0],[8.076459454111322e-07,-0.5321602304645244,0.8466436436448372,0.0],[0.5859403014183044,-0.1837850660085678,-0.15396316349506378,1.0]]",2652135.485795909
145,capture_closed_mid_open_mid_closed,55,388,389,-0.6,-0.6000000238418579,-0.561179518699646,-0.07914011925458908,"[1.9278377294540405e-07,7.599592208862305e-07,-3.248453140258789e-06,-1.3678449249709956e-05,-4.0852864913176745e-07,1.4651800483989064e-06,0.9999999403953552]","[0.5859405398368835,-0.18378505110740662,-0.15396299958229065,0.2769091725349426,1.3189056069506933e-08,1.5210109722829657e-06,0.9608960747718811]","[[0.9999999999953727,2.9303710982115286e-06,8.170171667812574e-07,0.0],[-2.9303487460579516e-06,0.9999999996215065,-2.7356898065957748e-05,0.0],[-8.170973323449923e-07,2.7356895671685643e-05,0.9999999996254663,0.0],[1.9278377294540405e-07,7.599592208862305e-07,-3.248453140258789e-06,1.0]]","[[0.9999999999953727,2.9303712871087765e-06,8.170171550886182e-07,0.0],[-2.91576260469788e-06,0.8466426203273998,0.532161873914352,0.0],[8.677104039171601e-07,-0.5321618739142718,0.8466426203320264,0.0],[0.5859405398368835,-0.18378505110740662,-0.15396299958229065,1.0]]",2652135.528505732
146,capture_closed_mid_open_mid_closed,56,389,390,-0.6,-0.6000000238418579,-0.5611817836761475,-0.07913054525852203,"[5.615875124931335e-07,8.195638656616211e-07,-3.56137752532959e-06,-1.3557845704781357e-05,-4.5140723159420304e-07,1.4504749970001285e-06,0.9999999403953552]","[0.5859405994415283,-0.18378505110740662,-0.1539631187915802,0.27691036462783813,-3.208309351521166e-08,1.5187551980488934e-06,0.9608957171440125]","[[0.9999999999953847,2.9009620613093552e-06,9.027750787440548e-07,0.0],[-2.900937580870971e-06,0.9999999996281619,-2.7115691102851366e-05,0.0],[-9.028537400088866e-07,2.7115688483831754e-05,0.9999999996319621,0.0],[5.615875124931335e-07,8.195638656616211e-07,-3.56137752532959e-06,1.0]]","[[0.9999999999953847,2.9009624481434035e-06,9.027751256472826e-07,0.0],[-2.9364990126381487e-06,0.8466412999187423,0.5321639668072555,0.0],[7.794610970412917e-07,-0.5321639668074505,0.8466412999233535,0.0],[0.5859405994415283,-0.18378505110740662,-0.1539631187915802,1.0]]",2652135.572480573
147,capture_closed_mid_open_mid_closed,57,390,391,-0.6,-0.6000000238418579,-0.5611836314201355,-0.07913025468587875,"[3.110617399215698e-07,6.854534149169922e-07,-3.382563591003418e-06,-1.328266353084473e-05,-4.3772359958893503e-07,1.4235678236218519e-06,0.9999999403953552]","[0.585940420627594,-0.1837851107120514,-0.1539631336927414,0.27691155672073364,-2.638441110036638e-08,1.4891110140524688e-06,0.9608954191207886]","[[0.9999999999955637,2.8471471058117806e-06,8.754093294523217e-07,0.0],[-2.847123849270609e-06,0.9999999996430886,-2.656532672453104e-05,0.0],[-8.754849645419798e-07,2.6565324232014112e-05,0.9999999996467585,0.0],[3.110617399215698e-07,6.854534149169922e-07,-3.382563591003418e-06,1.0]]","[[0.9999999999955637,2.8471476072287343e-06,8.754094175876023e-07,0.0],[-2.8763722006325837e-06,0.8466399795045649,0.5321660927090401,0.0],[7.739987785374353e-07,-0.5321660927091973,0.8466399795089985,0.0],[0.585940420627594,-0.1837851107120514,-0.1539631336927414,1.0]]",2652135.616880775
148,capture_closed_mid_open_mid_closed,58,391,392,-0.6,-0.6000000238418579,-0.5611855387687683,-0.07909136265516281,"[2.3655593395233154e-07,6.854534149169922e-07,-3.4570693969726562e-06,-1.3411938198260032e-05,-4.852294637203158e-07,1.4390718661161372e-06,0.9999999403953552]","[0.5859404802322388,-0.1837851107120514,-0.153963103890419,0.2769123315811157,-6.773755956146488e-08,1.517164264441817e-06,0.9608951807022095]","[[0.9999999999953872,2.8781565764166986e-06,9.704202681109095e-07,0.0],[-2.878130544946381e-06,0.999999999636098,-2.682387619425258e-05,0.0],[-9.704974710826345e-07,2.68238734011323e-05,0.9999999996397689,0.0],[2.3655593395233154e-07,6.854534149169922e-07,-3.4570693969726562e-06,1.0]]","[[0.9999999999953872,2.878156928963949e-06,9.70420376786545e-07,0.0],[-2.953186391179069e-06,0.8466391212320169,0.5321674497864072,0.0],[7.10065598645983e-07,-0.5321674497868182,0.8466391212366112,0.0],[0.5859404802322388,-0.1837851107120514,-0.153963103890419,1.0]]",2652135.660649935
149,capture_closed_mid_open_mid_closed,59,392,393,-0.6,-0.6000000238418579,-0.5611869692802429,-0.07907111197710037,"[4.731118679046631e-07,7.152557373046875e-07,-3.5315752029418945e-06,-1.3359705917537212e-05,-4.455747841802804e-07,1.436500383533712e-06,0.9999999403953552]","[0.5859404802322388,-0.1837851107120514,-0.15396316349506378,0.2769130766391754,-3.034470452689675e-08,1.5037120419947314e-06,0.9608949422836304]","[[0.9999999999954758,2.8730125013193956e-06,8.911111327985585e-07,0.0],[-2.872988690327072e-06,0.9999999996389094,-2.671941152261007e-05,0.0],[-8.911878976892562e-07,2.6719408962336678e-05,0.9999999996426394,0.0],[4.731118679046631e-07,7.152557373046875e-07,-3.5315752029418945e-06,1.0]]","[[0.9999999999954758,2.8730129006269552e-06,8.911112020662486e-07,0.0],[-2.9066242825879544e-06,0.84663829596793,0.5321687495894747,0.0],[7.744789096463035e-07,-0.5321687495896572,0.8466382959724505,0.0],[0.5859404802322388,-0.1837851107120514,-0.15396316349506378,1.0]]",2652135.701776783
150,capture_closed_mid_open_mid_closed,60,393,394,-0.6,-0.6000000238418579,-0.5611882209777832,-0.07905828952789307,"[4.190951585769653e-08,6.556510925292969e-07,-3.3527612686157227e-06,-1.3473866601998452e-05,-5.043264081905363e-07,1.4447840612774598e-06,0.9999999403953552]","[0.5859404802322388,-0.1837851107120514,-0.15396302938461304,0.27691352367401123,-8.450378885527243e-08,1.5279415492841508e-06,0.9608948230743408]","[[0.9999999999953165,2.8895815407767337e-06,1.0086138226052592e-06,0.0],[-2.8895543598697427e-06,0.999999999632735,-2.694773305507235e-05,0.0],[-1.0086916899161004e-06,2.6947730140501327e-05,0.9999999996364012,0.0],[4.190951585769653e-08,6.556510925292969e-07,-3.3527612686157227e-06,1.0]]","[[0.9999999999953165,2.8895817654632204e-06,1.0086138632428011e-06,0.0],[-2.983182733206093e-06,0.8466378008082165,0.5321695426750044,0.0],[6.838168502780073e-07,-0.5321695426755209,0.8466378008128713,0.0],[0.5859404802322388,-0.1837851107120514,-0.15396302938461304,1.0]]",2652135.74746624
151,capture_closed_mid_open_mid_closed,61,394,395,-0.6,-0.6000000238418579,-0.5611892938613892,-0.07904396206140518,"[5.317851901054382e-07,7.301568984985352e-07,-3.591179847717285e-06,-1.3413679880613927e-05,-4.6672946041326213e-07,1.4397508039110107e-06,0.9999999403953552]","[0.5859406590461731,-0.18378505110740662,-0.15396320819854736,0.276914119720459,-4.977021816898741e-08,1.5126936432352522e-06,0.9608946442604065]","[[0.9999999999954186,2.8795139573094968e-06,9.334202404752539e-07,0.0],[-2.8794889150712052e-06,0.9999999996360006,-2.6827359506140836e-05,0.0],[-9.334974899008199e-07,2.6827356818244374e-05,0.9999999996397108,0.0],[5.317851901054382e-07,7.301568984985352e-07,-3.591179847717285e-06,1.0]]","[[0.9999999999954186,2.8795142880779112e-06,9.334203294109518e-07,0.0],[-2.9346425926881526e-06,0.8466371405943102,0.5321705891187976,0.0],[7.421245850819439e-07,-0.5321705891190986,0.8466371405988817,0.0],[0.5859406590461731,-0.18378505110740662,-0.15396320819854736,1.0]]",2652135.793159634
152,capture_closed_mid_open_mid_closed,62,395,396,-0.6,-0.6000000238418579,-0.5611898899078369,-0.07904457300901413,"[3.688037395477295e-07,7.152557373046875e-07,-3.5017728805541992e-06,-1.317104761255905e-05,-4.200923058306216e-07,1.4173665476846509e-06,0.9999999403953552]","[0.585940420627594,-0.18378505110740662,-0.15396320819854736,0.27691468596458435,-1.1155259826978181e-08,1.4782697235204978e-06,0.9608944654464722]","[[0.9999999999956292,2.834743992517566e-06,8.401472251777699e-07,0.0],[-2.834721860294519e-06,0.9999999996490292,-2.6342094845856435e-05,0.0],[-8.40221897986906e-07,2.634209246415731e-05,0.999999999652694,0.0],[3.688037395477295e-07,7.152557373046875e-07,-3.5017728805541992e-06,1.0]]","[[0.9999999999956292,2.8347442809921837e-06,8.401472473759846e-07,0.0],[-2.847100502079548e-06,0.8466365133899008,0.532171578288401,0.0],[7.972711376625417e-07,-0.532171578288467,0.846636513394271,0.0],[0.585940420627594,-0.18378505110740662,-0.15396320819854736,1.0]]",2652135.838142766
153,capture_closed_mid_open_mid_closed,63,396,397,-0.6,-0.6000000238418579,-0.5611905455589294,-0.07901494204998016,"[3.520399332046509e-07,7.897615432739258e-07,-3.3080577850341797e-06,-1.3685452358913608e-05,-4.135326889809221e-07,1.4652492836830788e-06,0.9999999403953552]","[0.585940420627594,-0.1837851107120514,-0.1539628803730011,0.2769143879413605,8.408154172911964e-09,1.5224632079480216e-06,0.9608945846557617]","[[0.999999999995364,2.9305097114586594e-06,8.270252234663746e-07,0.0],[-2.9304870739310037e-06,0.9999999996211228,-2.7370904298251116e-05,0.0],[-8.271054338634376e-07,2.737090187453721e-05,0.9999999996250748,0.0],[3.520399332046509e-07,7.897615432739258e-07,-3.3080577850341797e-06,1.0]]","[[0.999999999995364,2.9305099814428024e-06,8.270252351609295e-07,0.0],[-2.9211966259767688e-06,0.8466368434974876,0.5321710715722617,0.0],[8.593426344077369e-07,-0.5321710715722104,0.8466368435021233,0.0],[0.585940420627594,-0.1837851107120514,-0.1539628803730011,1.0]]",2652135.883440327
154,capture_closed_mid_open_mid_closed,64,397,398,-0.6,-0.6000000238418579,-0.5611907243728638,-0.07901687175035477,"[3.8370490074157715e-07,7.748603820800781e-07,-3.5017728805541992e-06,-1.3563909305958077e-05,-4.5554315875051543e-07,1.4505461649605422e-06,0.9999999403953552]","[0.5859403610229492,-0.1837850660085678,-0.15396299958229065,0.27691468596458435,-3.60307303992613e-08,1.5199689187284093e-06,0.9608944654464722]","[[0.9999999999953768,2.901104514894687e-06,9.110469130428033e-07,0.0],[-2.901079799110326e-06,0.9999999996278326,-2.7127818316544927e-05,0.0],[-9.111256133493058e-07,2.7127815673399398e-05,0.9999999996316257,0.0],[3.8370490074157715e-07,7.748603820800781e-07,-3.5017728805541992e-06,1.0]]","[[0.9999999999953768,2.901104566526402e-06,9.110468904645009e-07,0.0],[-2.9410143201007467e-06,0.8466365133896506,0.5321715782883244,0.0],[7.725599727579243e-07,-0.5321715782885436,0.8466365133942686,0.0],[0.5859403610229492,-0.1837850660085678,-0.15396299958229065,1.0]]",2652135.928075647
155,capture_closed_mid_open_mid_closed,65,398,399,-0.6,-0.6000000238418579,-0.5611908435821533,-0.07902775704860687,"[3.110617399215698e-07,7.003545761108398e-07,-3.382563591003418e-06,-1.3289254638948478e-05,-4.406684865898569e-07,1.4238504491004278e-06,0.9999999403953552]","[0.5859403610229492,-0.1837850958108902,-0.15396304428577423,0.27691495418548584,-2.9130575285307714e-08,1.490198087594763e-06,0.9608944058418274]","[[0.9999999999955569,2.8477124407761144e-06,8.812990768255649e-07,0.0],[-2.847689016153196e-06,0.9999999996427367,-2.6578508948586395e-05,0.0],[-8.813747644703084e-07,2.6578506438802307e-05,0.9999999996464031,0.0],[3.110617399215698e-07,7.003545761108398e-07,-3.382563591003418e-06,1.0]]","[[0.9999999999955569,2.8477126280909387e-06,8.812990839684175e-07,0.0],[-2.87997939577305e-06,0.8466362162924592,0.5321720607414717,0.0],[7.69333456645992e-07,-0.5321720607416454,0.8466362162968989,0.0],[0.5859403610229492,-0.1837850958108902,-0.15396304428577423,1.0]]",2652135.970693604
156,capture_closed_mid_open_mid_closed,66,399,400,-0.6,-0.6000000238418579,-0.5611913204193115,-0.07900457084178925,"[2.3562461137771606e-07,7.152557373046875e-07,-3.471970558166504e-06,-1.34178217194858e-05,-4.878738764091395e-07,1.4393082210517605e-06,0.9999999403953552]","[0.585940420627594,-0.1837851107120514,-0.1539630889892578,0.27691516280174255,-7.020857850648099e-08,1.518124008725863e-06,0.9608943462371826]","[[0.9999999999953807,2.878629362934001e-06,9.75709069896962e-07,0.0],[-2.87860317811522e-06,0.9999999996357809,-2.683564324384437e-05,0.0],[-9.757863194213996e-07,2.6835640435040845e-05,0.9999999996394481,0.0],[2.3562461137771606e-07,7.152557373046875e-07,-3.471970558166504e-06,1.0]]","[[0.9999999999953807,2.8786299138488158e-06,9.757091663475667e-07,0.0],[-2.95639719363762e-06,0.8466359852163594,0.5321724286468736,0.0],[7.058570617706588e-07,-0.5321724286473,0.846635985220959,0.0],[0.585940420627594,-0.1837851107120514,-0.1539630889892578,1.0]]",2652136.013241067
157,capture_closed_mid_open_mid_closed,67,400,401,-0.6,-0.6000000238418579,-0.5611914396286011,-0.07899780571460724,"[3.7066638469696045e-07,6.556510925292969e-07,-3.4570693969726562e-06,-1.336491186521016e-05,-4.479759923015081e-07,1.4366753475769656e-06,0.9999999403953552]","[0.5859405398368835,-0.18378514051437378,-0.1539631485939026,0.27691522240638733,-3.260018743844739e-08,1.5045451391415554e-06,0.9608943462371826]","[[0.9999999999954705,2.8733624982081935e-06,8.959135291213178e-07,0.0],[-2.873338549569574e-06,0.9999999996386302,-2.67298234243908e-05,0.0],[-8.95990333278915e-07,2.6729820850006545e-05,0.9999999996423569,0.0],[3.7066638469696045e-07,6.556510925292969e-07,-3.4570693969726562e-06,1.0]]","[[0.9999999999954705,2.8733628594094967e-06,8.959135752434186e-07,0.0],[-2.9094728120295266e-06,0.8466359191947148,0.532172543194521,0.0],[7.706122320599125e-07,-0.5321725431947173,0.84663591919924,0.0],[0.5859405398368835,-0.18378514051437378,-0.1539631485939026,1.0]]",2652136.05696482
158,capture_closed_mid_open_mid_closed,68,401,402,-0.6,-0.6000000238418579,-0.5611915588378906,-0.0789957344532013,"[2.523884177207947e-07,7.301568984985352e-07,-3.427267074584961e-06,-1.3479435438057408e-05,-5.061500019110099e-07,1.4451063634624006e-06,0.9999999403953552]","[0.5859405398368835,-0.18378512561321259,-0.15396304428577423,0.2769151031970978,-8.616428459617964e-08,1.5287564565369394e-06,0.9608944058418274]","[[0.999999999995311,2.890226199887244e-06,1.0122609850483828e-06,0.0],[-2.890198909422153e-06,0.999999999632433,-2.695887073212207e-05,0.0],[-1.0123389019200925e-06,2.6958867806359716e-05,0.9999999996360973,0.0],[2.523884177207947e-07,7.301568984985352e-07,-3.427267074584961e-06,1.0]]","[[0.999999999995311,2.890226670440129e-06,1.0122610619539765e-06,0.0],[-2.98566743748355e-06,0.8466360512380071,0.5321723471101437,0.0],[6.810819457466479e-07,-0.5321723471106706,0.8466360512426665,0.0],[0.5859405398368835,-0.18378512561321259,-0.15396304428577423,1.0]]",2652136.101518314
159,capture_closed_mid_open_mid_closed,69,402,403,-0.6,-0.6000000238418579,-0.5611914396286011,-0.07899633795022964,"[4.10713255405426e-07,6.854534149169922e-07,-3.516674041748047e-06,-1.3417267837212421e-05,-4.6922923502279446e-07,1.439865059182921e-06,0.9999999403953552]","[0.5859405398368835,-0.18378512561321259,-0.1539631336927414,0.27691516280174255,-5.213892251276775e-08,1.5134957038753782e-06,0.9608943462371826]","[[0.9999999999954132,2.8797425382691977e-06,9.384197759988082e-07,0.0],[-2.8797173551719046e-06,0.9999999996358074,-2.6834535426215437e-05,0.0],[-9.384970522194022e-07,2.6834532723708314e-05,0.9999999996395135,0.0],[4.10713255405426e-07,6.854534149169922e-07,-3.516674041748047e-06,1.0]]","[[0.9999999999954132,2.879742813384371e-06,9.384198101996108e-07,0.0],[-2.9374950462480933e-06,0.8466359852163875,0.5321724286469289,0.0],[7.380198267539424e-07,-0.5321724286472447,0.8466359852209634,0.0],[0.5859405398368835,-0.18378512561321259,-0.1539631336927414,1.0]]",2652136.149182372
160,capture_closed_mid_open_mid_closed,70,403,404,-0.6,-0.6000000238418579,-0.5611913800239563,-0.07900609821081161,"[3.5390257835388184e-07,6.854534149169922e-07,-3.4421682357788086e-06,-1.3175394087738823e-05,-4.216524871480942e-07,1.417587441210344e-06,0.9999999403953552]","[0.5859404802322388,-0.183785080909729,-0.15396323800086975,0.27691540122032166,-1.2592150433476945e-08,1.478914100516704e-06,0.9608942866325378]","[[0.9999999999956253,2.8351858243064686e-06,8.432675694849115e-07,0.0],[-2.8351636025557238e-06,0.9999999996487988,-2.6350787800306818e-05,0.0],[-8.433422785776786e-07,2.6350785409389737e-05,0.9999999996524624,0.0],[3.5390257835388184e-07,6.854534149169922e-07,-3.4421682357788086e-06,1.0]]","[[0.9999999999956253,2.8351862984345733e-06,8.432676338458392e-07,0.0],[-2.849134139992625e-06,0.8466357211296022,0.5321728538262908,0.0],[7.948687322140575e-07,-0.5321728538263651,0.8466357211339762,0.0],[0.5859404802322388,-0.183785080909729,-0.15396323800086975,1.0]]",2652136.193574718
161,capture_closed_mid_open_mid_closed,71,404,405,-0.6,-0.6000000238418579,-0.5611915588378906,-0.07898470759391785,"[3.6600977182388306e-07,8.344650268554688e-07,-3.427267074584961e-06,-1.3689710613107309e-05,-4.1468712197456625e-07,1.4654784763479256e-06,0.9999999403953552]","[0.5859403610229492,-0.18378502130508423,-0.1539629101753235,0.27691489458084106,7.363166520946152e-09,1.5230029930535238e-06,0.9608943462371826]","[[0.9999999999953608,2.930968131890593e-06,8.293340705620735e-07,0.0],[-2.9309454241038134e-06,0.9999999996208884,-2.7379420809704045e-05,0.0],[-8.294143184670772e-07,2.7379418378843837e-05,0.9999999996248398,0.0],[3.6600977182388306e-07,8.344650268554688e-07,-3.427267074584961e-06,1.0]]","[[0.9999999999953608,2.9309678716167344e-06,8.293339763746838e-07,0.0],[-2.922811989693018e-06,0.8466362823139243,0.5321719131832137,0.0],[8.576348766962041e-07,-0.5321719131831688,0.8466362823185632,0.0],[0.5859403610229492,-0.18378502130508423,-0.1539629101753235,1.0]]",2652136.237463456
162,capture_closed_mid_open_mid_closed,72,405,406,-0.6,-0.6000000238418579,-0.5611911416053772,-0.07899801433086395,"[2.654269337654114e-07,7.003545761108398e-07,-3.3080577850341797e-06,-1.3567298992711585e-05,-4.571240594941628e-07,1.4506878187603434e-06,0.9999999403953552]","[0.5859404802322388,-0.183785080909729,-0.15396298468112946,0.2769148647785187,-3.7510307748789273e-08,1.520542809885228e-06,0.9608944058418274]","[[0.999999999995373,2.9013878684628064e-06,9.142087006641269e-07,0.0],[-2.9013630607076386e-06,0.9999999996276479,-2.7134597694363706e-05,0.0],[-9.142874283256556e-07,2.7134595041786486e-05,0.9999999996314388,0.0],[2.654269337654114e-07,7.003545761108398e-07,-3.3080577850341797e-06,1.0]]","[[0.999999999995373,2.901387836127345e-06,9.142087029330674e-07,0.0],[-2.942936483319571e-06,0.8466363153247654,0.5321718889201353,0.0],[7.700349234241996e-07,-0.5321718889203634,0.8466363153293867,0.0],[0.5859404802322388,-0.183785080909729,-0.15396298468112946,1.0]]",2652136.280860246
163,capture_closed_mid_open_mid_closed,73,406,407,-0.6,-0.6000000238418579,-0.5611910820007324,-0.0790100246667862,"[3.241002559661865e-07,7.301568984985352e-07,-3.3974647521972656e-06,-1.3293153642734978e-05,-4.4170494106765545e-07,1.4241379631130258e-06,0.9999999403953552]","[0.5859405994415283,-0.18378502130508423,-0.15396323800086975,0.2769151031970978,-3.0046606980249635e-08,1.4907614058756735e-06,0.9608943462371826]","[[0.9999999999955534,2.8482874997588695e-06,8.833719669104745e-07,0.0],[-2.848264013152284e-06,0.9999999996425278,-2.6586306958900104e-05,0.0],[-8.834476920494829e-07,2.6586304442705006e-05,0.9999999996461939,0.0],[3.241002559661865e-07,7.301568984985352e-07,-3.3974647521972656e-06,1.0]]","[[0.9999999999955534,2.84828769444374e-06,8.833719266424905e-07,0.0],[-2.881569131534374e-06,0.8466360512382366,0.5321723140994649,0.0],[7.678854675587603e-07,-0.532172314099644,0.8466360512426796,0.0],[0.5859405994415283,-0.18378502130508423,-0.15396323800086975,1.0]]",2652136.32293587
164,capture_closed_mid_open_mid_closed,74,407,408,-0.6,-0.6000000238418579,-0.5611913204193115,-0.0789923295378685,"[3.995373845100403e-07,7.152557373046875e-07,-3.591179847717285e-06,-1.3420984032563865e-05,-4.8925602413874e-07,1.439450102225237e-06,0.9999999403953552]","[0.5859405994415283,-0.1837850958108902,-0.15396317839622498,0.27691516280174255,-7.149737513145737e-08,1.5186429891400621e-06,0.9608943462371826]","[[0.9999999999953773,2.8789131654492255e-06,9.784733522799418e-07,0.0],[-2.8788869002600747e-06,0.9999999996356104,-2.6841967873741026e-05,0.0],[-9.785506276272923e-07,2.6841965056702492e-05,0.9999999996392757,0.0],[3.995373845100403e-07,7.152557373046875e-07,-3.591179847717285e-06,1.0]]","[[0.9999999999953773,2.878913509885992e-06,9.784733882201232e-07,0.0],[-2.958108338983691e-06,0.8466359852163563,0.5321724286468696,0.0],[7.036676940816578e-07,-0.532172428647304,0.8466359852209586,0.0],[0.5859405994415283,-0.1837850958108902,-0.15396317839622498,1.0]]",2652136.365116414
165,capture_closed_mid_open_mid_closed,75,408,409,-0.6,-0.6000000238418579,-0.561191201210022,-0.07899385690689087,"[3.3993273973464966e-07,6.556510925292969e-07,-3.382563591003418e-06,-1.3367280189413577e-05,-4.4949527477911033e-07,1.4367434459927608e-06,0.9999999403953552]","[0.5859405398368835,-0.1837850958108902,-0.1539631336927414,0.276915043592453,-3.404145232366318e-08,1.5050311503728153e-06,0.9608943462371826]","[[0.9999999999954674,2.87349873777092e-06,8.989520852698025e-07,0.0],[-2.8734747036537925e-06,0.9999999996385032,-2.673456007694196e-05,0.0],[-8.990289066786141e-07,2.67345574937044e-05,0.9999999996422275,0.0],[3.3993273973464966e-07,6.556510925292969e-07,-3.382563591003418e-06,1.0]]","[[0.9999999999954674,2.873498666099847e-06,8.989520113779968e-07,0.0],[-2.911205027116478e-06,0.8466361172598494,0.5321721995519196,0.0],[7.681110550759546e-07,-0.5321721995521246,0.8466361172643774,0.0],[0.5859405398368835,-0.1837850958108902,-0.1539631336927414,1.0]]",2652136.406744346
166,capture_closed_mid_open_mid_closed,76,409,410,-0.6,-0.6000000238418579,-0.5611913800239563,-0.07899266481399536,"[3.082677721977234e-07,7.450580596923828e-07,-3.516674041748047e-06,-1.3481747373589315e-05,-5.073161446489394e-07,1.4451851484409417e-06,0.9999999403953552]","[0.5859405994415283,-0.1837851107120514,-0.1539631336927414,0.2769151031970978,-8.726296840677605e-08,1.529155156276829e-06,0.9608944058418274]","[[0.9999999999953081,2.89038380361859e-06,1.0145932615789229e-06,0.0],[-2.8903564455861872e-06,0.9999999996323079,-2.6963494606360618e-05,0.0],[-1.0146711960632402e-06,2.6963491673697588e-05,0.9999999996359702,0.0],[3.082677721977234e-07,7.450580596923828e-07,-3.516674041748047e-06,1.0]]","[[0.9999999999953081,2.890384402857886e-06,1.014593312167991e-06,0.0],[-2.9870421384644757e-06,0.8466360512380048,0.5321723471101403,0.0],[6.791913194510981e-07,-0.5321723471106741,0.8466360512426662,0.0],[0.5859405994415283,-0.1837851107120514,-0.1539631336927414,1.0]]",2652136.448156136
167,capture_closed_mid_open_mid_closed,77,410,411,-0.6,-0.6000000238418579,-0.561191201210022,-0.07899721711874008,"[3.241002559661865e-07,6.705522537231445e-07,-3.4421682357788086e-06,-1.3419177776086144e-05,-4.7035408101692155e-07,1.4399004157894524e-06,0.9999999403953552]","[0.5859404802322388,-0.183785080909729,-0.1539631187915802,0.2769149839878082,-5.321024332261004e-08,1.5138410844883765e-06,0.9608943462371826]","[[0.9999999999954109,2.879813283459461e-06,9.406694614039486e-07,0.0],[-2.8797880363993372e-06,0.9999999996357047,-2.6838355307007712e-05,0.0],[-9.40746750522586e-07,2.6838352597955566e-05,0.9999999996394089,0.0],[3.241002559661865e-07,6.705522537231445e-07,-3.4421682357788086e-06,1.0]]","[[0.9999999999954109,2.8798132510175563e-06,9.406694032835716e-07,0.0],[-2.938752105728228e-06,0.8466361832814804,0.5321720850043287,0.0],[7.361517154011685e-07,-0.5321720850046509,0.8466361832860582,0.0],[0.5859404802322388,-0.183785080909729,-0.1539631187915802,1.0]]",2652136.489948992
168,capture_closed_mid_open_mid_closed,78,411,412,-0.6,-0.6000000238418579,-0.561191201210022,-0.07900584489107132,"[3.8277357816696167e-07,6.854534149169922e-07,-3.427267074584961e-06,-1.3177633263694588e-05,-4.2237905972797307e-07,1.417649059476389e-06,0.9999999403953552]","[0.5859404802322388,-0.18378502130508423,-0.15396328270435333,0.27691522240638733,-1.327350407365202e-08,1.4791743296882487e-06,0.9608942866325378]","[[0.9999999999956237,2.8353090818685357e-06,8.447207065856337e-07,0.0],[-2.835286818043146e-06,0.9999999996486805,-2.635526615406343e-05,0.0],[-8.447954316232433e-07,2.6355263758922324e-05,0.9999999996523432,0.0],[3.8277357816696167e-07,6.854534149169922e-07,-3.427267074584961e-06,1.0]]","[[0.9999999999956237,2.8353090539965693e-06,8.447206454228125e-07,0.0],[-2.850011595327239e-06,0.8466359191948661,0.5321725101837129,0.0],[7.937029085109487e-07,-0.5321725101837915,0.8466359191992417,0.0],[0.5859404802322388,-0.18378502130508423,-0.15396328270435333,1.0]]",2652136.532699311
169,capture_closed_mid_open_mid_closed,79,412,413,-0.6,-0.6000000238418579,-0.5611913800239563,-0.07898510247468948,"[4.2654573917388916e-07,8.493661880493164e-07,-3.516674041748047e-06,-1.3691535059479065e-05,-4.1547806972630497e-07,1.4655394124929444e-06,0.9999999403953552]","[0.585940420627594,-0.18378500640392303,-0.15396299958229065,0.27691489458084106,6.620016534952811e-09,1.52328061631124e-06,0.9608943462371826]","[[0.9999999999953592,2.9310900273450928e-06,8.3091595895527e-07,0.0],[-2.9310672732148605e-06,0.9999999996207881,-2.7383069704598937e-05,0.0],[-8.309962208922588e-07,2.738306726900099e-05,0.9999999996247385,0.0],[4.2654573917388916e-07,8.493661880493164e-07,-3.516674041748047e-06,1.0]]","[[0.9999999999953592,2.931089826254123e-06,8.309159096448656e-07,0.0],[-2.9237571015305234e-06,0.8466362823139226,0.5321719131832114,0.0],[8.563604554865969e-07,-0.532171913183171,0.8466362823185632,0.0],[0.585940420627594,-0.18378500640392303,-0.15396299958229065,1.0]]",2652136.574606404
170,capture_closed_mid_open_mid_closed,80,413,414,-0.6,-0.6000000238418579,-0.5611909031867981,-0.0790010392665863,"[3.995373845100403e-07,7.450580596923828e-07,-3.382563591003418e-06,-1.35686404973967e-05,-4.579765970902372e-07,1.4507118066831026e-06,0.9999999403953552]","[0.585940420627594,-0.1837850958108902,-0.1539628803730011,0.27691468596458435,-3.83231402167894e-08,1.5208020158752333e-06,0.9608944654464722]","[[0.9999999999953714,2.9014358686674856e-06,9.159137712114692e-07,0.0],[-2.9014110121882772e-06,0.9999999996275749,-2.7137280706069518e-05,0.0],[-9.159925079593501e-07,2.7137278048501295e-05,0.9999999996313645,0.0],[3.995373845100403e-07,7.450580596923828e-07,-3.382563591003418e-06,1.0]]","[[0.9999999999953714,2.901435999512081e-06,9.159138119464782e-07,0.0],[-2.9438849608653174e-06,0.8466365133896456,0.5321715782883174,0.0],[7.6861583861511e-07,-0.5321715782885506,0.8466365133942684,0.0],[0.585940420627594,-0.1837850958108902,-0.1539628803730011,1.0]]",2652136.615910339
171,capture_closed_mid_open_mid_closed,81,414,415,-0.6,-0.6000000238418579,-0.5611907839775085,-0.0790148600935936,"[3.5297125577926636e-07,7.152557373046875e-07,-3.4123659133911133e-06,-1.3293622942001093e-05,-4.427049589139642e-07,1.4240796417652746e-06,0.9999999403953552]","[0.5859403610229492,-0.183785080909729,-0.15396304428577423,0.27691492438316345,-3.102394074971926e-08,1.4909822994013666e-06,0.9608944058418274]","[[0.999999999995552,2.8481708840726237e-06,8.853720026977908e-07,0.0],[-2.84814734346143e-06,0.9999999996425032,-2.6587245560173078e-05,0.0],[-8.854477274089788e-07,2.6587243038384602e-05,0.9999999996461671,0.0],[3.5297125577926636e-07,7.152557373046875e-07,-3.4123659133911133e-06,1.0]]","[[0.999999999995552,2.8481711169943633e-06,8.853719636178763e-07,0.0],[-2.882535085821468e-06,0.8466362493032877,0.5321720034676963,0.0],[7.661290391635821e-07,-0.5321720034678813,0.8466362493077318,0.0],[0.5859403610229492,-0.183785080909729,-0.15396304428577423,1.0]]",2652136.657860154
172,capture_closed_mid_open_mid_closed,82,415,416,-0.6,-0.6000000238418579,-0.5611910820007324,-0.07899761945009232,"[1.6111880540847778e-07,6.854534149169922e-07,-3.4123659133911133e-06,-1.3421561561699491e-05,-4.897930239167181e-07,1.4394288427865831e-06,0.9999999403953552]","[0.5859403610229492,-0.1837850660085678,-0.15396305918693542,0.2769149839878082,-7.201952456625804e-08,1.5187712278930121e-06,0.9608943462371826]","[[0.9999999999953763,2.8788706615543224e-06,9.795473506799035e-07,0.0],[-2.8788443664054307e-06,0.9999999996355795,-2.6843122933468574e-05,0.0],[-9.79624628211212e-07,2.6843120113379753e-05,0.9999999996392436,0.0],[1.6111880540847778e-07,6.854534149169922e-07,-3.4123659133911133e-06,1.0]]","[[0.9999999999953763,2.878870801236048e-06,9.79547328455089e-07,0.0],[-2.9586439432043477e-06,0.8466361832814505,0.532172085004271,0.0],[7.027347125574601e-07,-0.5321720850047085,0.8466361832860534,0.0],[0.5859403610229492,-0.1837850660085678,-0.15396305918693542,1.0]]",2652136.699105066
173,capture_closed_mid_open_mid_closed,83,416,417,-0.6,-0.6000000238418579,-0.561191201210022,-0.0789930671453476,"[3.8370490074157715e-07,6.854534149169922e-07,-3.4421682357788086e-06,-1.3368707186600659e-05,-4.4951866584597155e-07,1.4368849861057242e-06,0.9999999403953552]","[0.5859405994415283,-0.1837850660085678,-0.15396319329738617,0.276915043592453,-3.402473680580442e-08,1.5051737136673182e-06,0.9608943462371826]","[[0.9999999999954666,2.873781819888247e-06,8.989988595158622e-07,0.0],[-2.873757781954573e-06,0.999999999638426,-2.6737414071340477e-05,0.0],[-8.990756966944224e-07,2.6737411487713988e-05,0.9999999996421512,0.0],[3.8370490074157715e-07,6.854534149169922e-07,-3.4421682357788086e-06,1.0]]","[[0.9999999999954666,2.873781900183898e-06,8.989988435266109e-07,0.0],[-2.9114697460871022e-06,0.8466361172598487,0.5321721995519196,0.0],[7.682221346109883e-07,-0.5321721995521246,0.8466361172643774,0.0],[0.5859405994415283,-0.1837850660085678,-0.15396319329738617,1.0]]",2652136.742031531
174,capture_closed_mid_open_mid_closed,84,417,418,-0.6,-0.6000000238418579,-0.5611912608146667,-0.07899370789527893,"[2.952292561531067e-07,7.301568984985352e-07,-3.427267074584961e-06,-1.348265777778579e-05,-5.076232127976255e-07,1.4452047025770298e-06,0.9999999403953552]","[0.5859405994415283,-0.1837850660085678,-0.153963103890419,0.27691492438316345,-8.755289115924825e-08,1.5292588386728312e-06,0.9608944058418274]","[[0.9999999999953074,2.8904229210923502e-06,1.015207394681001e-06,0.0],[-2.8903955446521174e-06,0.9999999996322586,-2.696531541555243e-05,0.0],[-1.0152853354826958e-06,2.6965312481074616e-05,0.9999999996359206,0.0],[2.952292561531067e-07,7.301568984985352e-07,-3.427267074584961e-06,1.0]]","[[0.9999999999953074,2.890423121860005e-06,1.0152073580071429e-06,0.0],[-2.9874019307995673e-06,0.8466362493030565,0.532172003467521,0.0],[6.786910246863428e-07,-0.5321720034680566,0.8466362493077184,0.0],[0.5859405994415283,-0.1837850660085678,-0.153963103890419,1.0]]",2652136.786298098
175,capture_closed_mid_open_mid_closed,85,418,419,-0.6,-0.6000000238418579,-0.5611910820007324,-0.07899622619152069,"[3.688037395477295e-07,6.854534149169922e-07,-3.5315752029418945e-06,-1.3420025425148197e-05,-4.706395202447311e-07,1.4399519159269403e-06,0.9999999403953552]","[0.5859405398368835,-0.1837850660085678,-0.15396320819854736,0.2769149839878082,-5.3470252225906734e-08,1.5139696643018397e-06,0.9608943462371826]","[[0.9999999999954101,2.879916292186891e-06,9.412403360022139e-07,0.0],[-2.8798910282095803e-06,0.9999999996356589,-2.6840050605901255e-05,0.0],[-9.413176327675048e-07,2.6840047895108138e-05,0.9999999996393628,0.0],[3.688037395477295e-07,6.854534149169922e-07,-3.5315752029418945e-06,1.0]]","[[0.9999999999954101,2.879916353526564e-06,9.412402968078425e-07,0.0],[-2.939143209682408e-06,0.8466361832814796,0.5321720850043279,0.0],[7.357232445848428e-07,-0.5321720850046516,0.846636183286058,0.0],[0.5859405398368835,-0.1837850660085678,-0.15396320819854736,1.0]]",2652136.832139684
176,capture_closed_mid_open_mid_closed,86,419,420,-0.6,-0.6000000238418579,-0.5611910223960876,-0.07900775969028473,"[3.8370490074157715e-07,6.854534149169922e-07,-3.4421682357788086e-06,-1.3177995242585894e-05,-4.2287533119633736e-07,1.4176920331010479e-06,0.9999999403953552]","[0.5859404802322388,-0.18378502130508423,-0.15396329760551453,0.27691522240638733,-1.3738462811829777e-08,1.479353045397147e-06,0.9608942866325378]","[[0.9999999999956226,2.835395042498241e-06,8.457132473042716e-07,0.0],[-2.8353727519018304e-06,0.9999999996486612,-2.6355990113246312e-05,0.0],[-8.457879766597422e-07,2.6355987715218362e-05,0.9999999996523232,0.0],[3.8370490074157715e-07,6.854534149169922e-07,-3.4421682357788086e-06,1.0]]","[[0.9999999999956226,2.8353949994990085e-06,8.457131760134364e-07,0.0],[-2.8506125574392476e-06,0.8466359191948651,0.5321725101837116,0.0],[7.929083343214331e-07,-0.5321725101837929,0.8466359191992416,0.0],[0.5859404802322388,-0.18378502130508423,-0.15396329760551453,1.0]]",2652136.876466145
177,capture_closed_mid_open_mid_closed,87,420,421,-0.6,-0.6000000238418579,-0.561191201210022,-0.07898713648319244,"[2.784654498100281e-07,7.748603820800781e-07,-3.3080577850341797e-06,-1.3691900676349178e-05,-4.157994908382534e-07,1.4655569202659535e-06,0.9999999403953552]","[0.5859405994415283,-0.18378505110740662,-0.15396302938461304,0.2769147455692291,6.315759026875867e-09,1.5233864587571588e-06,0.9608944654464722]","[[0.9999999999953585,2.9311250519945676e-06,8.315587995897693e-07,0.0],[-2.931102279653248e-06,0.999999999620768,-2.7383800939252247e-05,0.0],[-8.316390646289205e-07,2.738379850174096e-05,0.999999999624718,0.0],[2.784654498100281e-07,7.748603820800781e-07,-3.3080577850341797e-06,1.0]]","[[0.9999999999953585,2.9311250875197164e-06,8.31558791472658e-07,0.0],[-2.924129380303701e-06,0.8466364473680168,0.5321716928359997,0.0],[8.558339030487324e-07,-0.5321716928359613,0.8466364473726581,0.0],[0.5859405994415283,-0.18378505110740662,-0.15396302938461304,1.0]]",2652136.920418143
178,capture_closed_mid_open_mid_closed,88,421,422,-0.6,-0.6000000238418579,-0.5611909627914429,-0.07899772375822067,"[4.1443854570388794e-07,7.897615432739258e-07,-3.4868717193603516e-06,-1.3569879229180515e-05,-4.577282481932343e-07,1.4508187859973987e-06,0.9999999403953552]","[0.5859405994415283,-0.18378502130508423,-0.15396316349506378,0.2769148349761963,-3.805460835337726e-08,1.520836008239712e-06,0.9608944058418274]","[[0.9999999999953713,2.901649821677816e-06,9.154170669495906e-07,0.0],[-2.901624976409625e-06,0.999999999627507,-2.713975816886685e-05,0.0],[-9.154958166924282e-07,2.7139755512543886e-05,0.9999999996312977,0.0],[4.1443854570388794e-07,7.897615432739258e-07,-3.4868717193603516e-06,1.0]]","[[0.9999999999953713,2.901649853856191e-06,9.154170250616377e-07,0.0],[-2.943801396225228e-06,0.8466363483355861,0.5321718316463638,0.0],[7.691511839285902e-07,-0.5321718316465954,0.8466363483402091,0.0],[0.5859405994415283,-0.18378502130508423,-0.15396316349506378,1.0]]",2652136.962984833
179,capture_closed_mid_open_mid_closed,89,422,423,-0.6,-0.6000000238418579,-0.5611908435821533,-0.079015351831913,"[4.721805453300476e-07,7.450580596923828e-07,-3.5017728805541992e-06,-1.3294340533320792e-05,-4.4291391532169655e-07,1.4240428072298528e-06,0.9999999403953552]","[0.5859404802322388,-0.183785080909729,-0.1539631336927414,0.27691492438316345,-3.12349399678169e-08,1.4910048093952355e-06,0.9608944058418274]","[[0.9999999999955519,2.8480972211974085e-06,8.857899144239132e-07,0.0],[-2.84807366820374e-06,0.9999999996424652,-2.6588680743289443e-05,0.0],[-8.858656412639666e-07,2.6588678220375945e-05,0.9999999996461286,0.0],[4.721805453300476e-07,7.450580596923828e-07,-3.5017728805541992e-06,1.0]]","[[0.9999999999955519,2.8480975187836825e-06,8.857899262609905e-07,0.0],[-2.882695202940885e-06,0.8466362493032875,0.5321720034676957,0.0],[7.657360099334682e-07,-0.532172003467882,0.8466362493077317,0.0],[0.5859404802322388,-0.183785080909729,-0.1539631336927414,1.0]]",2652137.00680013
180,capture_closed_mid_open_mid_closed,0,423,424,-1.2,-1.2000000476837158,-0.5808879137039185,-2.0001931190490723,"[5.587935447692871e-08,3.081560134887695e-05,-1.8164515495300293e-05,-0.00010987097630277276,-9.840075108513702e-06,1.1346882274665404e-05,0.9999999403953552]","[0.5859468579292297,-0.18377310037612915,-0.15393143892288208,0.28627216815948486,-6.178451258165296e-06,1.3689616025658324e-05,0.9581483602523804]","[[0.9999999995488423,2.2695925473995164e-05,1.9677655657932022e-05,0.0],[-2.2691600919358903e-05,0.9999999755992337,-0.00021974216281625216,0.0],[-1.968264243006606e-05,0.00021974171619955682,0.999999975663083,0.0],[5.587935447692871e-08,3.081560134887695e-05,-1.8164515495300293e-05,1.0]]","[[0.9999999995488423,2.269592901985311e-05,1.9677658005692747e-05,0.0],[-2.9770803570023817e-05,0.8360964910997241,0.548582416846647,0.0],[-4.0018337619485925e-06,-0.5485824171849695,0.8360964913981888,0.0],[0.5859468579292297,-0.18377310037612915,-0.15393143892288208,1.0]]",2652137.051782881
181,capture_closed_mid_open_mid_closed,1,424,425,-1.2,-1.2000000476837158,-0.6142265200614929,-2.0,"[4.2747706174850464e-07,-8.083879947662354e-05,-2.3290514945983887e-05,3.036013538348925e-07,-7.1884160846025225e-09,-3.3514204744733433e-08,0.9999999403953552]","[0.5859400033950806,-0.18386414647102356,-0.15398858487606049,0.30230844020843506,-1.6983690898086934e-08,-2.9772969867281063e-08,0.953210175037384]","[[0.9999999999999977,-6.702840985908804e-08,1.4376810962363204e-08,0.0],[6.702840112943662e-08,0.9999999999998134,6.072026719595114e-07,0.0],[-1.4376851662194937e-08,-6.072026709958552e-07,0.9999999999998156,0.0],[4.2747706174850464e-07,-8.083879947662354e-05,-2.3290514945983887e-05,1.0]]","[[0.9999999999999977,-6.70284218459132e-08,1.4376813785591593e-08,0.0],[4.649116942838177e-08,0.8172192139574843,0.5763269624127229,0.0],[-5.0379294109393496e-08,-0.5763269624127209,0.8172192139574855,0.0],[0.5859400033950806,-0.18386414647102356,-0.15398858487606049,1.0]]",2652137.095884845
182,capture_closed_mid_open_mid_closed,2,425,426,-1.2,-1.2000000476837158,-0.6475644707679749,-2.000000476837158,"[7.916241884231567e-08,-7.280707359313965e-05,-2.3797154426574707e-05,1.0805915735545568e-06,1.4958824579025531e-07,-5.251856194377069e-08,0.9999999403953552]","[0.5859395265579224,-0.18385592103004456,-0.1539895385503769,0.31815552711486816,1.2510645319707692e-07,-9.738182171759036e-08,0.9480385184288025]","[[0.9999999999999497,-1.0503679433924512e-07,-2.991765872504331e-07,0.0],[1.0503744091443673e-07,0.9999999999976591,2.1611830025802406e-06,0.0],[2.9917636024597116e-07,-2.161183034004879e-06,0.9999999999976199,0.0],[7.916241884231567e-08,-7.280707359313965e-05,-2.3797154426574707e-05,1.0]]","[[0.9999999999999497,-1.050368168413091e-07,-2.991766027096104e-07,0.0],[2.6425005509085947e-07,0.7975541211325018,0.6032473891118043,0.0],[1.752463434297461e-07,-0.6032473891118529,0.7975541211324895,0.0],[0.5859395265579224,-0.18385592103004456,-0.1539895385503769,1.0]]",2652137.138850524
183,capture_closed_mid_open_mid_closed,3,426,427,-1.2,-1.2000000476837158,-0.680902361869812,-2.0000007152557373,"[-7.171183824539185e-08,-7.200241088867188e-05,-2.612173557281494e-05,7.468174771929625e-07,1.1118398646203786e-07,-1.761945966904932e-08,0.9999999403953552]","[0.5859395265579224,-0.1838550865650177,-0.15399174392223358,0.3339129090309143,9.891913776982619e-08,-5.373386713358741e-08,0.9426038861274719]","[[0.9999999999999747,-3.523875116940682e-08,-2.2236798598695254e-07,0.0],[3.523908330598392e-08,0.9999999999988839,1.4936348614403406e-06,0.0],[2.2236793335287085e-07,-1.4936348692763478e-06,0.9999999999988598,0.0],[-7.171183824539185e-08,-7.200241088867188e-05,-2.612173557281494e-05,1.0]]","[[0.9999999999999747,-3.523874985044856e-08,-2.2236799112454753e-07,0.0],[1.6736025805665837e-07,0.7770043383650189,0.629495211361327,0.0],[1.505982635723203e-07,-0.6294952113613483,0.7770043383650052,0.0],[0.5859395265579224,-0.1838550865650177,-0.15399174392223358,1.0]]",2652137.182555641
184,capture_closed_mid_open_mid_closed,4,427,428,-1.2,-1.2000000476837158,-0.7142377495765686,-2.0000014305114746,"[9.685754776000977e-08,-7.0914626121521e-05,-2.8640031814575195e-05,5.9624585446727e-07,1.159763201030728e-07,-5.677232906009522e-09,0.9999999403953552]","[0.5859395861625671,-0.1838540881872177,-0.1539941430091858,0.34957683086395264,1.0667450567325432e-07,-4.586161495012675e-08,0.9369076490402222]","[[0.999999999999973,-1.1354326834439986e-08,-2.3195263315074402e-07,0.0],[1.1354603436040298e-08,0.9999999999992889,1.1924916365396461e-06,0.0],[2.319526196106377e-07,-1.1924916391733443e-06,0.999999999999262,0.0],[9.685754776000977e-08,-7.0914626121521e-05,-2.8640031814575195e-05,1.0]]","[[0.999999999999973,-1.1354324433752358e-08,-2.3195263667084945e-07,0.0],[1.6051806694269228e-07,0.7555920786462267,0.6550424135273447,0.0],[1.6782400462057673e-07,-0.6550424135273643,0.7555920786462081,0.0],[0.5859395861625671,-0.1838540881872177,-0.1539941430091858,1.0]]",2652137.227187494
185,capture_closed_mid_open_mid_closed,5,428,429,-1.2,-1.2000000476837158,-0.7475609183311462,-2.0,"[1.4435499906539917e-07,-6.990134716033936e-05,-3.089010715484619e-05,2.5743116793819354e-07,6.165599586438475e-08,3.0874968359739796e-08,0.9999999403953552]","[0.5859395265579224,-0.18385319411754608,-0.15399610996246338,0.36513760685920715,6.86724774823233e-08,6.230255422678965e-09,0.9309535026550293]","[[0.9999999999999905,6.17499647832466e-08,-1.233119684824437e-07,0.0],[-6.17499012945465e-08,0.9999999999998656,5.148623089954543e-07,0.0],[1.2331200027516036e-07,-5.148623013809466e-07,0.9999999999998599,0.0],[1.4435499906539917e-07,-6.990134716033936e-05,-3.089010715484619e-05,1.0]]","[[0.9999999999999905,6.174996438633359e-08,-1.2331196578601782e-07,0.0],[3.85496519536197e-08,0.7333490561142622,0.6798522681133088,0.0],[1.324115680066522e-07,-0.679852268113307,0.7333490561142527,0.0],[0.5859395265579224,-0.18385319411754608,-0.15399610996246338,1.0]]",2652137.270194632
186,capture_closed_mid_open_mid_closed,6,429,430,-1.2,-1.2000000476837158,-0.7808689475059509,-2.0000011920928955,"[9.313225746154785e-09,-6.876885890960693e-05,-3.306567668914795e-05,-2.7954558845522115e-07,4.8982805367359106e-08,7.63964607131129e-08,1.0]","[0.5859394669532776,-0.1838521957397461,-0.15399804711341858,0.38058987259864807,7.43722878837616e-08,5.200478270239728e-08,0.9247438907623291]","[[0.9999999999999836,1.527928940403715e-07,-9.796565344730534e-08,0.0],[-1.527929488120801e-07,0.999999999999832,-5.590911694262164e-07,0.0],[9.796556802213108e-08,5.590911843946682e-07,0.9999999999998389,0.0],[9.313225746154785e-09,-6.876885890960693e-05,-3.306567668914795e-05,1.0]]","[[0.9999999999999836,1.5279288933003027e-07,-9.796565047859995e-08,0.0],[-3.957153104782705e-08,0.7103026977506843,0.7038963191432337,0.0],[1.7713562497150297e-07,-0.7038963191432182,0.7103026977506786,0.0],[0.5859394669532776,-0.1838521957397461,-0.15399804711341858,1.0]]",2652137.314383781
187,capture_closed_mid_open_mid_closed,7,430,431,-1.2,-1.2000000476837158,-0.8141459226608276,-2.0000007152557373,"[6.239861249923706e-08,-6.80387020111084e-05,-3.549456596374512e-05,1.6462176688492036e-07,7.04435478837695e-08,2.923158959333705e-08,1.0]","[0.5859394073486328,-0.18385133147239685,-0.1540006399154663,0.3959231674671173,7.626061915289029e-08,-1.0473315548154005e-09,0.9182835817337036]","[[0.9999999999999883,5.846320237975673e-08,-1.4088708614322713e-07,0.0],[-5.8463155993591463e-08,0.999999999999944,3.292435378881945e-07,0.0],[1.4088710539185085e-07,-3.2924352965148697e-07,0.9999999999999358,0.0],[6.239861249923706e-08,-6.80387020111084e-05,-3.549456596374512e-05,1.0]]","[[0.9999999999999883,5.846319703319444e-08,-1.408870746550335e-07,0.0],[6.23101865188689e-08,0.68648969092561,0.7271394886261148,0.0],[1.392284233487504e-07,-0.727139488626115,0.6864896909255983,0.0],[0.5859394073486328,-0.18385133147239685,-0.1540006399154663,1.0]]",2652137.358418727
188,capture_closed_mid_open_mid_closed,8,431,432,-1.2,-1.2000000476837158,-0.847381055355072,-1.9999948740005493,"[3.632158041000366e-08,-6.689131259918213e-05,-3.7983059883117676e-05,2.011639281818134e-07,6.378969885645347e-08,1.8786709077289743e-08,1.0]","[0.5859392881393433,-0.1838502287864685,-0.1540030539035797,0.41112765669822693,6.587300305227473e-08,-9.100152631447145e-09,0.9115777015686035]","[[0.9999999999999911,3.7573443818952284e-08,-1.2757939015449054e-07,0.0],[-3.757339249020669e-08,0.9999999999999184,4.023278587604238e-07,0.0],[1.2757940527132333e-07,-4.0232785396682974e-07,0.999999999999911,0.0],[3.632158041000366e-08,-6.689131259918213e-05,-3.7983059883117676e-05,1.0]]","[[0.9999999999999911,3.757343432971758e-08,-1.2757937028955453e-07,0.0],[7.075541920850985e-08,0.6619480997956495,0.74954960868851,0.0],[1.1261407258170226e-07,-0.7495496086885124,0.6619480997956411,0.0],[0.5859392881393433,-0.1838502287864685,-0.1540030539035797,1.0]]",2652137.402370224
189,capture_closed_mid_open_mid_closed,9,432,433,-1.2,-1.2000000476837158,-0.8805580139160156,-1.9999780654907227,"[-2.1420419216156006e-08,-6.590783596038818e-05,-4.0024518966674805e-05,-1.0951715978535503e-07,6.789321815858784e-08,3.8411855030062725e-08,0.9999999403953552]","[0.5859394669532776,-0.1838493049144745,-0.15400518476963043,0.4261917173862457,7.778925237289513e-08,5.813093117978951e-09,0.9046328663825989]","[[0.9999999999999878,7.682369061013066e-08,-1.357864366371879e-07,0.0],[-7.682372035202035e-08,0.999999999999973,-2.1903430129943836e-07,0.0],[1.3578641981015886e-07,2.1903431173105615e-07,0.9999999999999668,0.0],[-2.1420419216156006e-08,-6.590783596038818e-05,-4.0024518966674805e-05,1.0]]","[[0.9999999999999878,7.682370030572505e-08,-1.3578644441714778e-07,0.0],[5.578883994626002e-08,0.6367212400627249,0.7710940698552848,0.0],[1.4569641297425824e-07,-0.7710940698552831,0.6367212400627128,0.0],[0.5859394669532776,-0.1838493049144745,-0.15400518476963043,1.0]]",2652137.446506803
190,capture_closed_mid_open_mid_closed,10,433,434,-1.2,-1.2000000476837158,-0.9136549234390259,-1.9999724626541138,"[2.8870999813079834e-08,-6.470084190368652e-05,-4.279613494873047e-05,-3.4568961382319685e-07,-2.0211345486131904e-08,5.487299148398961e-08,1.0]","[0.5859394073486328,-0.18384814262390137,-0.1540076583623886,0.44110268354415894,6.065839386337757e-09,5.8161404581369425e-08,0.8974565863609314]","[[0.9999999999999931,1.0974599694168365e-07,4.0422653034217334e-08,0.0],[-1.0974596899427479e-07,0.999999999999755,-6.913792298645077e-07,0.0],[-4.042272891031028e-08,6.913792254282797e-07,0.9999999999997602,0.0],[2.8870999813079834e-08,-6.470084190368652e-05,-4.279613494873047e-05,1.0]]","[[0.9999999999999931,1.0974598728962856e-07,4.0422648260926446e-08,0.0],[-9.90433551645828e-08,0.6108568451402764,0.7917410172163748,0.0],[6.219795829723193e-08,-0.7917410172163735,0.6108568451402832,0.0],[0.5859394073486328,-0.18384814262390137,-0.1540076583623886,1.0]]",2652137.489252493
191,capture_closed_mid_open_mid_closed,11,434,435,-1.2,-1.2000000476837158,-0.9466208815574646,-2.0,"[-1.2479722499847412e-07,-6.39110803604126e-05,-4.525482654571533e-05,-3.363687426372053e-07,1.1317438719515849e-07,4.977204071110464e-08,1.0]","[0.5859395265579224,-0.1838473677635193,-0.15401041507720947,0.4558350145816803,1.2342032107426348e-07,-7.288574632724476e-09,0.8900642991065979]","[[0.9999999999999695,9.954400528555663e-08,-2.2634880787383447e-07,0.0],[-9.954415755886192e-08,0.9999999999997687,-6.727374740085702e-07,0.0],[2.2634874090679948e-07,6.72737496540251e-07,0.9999999999997481,0.0],[-1.2479722499847412e-07,-6.39110803604126e-05,-4.525482654571533e-05,1.0]]","[[0.9999999999999695,9.954400756920104e-08,-2.2634881819292646e-07,0.0],[1.254932078570492e-07,0.5844288789626385,0.8114449455237764,0.0],[2.1305926809697595e-07,-0.81144494552378,0.5844288789626082,0.0],[0.5859395265579224,-0.1838473677635193,-0.15401041507720947,1.0]]",2652137.533963115
192,capture_closed_mid_open_mid_closed,12,435,436,-1.2,-1.2000000476837158,-0.9793017506599426,-2.000004768371582,"[1.8719583749771118e-07,-6.338953971862793e-05,-4.845857620239258e-05,-1.8902903775597224e-06,1.9917052895834786e-07,1.8242776889110246e-07,0.9999999403953552]","[0.5859396457672119,-0.1838470846414566,-0.15401312708854675,0.4703160524368286,2.6156644139518903e-07,6.731855251018715e-08,0.8824979662895203]","[[0.9999999999998541,3.648547630548514e-07,-3.9834172385663074e-07,0.0],[-3.6485626901538897e-07,0.999999999992787,-3.7805804571108012e-06,0.0],[3.983403444908062e-07,3.7805806024477425e-06,0.9999999999927742,0.0],[1.8719583749771118e-07,-6.338953971862793e-05,-4.845857620239258e-05,1.0]]","[[0.9999999999998541,3.6485476370145764e-07,-3.9834171341697746e-07,0.0],[1.272208209662799e-07,0.5576056216404675,0.8301059195776684,0.0],[5.249856969063878e-07,-0.830105919577598,0.5576056216403398,0.0],[0.5859396457672119,-0.1838470846414566,-0.15401312708854675,1.0]]",2652137.578218661
193,capture_closed_mid_open_mid_closed,13,436,437,-1.2,-1.2000000476837158,-1.0110609531402588,-1.9219337701797485,"[2.3655593395233154e-07,-6.468594074249268e-05,-5.27799129486084e-05,-2.608365093692555e-06,4.6145336796143965e-07,2.2805271271408856e-07,0.9999999403953552]","[0.5859396457672119,-0.18384860455989838,-0.15401747822761536,0.48426923155784607,5.141731662661186e-07,-2.394136799921398e-08,0.8749189972877502]","[[0.9999999999994701,4.561029909644605e-07,-9.229078706028219e-07,0.0],[-4.5610780551989e-07,0.9999999999862889,-5.216729665972376e-06,0.0],[9.229054912238804e-07,5.216730086915145e-06,0.999999999985967,0.0],[2.3655593395233154e-07,-6.468594074249268e-05,-5.27799129486084e-05,1.0]]","[[0.9999999999994701,4.5610297286357714e-07,-9.229078778904863e-07,0.0],[5.398900035978544e-07,0.5309666227327454,0.8473927009837754,0.0],[8.765316063567945e-07,-0.8473927009838247,0.5309666227322178,0.0],[0.5859396457672119,-0.18384860455989838,-0.15401747822761536,1.0]]",2652137.622671283
194,capture_closed_mid_open_mid_closed,14,437,438,-1.2,-1.2000000476837158,-1.0407729148864746,-1.763042688369751,"[1.778826117515564e-07,-6.103515625e-05,-5.14984130859375e-05,3.1820648018765496e-06,5.593672085524304e-07,-2.43737133587274e-07,0.9999999403953552]","[0.585939347743988,-0.1838437020778656,-0.15401849150657654,0.4972182512283325,3.6413231896403886e-07,-4.895990173281461e-07,0.8676254749298096]","[[0.9999999999992554,-4.874706782334061e-07,-1.1187359015978006e-06,0.0],[4.874777980042288e-07,0.9999999999796301,6.364128951744295e-06,0.0],[1.118732799248386e-06,-6.364129497098535e-06,0.9999999999791231,0.0],[1.778826117515564e-07,-6.103515625e-05,-5.14984130859375e-05,1.0]]","[[0.9999999999992554,-4.874706901669682e-07,-1.118736086754956e-06,0.0],[1.2116836295710353e-06,0.5055480212903982,0.8627984427311461,0.0],[1.4498581795891244e-07,-0.8627984427318593,0.5055480212906125,0.0],[0.585939347743988,-0.1838437020778656,-0.15401849150657654,1.0]]",2652137.66592976
195,capture_closed_mid_open_mid_closed,15,438,439,-1.2,-1.2000000476837158,-1.0674630403518677,-1.5622299909591675,"[2.635642886161804e-07,-5.179643630981445e-05,-4.5165419578552246e-05,3.996686700702412e-06,1.1437308558015502e-06,-2.532083556161524e-07,0.9999999403953552]","[0.5859392881393433,-0.1838342696428299,-0.15401312708854675,0.5087526440620422,8.558352533327707e-07,-7.998630735528423e-07,0.8609127402305603]","[[0.9999999999972555,-5.064075387797155e-07,-2.2874635992486926e-06,0.0],[5.064258233153178e-07,0.9999999999679248,7.993372345758223e-06,0.0],[2.2874595512708227e-06,-7.993373504167061e-06,0.9999999999654368,0.0],[2.635642886161804e-07,-5.179643630981445e-05,-4.5165419578552246e-05,1.0]]","[[0.9999999999972555,-5.064077248941216e-07,-2.2874638533804632e-06,0.0],[2.248041516952341e-06,0.4823414943184824,0.8759832657966222,0.0],[6.597340391500622e-07,-0.8759832657993605,0.482341494318297,0.0],[0.5859392881393433,-0.1838342696428299,-0.15401312708854675,1.0]]",2652137.709266736
196,capture_closed_mid_open_mid_closed,16,439,440,-1.2,-1.2000000476837158,-1.0906749963760376,-1.3466453552246094,"[3.4924596548080444e-07,-4.0903687477111816e-05,-3.707408905029297e-05,5.404111107054632e-06,1.277204660254938e-06,-3.034752467101498e-07,0.9999999403953552]","[0.5859392285346985,-0.18382298946380615,-0.15400564670562744,0.5187113285064697,9.345343414679519e-07,-9.219515391123423e-07,0.854949414730072]","[[0.9999999999965533,-6.069366529314501e-07,-2.554412448283119e-06,0.0],[6.06964261555012e-07,0.999999999941407,1.080822079468902e-05,0.0],[2.554405888227313e-06,-1.0808222345089017e-05,0.9999999999383287,0.0],[3.4924596548080444e-07,-4.0903687477111816e-05,-3.707408905029297e-05,1.0]]","[[0.9999999999965533,-6.06936757951652e-07,-2.5544125919094526e-06,0.0],[2.5459509571426926e-06,0.4618771153564065,0.8869438934392057,0.0],[6.415057612232624e-07,-0.886943893442652,0.4618771153563598,0.0],[0.5859392285346985,-0.18382298946380615,-0.15400564670562744,1.0]]",2652137.75338981
197,capture_closed_mid_open_mid_closed,17,440,441,-1.2,-1.2000000476837158,-1.1103256940841675,-1.1341520547866821,"[2.0023435354232788e-07,-3.094971179962158e-05,-2.855062484741211e-05,6.231794941413682e-06,1.1864080988743808e-06,-3.4284082062185917e-07,0.9999999403953552]","[0.5859391689300537,-0.1838127225637436,-0.15399739146232605,0.5270867943763733,8.275220011455531e-07,-9.166849963548884e-07,0.8498113751411438]","[[0.9999999999969498,-6.856668134699296e-07,-2.3728203293452785e-06,0.0],[6.856963872778858e-07,0.9999999999220944,1.2463588326441264e-05,0.0],[2.3728117832905116e-06,-1.2463589953437769e-05,0.9999999999195144,0.0],[2.0023435354232788e-07,-3.094971179962158e-05,-2.855062484741211e-05,1.0]]","[[0.9999999999969498,-6.856668369277421e-07,-2.3728203318693384e-06,0.0],[2.4303705123666664e-06,0.4443590223863969,0.895848707093929,0.0],[4.401301071428761e-07,-0.8958487070969633,0.444359022386708,0.0],[0.5859391689300537,-0.1838127225637436,-0.15399739146232605,1.0]]",2652137.796370507
198,capture_closed_mid_open_mid_closed,18,441,442,-1.2,-1.2000000476837158,-1.1265690326690674,-0.935971736907959,"[3.6600977182388306e-07,-2.224743366241455e-05,-2.123415470123291e-05,6.178171588544501e-06,1.0961914540530415e-06,-3.2840588914950786e-07,0.9999999403953552]","[0.5859392881393433,-0.18380416929721832,-0.15398988127708435,0.5339712500572205,7.514788080698054e-07,-8.629982062302588e-07,0.8455026149749756]","[[0.999999999997381,-6.567981942321889e-07,-2.192386835325746e-06,0.0],[6.568252840677771e-07,0.9999999999234447,1.2356341720602098e-05,0.0],[2.192378719534011e-06,-1.2356343160585014e-05,0.9999999999212571,0.0],[3.6600977182388306e-07,-2.224743366241455e-05,-2.123415470123291e-05,1.0]]","[[0.999999999997381,-6.567983230997061e-07,-2.192387056598417e-06,0.0],[2.2618706372458822e-06,0.4297494082231691,0.9029481764883759,0.0],[3.49122132686776e-07,-0.90294817649097,0.42974940822352925,0.0],[0.5859392881393433,-0.18380416929721832,-0.15398988127708435,1.0]]",2652137.84187429
199,capture_closed_mid_open_mid_closed,19,442,443,-1.2,-1.2000000476837158,-1.1396995782852173,-0.7584313154220581,"[9.499490261077881e-08,-1.551210880279541e-05,-1.5079975128173828e-05,5.073417469247943e-06,7.843227649573237e-07,-2.5101985556830186e-07,0.9999999403953552]","[0.5859392881393433,-0.18379762768745422,-0.15398302674293518,0.5395098924636841,5.249590344647004e-07,-6.345007932395674e-07,0.8419792652130127]","[[0.9999999999986436,-5.020317228190706e-07,-1.5686479834731285e-06,0.0],[5.020476396063396e-07,0.9999999999483948,1.0146833939936218e-05,0.0],[1.568642889359047e-06,-1.0146834727458569e-05,0.9999999999472905,0.0],[9.499490261077881e-08,-1.551210880279541e-05,-1.5079975128173828e-05,1.0]]","[[0.9999999999986436,-5.020318388740695e-07,-1.5686481536686446e-06,0.0],[1.6349142078016292e-06,0.41785815186684294,0.9085122856627823,0.0],[1.9937033475343952e-07,-0.9085122856641146,0.41785815186709696,0.0],[0.5859392881393433,-0.18379762768745422,-0.15398302674293518,1.0]]",2652137.884986258
200,capture_closed_mid_open_mid_closed,20,443,444,-1.2,-1.2000000476837158,-1.150085687637329,-0.604348361492157,"[3.3527612686157227e-07,-1.0266900062561035e-05,-1.043081283569336e-05,3.369913883943809e-06,7.265925319188682e-07,-1.5334872216499207e-07,1.0]","[0.5859392881393433,-0.18379279971122742,-0.15397749841213226,0.5438735485076904,5.263320304038643e-07,-5.238579205979477e-07,0.839167058467865]","[[0.9999999999988971,-3.0669254722146156e-07,-1.4531860973817122e-06,0.0],[3.067023414385067e-07,0.9999999999772403,6.739827545043546e-06,0.0],[1.4531840302937606e-06,-6.739827990731691e-06,0.9999999999762315,0.0],[3.3527612686157227e-07,-1.0266900062561035e-05,-1.043081283569336e-05,1.0]]","[[0.9999999999988971,-3.0669248242852964e-07,-1.453185935841791e-06,0.0],[1.4517247587045589e-06,0.4084031264667569,0.9128015317588051,0.0],[3.1353607108392797e-07,-0.912801531759908,0.4084031264667518,0.0],[0.5859392881393433,-0.18379279971122742,-0.15397749841213226,1.0]]",2652137.929236083
201,capture_closed_mid_open_mid_closed,21,444,445,-1.2,-1.2000000476837158,-1.1581202745437622,-0.47415441274642944,"[1.5366822481155396e-07,-6.780028343200684e-06,-6.720423698425293e-06,1.6768989326010342e-06,6.482742946900544e-07,-4.607074899354302e-08,0.9999999403953552]","[0.585939347743988,-0.18378973007202148,-0.15397323668003082,0.5472387671470642,5.173793056201248e-07,-3.933201355721394e-07,0.8369765281677246]","[[0.9999999999991552,-9.213931831407919e-08,-1.2965486666117703e-06,0.0],[9.214366667597038e-08,0.9999999999943717,3.3537976055671733e-06,0.0],[1.296548357587811e-06,-3.3537977250331026e-06,0.9999999999935355,0.0],[1.5366822481155396e-07,-6.780028343200684e-06,-6.720423698425293e-06,1.0]]","[[0.9999999999991552,-9.213941634933352e-08,-1.2965487220967478e-06,0.0],[1.2246594697691785e-06,0.40105946346241306,0.9160520068106643,0.0],[4.355886177582929e-07,-0.9160520068114784,0.4010594634621871,0.0],[0.585939347743988,-0.18378973007202148,-0.15397323668003082,1.0]]",2652137.972919119
202,capture_closed_mid_open_mid_closed,22,445,446,-1.2,-1.2000000476837158,-1.1641923189163208,-0.3667084574699402,"[-8.381903171539307e-08,-3.993511199951172e-06,-4.649162292480469e-06,1.6485759601891914e-07,6.29908299742965e-07,6.977597166724081e-08,0.9999999403953552]","[0.5859395265579224,-0.1837872415781021,-0.15397068858146667,0.5497761368751526,5.645312626256782e-07,-2.8802378437831067e-07,0.8353120684623718]","[[0.9999999999991966,1.3955214270687363e-07,-1.2598165013888112e-06,0.0],[-1.395517273262016e-07,0.9999999999999359,3.297152602902087e-07,0.0],[1.259816547401207e-06,-3.2971508448035405e-07,0.9999999999991521,0.0],[-8.381903171539307e-08,-3.993511199951172e-06,-4.649162292480469e-06,1.0]]","[[0.9999999999991966,1.3955214723238143e-07,-1.2598167603983986e-06,0.0],[1.1019111196140089e-06,0.3954923986451011,0.9184692841685463,0.0],[6.264223463837203e-07,-0.9184692841691967,0.3954923986446296,0.0],[0.5859395265579224,-0.1837872415781021,-0.15397068858146667,1.0]]",2652138.016050874
203,capture_closed_mid_open_mid_closed,23,446,447,-1.2,-1.2000000476837158,-1.1686609983444214,-0.27998822927474976,"[3.9208680391311646e-07,-2.3543834686279297e-06,-3.4123659133911133e-06,-1.3698432894670987e-06,3.5985812019134755e-07,1.887147078605267e-07,0.9999999403953552]","[0.5859398245811462,-0.18378587067127228,-0.15396848320960999,0.5516397953033447,4.042538250814687e-07,-4.110901130616185e-08,0.8340823650360107]","[[0.9999999999996698,3.774284073260449e-07,-7.197167145034166e-07,0.0],[-3.7743037912296934e-07,0.9999999999961758,-2.7396862798151118e-06,0.0],[7.197156804651119e-07,2.739686551457192e-06,0.9999999999959881,0.0],[3.9208680391311646e-07,-2.3543834686279297e-06,-3.4123659133911133e-06,1.0]]","[[0.9999999999996698,3.7742839188799985e-07,-7.197167061617184e-07,0.0],[5.145815973861422e-07,0.39138707247536453,0.920226050229156,0.0],[6.290072398335024e-07,-0.9202260502292224,0.391387072475041,0.0],[0.5859398245811462,-0.18378587067127228,-0.15396848320960999,1.0]]",2652138.059576259
204,capture_closed_mid_open_mid_closed,24,447,448,-1.2,-1.2000000476837158,-1.171849012374878,-0.211496502161026,"[5.3085386753082275e-08,-1.087784767150879e-06,-2.339482307434082e-06,-2.8769654818461277e-06,4.0814987301018846e-07,2.7624210474641586e-07,0.9999999403953552]","[0.5859397053718567,-0.18378496170043945,-0.1539669632911682,0.5529673099517822,4.928245402879838e-07,4.470763759201191e-09,0.8332028985023499]","[[0.9999999999995142,5.524818280960145e-07,-8.163012868431205e-07,0.0],[-5.524865250283988e-07,0.9999999999832935,-5.753930395234884e-06,0.0],[8.162981078871205e-07,5.753930846227604e-06,0.999999999983113,0.0],[5.3085386753082275e-08,-1.087784767150879e-06,-2.339482307434082e-06,1.0]]","[[0.9999999999995142,5.524818272879116e-07,-8.163012984233616e-07,0.0],[5.37581613997169e-07,0.3884543082493792,0.9214679308577489,0.0],[8.261900432607832e-07,-0.92146793085774,0.3884543082488935,0.0],[0.5859397053718567,-0.18378496170043945,-0.1539669632911682,1.0]]",2652138.104500488
205,capture_closed_mid_open_mid_closed,25,448,449,-1.2,-1.2000000476837158,-1.1740366220474243,-0.1585880070924759,"[3.026798367500305e-07,-1.341104507446289e-07,-2.0563602447509766e-06,-4.208310656395042e-06,2.157508589561985e-07,3.659077094653185e-07,0.9999999403953552]","[0.5859397649765015,-0.18378427624702454,-0.15396586060523987,0.5538773536682129,3.82302573598281e-07,1.8515295607812732e-07,0.8325981497764587]","[[0.9999999999996392,7.318135594177611e-07,-4.315047718995164e-07,0.0],[-7.318171912043167e-07,0.9999999999643124,-8.416620653230555e-06,0.0],[4.3149861248626437e-07,8.416620969010167e-06,0.9999999999644872,0.0],[3.026798367500305e-07,-1.341104507446289e-07,-2.0563602447509766e-06,1.0]]","[[0.9999999999996392,7.318134928429076e-07,-4.315047721926144e-07,0.0],[1.1518145821774469e-07,0.3864397541869262,0.9223145197346122,0.0],[8.417128895382145e-07,-0.9223145197343291,0.3864397541867025,0.0],[0.5859397649765015,-0.18378427624702454,-0.15396586060523987,1.0]]",2652138.148236634
206,capture_closed_mid_open_mid_closed,26,449,450,-1.2,-1.2000000476837158,-1.1754587888717651,-0.11868366599082947,"[9.499490261077881e-08,3.129243850708008e-07,-1.6242265701293945e-06,-5.1684887694136705e-06,1.97626278009011e-07,4.4205231120031385e-07,1.0]","[0.5859397649765015,-0.1837841421365738,-0.1539650559425354,0.5544684529304504,4.095709016382898e-07,2.582983427146246e-07,0.8322046995162964]","[[0.999999999999531,8.841025795422309e-07,-3.9525712550283386e-07,0.0],[-8.841066652590245e-07,0.9999999999461826,-1.0336977364105035e-05,0.0],[3.9524798653321015e-07,1.0336977713549647e-05,0.9999999999464954,0.0],[9.499490261077881e-08,3.129243850708008e-07,-1.6242265701293945e-06,1.0]]","[[0.999999999999531,8.841024777621875e-07,-3.952570932980687e-07,0.0],[2.4274099024661455e-08,0.3851294694096923,0.9228625045247141,0.0],[9.681302232159775e-07,-0.9228625045242909,0.3851294694094902,0.0],[0.5859397649765015,-0.1837841421365738,-0.1539650559425354,1.0]]",2652138.19111118
207,capture_closed_mid_open_mid_closed,27,450,451,-1.2,-1.2000000476837158,-1.176311731338501,-0.08936325460672379,"[1.8067657947540283e-07,5.513429641723633e-07,-1.430511474609375e-06,-5.7724350881471764e-06,2.6442441480867274e-07,5.073396778243477e-07,0.9999999403953552]","[0.5859398245811462,-0.18378396332263947,-0.1539648026227951,0.5548228621482849,5.014780413148401e-07,2.7537899427443335e-07,0.8319684267044067]","[[0.9999999999993454,1.0146762424235525e-06,-5.288546552662146e-07,0.0],[-1.0146823479146334e-06,0.9999999999328432,-1.1544869219860472e-05,0.0],[5.288429409247831e-07,1.1544869756472462e-05,0.9999999999332182,0.0],[1.8067657947540283e-07,5.513429641723633e-07,-1.430511474609375e-06,1.0]]","[[0.9999999999993454,1.0146762216015152e-06,-5.288546705613154e-07,0.0],[9.82497071457466e-08,0.3843431832750188,0.9231902074425653,0.0],[1.1400009176767445e-06,-0.9231902074420129,0.38434318327466754,0.0],[0.5859398245811462,-0.18378396332263947,-0.1539648026227951,1.0]]",2652138.237217841
208,capture_closed_mid_open_mid_closed,28,451,452,-1.2,-1.2000000476837158,-1.1767518520355225,-0.06848033517599106,"[1.816079020500183e-07,8.493661880493164e-07,-1.430511474609375e-06,-6.560387191711925e-06,2.776669418835809e-07,5.547706791730889e-07,1.0]","[0.585939884185791,-0.1837838888168335,-0.15396448969841003,0.5550053119659424,5.388790782490105e-07,3.073740231229749e-07,0.8318467736244202]","[[0.9999999999992303,1.1095377151408796e-06,-5.553411627880777e-07,0.0],[-1.1095450015514758e-06,0.9999999999133071,-1.3120774075340894e-05,0.0],[5.553266047462458e-07,1.3120774691506806e-05,0.9999999999137684,0.0],[1.816079020500183e-07,8.493661880493164e-07,-1.430511474609375e-06,1.0]]","[[0.9999999999992303,1.1095376807326323e-06,-5.553412140430947e-07,0.0],[8.67853230094139e-08,0.383938207378985,0.9233587562068992,0.0],[1.2377180764174686e-06,-0.9233587562062366,0.3839382073785932,0.0],[0.585939884185791,-0.1837838888168335,-0.15396448969841003,1.0]]",2652138.280080544
209,capture_closed_mid_open_mid_closed,29,452,453,-1.2,-1.2000000476837158,-1.1769026517868042,-0.05420009419322014,"[3.8836151361465454e-07,9.98377799987793e-07,-1.385807991027832e-06,-7.12384780854336e-06,2.455494438891037e-07,5.983573032608547e-07,0.9999999403953552]","[0.5859398245811462,-0.1837838888168335,-0.15396413207054138,0.5550675988197327,5.363806394598214e-07,3.614163972542883e-07,0.8318051695823669]","[[0.9999999999991633,1.196711036678225e-06,-4.911073837191598e-07,0.0],[-1.1967180337056958e-06,0.9999999998977855,-1.4247694474005278e-05,0.0],[4.910903332937055e-07,1.424769506171049e-05,0.999999999898381,0.0],[3.8836151361465454e-07,9.98377799987793e-07,-1.385807991027832e-06,1.0]]","[[0.9999999999991633,1.1967110824126144e-06,-4.911073139371174e-07,0.0],[-5.801028019191155e-09,0.3837999214807314,0.9234161963322376,0.0],[1.2935494411291832e-06,-0.9234161963314622,0.3837999214804172,0.0],[0.5859398245811462,-0.1837838888168335,-0.15396413207054138,1.0]]",2652138.324032722
210,capture_closed_mid_open_mid_closed,30,453,454,-1.2,-1.2000000476837158,-1.1768609285354614,-0.0449531152844429,"[-9.313225746154785e-09,1.1026859283447266e-06,-1.3262033462524414e-06,-7.667272257094737e-06,1.9932997474825243e-07,6.30308932159096e-07,1.0]","[0.5859398245811462,-0.1837838888168335,-0.15396392345428467,0.5550497174263,5.156620659363398e-07,4.136598192872043e-07,0.8318171501159668]","[[0.9999999999991259,1.2606148076838212e-06,-3.9866961499688275e-07,0.0],[-1.2606209209525628e-06,0.9999999998816312,-1.5334544262910547e-05,0.0],[3.9865028399612695e-07,1.53345447654684e-05,0.9999999998823464,0.0],[-9.313225746154785e-09,1.1026859283447266e-06,-1.3262033462524414e-06,1.0]]","[[0.9999999999991259,1.2606148319647912e-06,-3.9866956860820166e-07,0.0],[-1.1574249602308123e-07,0.38383962236962665,0.9233997482448618,0.0],[1.31707663183211e-06,-0.9233997482440085,0.38383962236943714,0.0],[0.5859398245811462,-0.1837838888168335,-0.15396392345428467,1.0]]",2652138.368445607
211,capture_closed_mid_open_mid_closed,31,454,455,-1.2,-1.2000000476837158,-1.1766982078552246,-0.03945361077785492,"[2.561137080192566e-07,1.1771917343139648e-06,-1.3709068298339844e-06,-7.996926797204651e-06,1.808345189147076e-07,6.56154156786215e-07,0.9999999403953552]","[0.585939884185791,-0.18378378450870514,-0.15396377444267273,0.5549817681312561,5.145866452949122e-07,4.4546601429829025e-07,0.8318623900413513]","[[0.9999999999990735,1.312305343111939e-06,-3.6167951070577963e-07,0.0],[-1.3123111275935794e-06,0.9999999998712372,-1.5993852403790697e-05,0.0],[3.6165852183874166e-07,1.5993852878411982e-05,0.9999999998720329,0.0],[2.561137080192566e-07,1.1771917343139648e-06,-1.3709068298339844e-06,1.0]]","[[0.9999999999990735,1.3123052591977447e-06,-3.6167952076147637e-07,0.0],[-1.6996043414773727e-07,0.38399047408341247,0.9233369201345419,0.0],[1.3505815857920705e-06,-0.9233369201336251,0.3839904740832798,0.0],[0.585939884185791,-0.18378378450870514,-0.15396377444267273,1.0]]",2652138.412352679
212,capture_closed_mid_open_mid_closed,32,455,456,-1.2,-1.2000000476837158,-1.1764683723449707,-0.03665998950600624,"[2.1513551473617554e-07,1.385807991027832e-06,-1.4454126358032227e-06,-8.311018063977826e-06,1.5132989972244104e-07,6.743096605532628e-07,1.0]","[0.5859399437904358,-0.18378373980522156,-0.15396369993686676,0.5548859238624573,5.000642318009341e-07,4.770010377797007e-07,0.8319264054298401]","[[0.9999999999990448,1.3486168056954653e-06,-3.026710078444212e-07,0.0],[-1.348621836517586e-06,0.9999999998609446,-1.6622035923869227e-05,0.0],[3.0264859104534294e-07,1.662203633204208e-05,0.9999999998618082,0.0],[2.1513551473617554e-07,1.385807991027832e-06,-1.4454126358032227e-06,1.0]]","[[0.9999999999990448,1.348616723999602e-06,-3.026709546288906e-07,0.0],[-2.3870231098587695e-07,0.38420322299815945,0.9232485041254971,0.0],[1.361395600755851e-06,-0.923248504124543,0.3842032229981144,0.0],[0.5859399437904358,-0.18378373980522156,-0.15396369993686676,1.0]]",2652138.455382921
213,capture_closed_mid_open_mid_closed,33,456,457,-1.2,-1.2000000476837158,-1.176208734512329,-0.035759128630161285,"[1.210719347000122e-07,1.341104507446289e-06,-1.3560056686401367e-06,-8.423789040534757e-06,1.667839057972742e-07,6.913339802849805e-07,0.9999999403953552]","[0.5859400033950806,-0.18378382921218872,-0.15396371483802795,0.5547778606414795,5.223049015512515e-07,4.826564463655814e-07,0.8319985270500183]","[[0.9999999999989885,1.3826650682516527e-06,-3.3357943901557045e-07,0.0],[-1.382670688061404e-06,0.9999999998571236,-1.6847576846268844e-05,0.0],[3.335561444091445e-07,1.684757730748237e-05,0.9999999998580239,0.0],[1.210719347000122e-07,1.341104507446289e-06,-1.3560056686401367e-06,1.0]]","[[0.9999999999989885,1.3826652966650435e-06,-3.3357959604425976e-07,0.0],[-2.2361251312439593e-07,0.38444305068366036,0.9231487257878467,0.0],[1.4046480390023246e-06,-0.9231487257868384,0.38444305068358076,0.0],[0.5859400033950806,-0.18378382921218872,-0.15396371483802795,1.0]]",2652138.499783112
214,capture_closed_mid_open_mid_closed,34,457,458,-1.2,-1.2000000476837158,-1.1759452819824219,-0.036106355488300323,"[2.1327286958694458e-07,1.3709068298339844e-06,-1.5348196029663086e-06,-8.533008440281264e-06,1.7048289180365828e-07,7.017577559054189e-07,1.0]","[0.5859400629997253,-0.18378378450870514,-0.15396375954151154,0.554668128490448,5.311007953423541e-07,4.893468030786607e-07,0.8320716619491577]","[[0.999999999998957,1.4035126023469284e-06,-3.409777598170249e-07,0.0],[-1.4035184212747472e-06,0.9999999998533906,-1.7066016641287146e-05,0.0],[3.409538073976082e-07,1.7066017119837912e-05,0.9999999998543174,0.0],[2.1327286958694458e-07,1.3709068298339844e-06,-1.5348196029663086e-06,1.0]]","[[0.999999999998957,1.4035125837990009e-06,-3.40977691993215e-07,0.0],[-2.2517384702967292e-07,0.3846865344733288,0.9230472630070718,0.0],[1.4266779937789132e-06,-0.9230472630060322,0.38468653447324364,0.0],[0.5859400629997253,-0.18378378450870514,-0.15396375954151154,1.0]]",2652138.54284298
215,capture_closed_mid_open_mid_closed,35,458,459,-1.2,-1.2000000476837158,-1.1756941080093384,-0.03723675012588501,"[2.3748725652694702e-07,1.385807991027832e-06,-1.4156103134155273e-06,-8.634741789137479e-06,1.6433170912932837e-07,7.079982538016338e-07,0.9999999403953552]","[0.5859400033950806,-0.18378382921218872,-0.1539636254310608,0.554563581943512,5.293816229823278e-07,4.980176413482695e-07,0.8321413397789001]","[[0.9999999999989435,1.4159935852795467e-06,-3.286756254330079e-07,0.0],[-1.415999261127051e-06,0.99999999984988,-1.7269482316240397e-05,0.0],[3.28651171904573e-07,1.726948278162665e-05,0.9999999998508284,0.0],[2.3748725652694702e-07,1.385807991027832e-06,-1.4156103134155273e-06,1.0]]","[[0.9999999999989435,1.4159936727224526e-06,-3.286757718913745e-07,0.0],[-2.4169059649785455e-07,0.38491846716346734,0.9229505641426471,0.0],[1.433405560119997e-06,-0.9229505641415926,0.38491846716340294,0.0],[0.5859400033950806,-0.18378382921218872,-0.1539636254310608,1.0]]",2652138.585594361
216,capture_closed_mid_open_mid_closed,36,459,460,-1.2,-1.2000000476837158,-1.1754655838012695,-0.038799483329057693,"[2.1420419216156006e-07,1.3560056686401367e-06,-1.4454126358032227e-06,-8.72679811436683e-06,1.5062003910770727e-07,7.113644073797332e-07,1.0]","[0.5859399437904358,-0.1837838888168335,-0.15396353602409363,0.5544682741165161,5.197801442591299e-07,5.084822873868688e-07,0.8322048187255859]","[[0.9999999999989425,1.4227261858981198e-06,-3.0125249408255244e-07,0.0],[-1.4227314436208129e-06,0.9999999998466739,-1.745359601444219e-05,0.0],[3.0122766234827665e-07,1.7453596443025127e-05,0.9999999998476407,0.0],[2.1420419216156006e-07,1.3560056686401367e-06,-1.4454126358032227e-06,1.0]]","[[0.9999999999989425,1.422726018614708e-06,-3.0125248884822515e-07,0.0],[-2.6991962058513393e-07,0.38512986599598675,0.9228623391009761,0.0],[1.4290016740730872e-06,-0.922862339099919,0.38512986599596355,0.0],[0.5859399437904358,-0.1837838888168335,-0.15396353602409363,1.0]]",2652138.630085105
217,capture_closed_mid_open_mid_closed,37,460,461,-1.2,-1.2000000476837158,-1.1752649545669556,-0.040549296885728836,"[1.6577541828155518e-07,1.385807991027832e-06,-1.4603137969970703e-06,-8.807986887404695e-06,1.3165718826257944e-07,7.128552965696144e-07,0.9999999403953552]","[0.585939884185791,-0.18378378450870514,-0.15396350622177124,0.5543848276138306,5.047738795838086e-07,5.202880402066512e-07,0.8322603702545166]","[[0.9999999999989491,1.4257081888906797e-06,-2.633269184706086e-07,0.0],[-1.4257128274298311e-06,0.9999999998438224,-1.7615972537110482e-05,0.0],[2.633018031901894e-07,1.761597291252058e-05,0.999999999844804,0.0],[1.6577541828155518e-07,1.385807991027832e-06,-1.4603137969970703e-06,1.0]]","[[0.999999999998949,1.425708194396837e-06,-2.633270008754545e-07,0.0],[-3.063522735287003e-07,0.3853149258226254,0.9227850437872712,0.0],[1.4170861827934628e-06,-0.9227850437862207,0.38531492582265714,0.0],[0.585939884185791,-0.18378378450870514,-0.15396350622177124,1.0]]",2652138.673412993
218,capture_closed_mid_open_mid_closed,38,461,462,-1.2,-1.2000000476837158,-1.175093650817871,-0.04231738671660423,"[1.695007085800171e-07,1.4901161193847656e-06,-1.5050172805786133e-06,-8.878483640728518e-06,1.0967937669192906e-07,7.130894346119021e-07,1.0]","[0.585939884185791,-0.18378371000289917,-0.15396341681480408,0.5543133616447449,4.865667619924352e-07,5.327089525053452e-07,0.8323079347610474]","[[0.9999999999989589,1.426176921650701e-06,-2.1937141568961728e-07,0.0],[-1.4261808167969075e-06,0.999999999841328,-1.775696712503463e-05,0.0],[2.1934609107809898e-07,1.7756967437879445e-05,0.999999999842321,0.0],[1.695007085800171e-07,1.4901161193847656e-06,-1.5050172805786133e-06,1.0]]","[[0.9999999999989589,1.42617669118614e-06,-2.1937137311161034e-07,0.0],[-3.47334861167639e-07,0.385473394203637,0.9227188184825007,0.0],[1.400522134077565e-06,-0.922718818481464,0.38547339420373106,0.0],[0.585939884185791,-0.18378371000289917,-0.15396341681480408,1.0]]",2652138.718154685
219,capture_closed_mid_open_mid_closed,39,462,463,-1.2,-1.2000000476837158,-1.1749505996704102,-0.04399823769927025,"[2.505257725715637e-07,1.3709068298339844e-06,-1.3709068298339844e-06,-8.781536962487735e-06,1.8694238690386555e-07,7.113731612662377e-07,0.9999999403953552]","[0.585939884185791,-0.18378379940986633,-0.15396349132061005,0.554253876209259,5.498867494679871e-07,4.884913664682244e-07,0.832347571849823]","[[0.999999999998918,1.4227429544472255e-06,-3.7389724542188153e-07,0.0],[-1.4227495210131471e-06,0.9999999998447571,-1.7563072612163093e-05,0.0],[3.738722576230424e-07,1.7563073144106282e-05,0.9999999998456993,0.0],[2.505257725715637e-07,1.3709068298339844e-06,-1.3709068298339844e-06,1.0]]","[[0.999999999998918,1.4227429302363404e-06,-3.738973347045999e-07,0.0],[-2.036354807613742e-07,0.38560528141354544,0.9226637361027955,0.0],[1.4568902681436841e-06,-0.922663736101721,0.385605281413418,0.0],[0.585939884185791,-0.18378379940986633,-0.15396349132061005,1.0]]",2652138.763818412
220,capture_closed_mid_open_mid_closed,40,463,464,-1.2,-1.2000000476837158,-1.1748342514038086,-0.04551554098725319,"[2.728775143623352e-07,1.564621925354004e-06,-1.5348196029663086e-06,-8.8455399236409e-06,1.3891445860281237e-07,7.116690881048271e-07,1.0]","[0.5859399437904358,-0.18378382921218872,-0.15396353602409363,0.554205596446991,5.100451403450279e-07,5.153872848495666e-07,0.8323798179626465]","[[0.9999999999989485,1.423335718662875e-06,-2.7784150740028725e-07,0.0],[-1.4233406337564334e-06,0.9999999998424999,-1.7691079649559545e-05,0.0],[2.7781632701096225e-07,1.7691080045004052e-05,0.9999999998434742,0.0],[2.728775143623352e-07,1.564621925354004e-06,-1.5348196029663086e-06,1.0]]","[[0.9999999999989485,1.4233356911263006e-06,-2.77841526943755e-07,0.0],[-2.92656206247079e-07,0.38571231373313875,0.9226191069693782,0.0],[1.4203635973487522e-06,-0.9226191069683268,0.38571231373314974,0.0],[0.5859399437904358,-0.18378382921218872,-0.15396353602409363,1.0]]",2652138.808118483
221,capture_closed_mid_open_mid_closed,41,464,465,-1.2,-1.2000000476837158,-1.174741268157959,-0.04685462266206741,"[1.1734664440155029e-07,1.2367963790893555e-06,-1.3560056686401367e-06,-8.746479579713196e-06,2.0382677234920266e-07,7.098342962308379e-07,0.9999999403953552]","[0.5859397649765015,-0.1837838888168335,-0.15396352112293243,0.554166853427887,5.630374175780162e-07,4.779110440722434e-07,0.8324055075645447]","[[0.9999999999989092,1.4196649423094294e-06,-4.076659375027145e-07,0.0],[-1.419672073376238e-06,0.9999999998459904,-1.7492957827398306e-05,0.0],[4.0764110329800667e-07,1.7492958406131243e-05,0.9999999998469151,0.0],[1.1734664440155029e-07,1.2367963790893555e-06,-1.3560056686401367e-06,1.0]]","[[0.9999999999989092,1.4196649185460594e-06,-4.0766597568981543e-07,0.0],[-1.7159822230056952e-07,0.38579819712321295,0.9225830818067119,0.0],[1.4670358137376207e-06,-0.9225830818056356,0.38579819712303565,0.0],[0.5859397649765015,-0.1837838888168335,-0.15396352112293243,1.0]]",2652138.856530585
222,capture_closed_mid_open_mid_closed,42,465,466,-1.2,-1.2000000476837158,-1.1746689081192017,-0.047984808683395386,"[1.3690441846847534e-07,1.430511474609375e-06,-1.430511474609375e-06,-8.809193786873948e-06,1.4869200981593167e-07,7.099835670487664e-07,1.0]","[0.5859400033950806,-0.18378382921218872,-0.15396356582641602,0.5541367530822754,5.172075248083274e-07,5.086082524030644e-07,0.8324256539344788]","[[0.9999999999989476,1.4199645143840748e-06,-2.973965283975186e-07,0.0],[-1.4199697538109909e-06,0.9999999998437881,-1.7618387362610127e-05,0.0],[2.9737151086620807e-07,1.7618387784885664e-05,0.999999999844752,0.0],[1.3690441846847534e-07,1.430511474609375e-06,-1.430511474609375e-06,1.0]]","[[0.9999999999989476,1.4199645111402005e-06,-2.9739657296184123e-07,0.0],[-2.735497172721727e-07,0.38586491776634935,0.9225552981078099,0.0],[1.4247506752717792e-06,-0.9225552981067576,0.3858649177663317,0.0],[0.5859400033950806,-0.18378382921218872,-0.15396356582641602,1.0]]",2652138.903752209
223,capture_closed_mid_open_mid_closed,43,466,467,-1.2,-1.2000000476837158,-1.1746137142181396,-0.04893311485648155,"[3.2782554626464844e-07,1.3709068298339844e-06,-1.475214958190918e-06,-8.709767826076131e-06,2.1058133370388532e-07,7.080607247189619e-07,0.9999999403953552]","[0.585939884185791,-0.18378378450870514,-0.1539636254310608,0.5541138052940369,5.67646907256858e-07,4.727276916582923e-07,0.8324407935142517]","[[0.9999999999989087,1.4161176968014576e-06,-4.211749763935576e-07,0.0],[-1.416125033259558e-06,0.9999999998472772,-1.7419534315658284e-05,0.0],[4.211503082154813e-07,1.741953491207577e-05,0.9999999998481912,0.0],[3.2782554626464844e-07,1.3709068298339844e-06,-1.475214958190918e-06,1.0]]","[[0.9999999999989087,1.4161176052073563e-06,-4.211750036403344e-07,0.0],[-1.5795365383340114e-07,0.38591578156467743,0.9225338715528759,0.0],[1.4689547640109043e-06,-0.9225338715518026,0.3859157815644799,0.0],[0.585939884185791,-0.18378378450870514,-0.1539636254310608,1.0]]",2652138.945822794
224,capture_closed_mid_open_mid_closed,44,467,468,-1.2,-1.2000000476837158,-1.174572467803955,-0.049701347947120667,"[3.0174851417541504e-07,1.4454126358032227e-06,-1.564621925354004e-06,-8.773934496275615e-06,1.547704897575386e-07,7.082165893734782e-07,1.0]","[0.5859397053718567,-0.18378382921218872,-0.15396347641944885,0.5540966391563416,5.212639280216536e-07,5.037940695729048e-07,0.8324522376060486]","[[0.999999999998949,1.4164304628546781e-06,-3.095534072070059e-07,0.0],[-1.4164358946392347e-06,0.999999999845033,-1.7547868773329173e-05,0.0],[3.095285518231485e-07,1.7547869211773287e-05,0.9999999998459882,0.0],[3.0174851417541504e-07,1.4454126358032227e-06,-1.564621925354004e-06,1.0]]","[[0.999999999998949,1.4164301822777066e-06,-3.0955344497540213e-07,0.0],[-2.611078197567812e-07,0.38595382895078645,0.9225179742319009,0.0],[1.4261558480843729e-06,-0.9225179742308504,0.3859538289507506,0.0],[0.5859397053718567,-0.18378382921218872,-0.15396347641944885,1.0]]",2652138.987640196
225,capture_closed_mid_open_mid_closed,45,468,469,-1.2,-1.2000000476837158,-1.1745425462722778,-0.05031924694776535,"[2.9802322387695312e-08,1.2814998626708984e-06,-1.296401023864746e-06,-8.833759238768835e-06,1.1548112155423951e-07,7.07499566487968e-07,0.9999999403953552]","[0.5859397053718567,-0.1837838888168335,-0.15396328270435333,0.5540841221809387,4.881524091615574e-07,5.249750074654003e-07,0.8324605822563171]","[[0.9999999999989723,1.4149970083705665e-06,-2.3097472910372033e-07,0.0],[-1.415001088900264e-06,0.9999999998429283,-1.766751726106582e-05,0.0],[2.3094972958039278e-07,1.7667517587877193e-05,0.9999999998439028,0.0],[2.9802322387695312e-08,1.2814998626708984e-06,-1.296401023864746e-06,1.0]]","[[0.9999999999989723,1.414996999010907e-06,-2.3097464516411202e-07,0.0],[-3.330870025277391e-07,0.3859815710934059,0.9225063819399618,0.0],[1.3944959098777043e-06,-0.9225063819389366,0.3859815710934805,0.0],[0.5859397053718567,-0.1837838888168335,-0.15396328270435333,1.0]]",2652139.032082236
226,capture_closed_mid_open_mid_closed,46,469,470,-1.2,-1.2000000476837158,-1.1745221614837646,-0.050795961171388626,"[1.2665987014770508e-07,1.385807991027832e-06,-1.3709068298339844e-06,-8.729059118195437e-06,1.8528957923535927e-07,7.05299214587285e-07,1.0]","[0.5859400629997253,-0.18378384411334991,-0.1539636254310608,0.5540757179260254,5.450407343232655e-07,4.844686145588639e-07,0.8324663043022156]","[[0.9999999999989364,1.4105951943671875e-06,-3.7059147166779884e-07,0.0],[-1.4106016639819523e-06,0.9999999998466121,-1.7458117975021683e-05,0.0],[3.7056684527363823e-07,1.7458118497760064e-05,0.9999999998475384,0.0],[1.2665987014770508e-07,1.385807991027832e-06,-1.3709068298339844e-06,1.0]]","[[0.9999999999989364,1.4105952665626468e-06,-3.7059150074385033e-07,0.0],[-2.026199218862812e-07,0.3860001976090497,0.9224987304114786,0.0],[1.444320682441168e-06,-0.9224987304104223,0.3860001976089249,0.0],[0.5859400629997253,-0.18378384411334991,-0.1539636254310608,1.0]]",2652139.076685664
227,capture_closed_mid_open_mid_closed,47,470,471,-1.2,-1.2000000476837158,-1.174508810043335,-0.051158446818590164,"[3.129243850708008e-07,1.430511474609375e-06,-1.5348196029663086e-06,-8.788441846263595e-06,1.3473579940637137e-07,7.056435720187437e-07,0.9999999403953552]","[0.585939884185791,-0.18378376960754395,-0.15396356582641602,0.5540701150894165,5.031440650782315e-07,5.127695317241887e-07,0.8324698805809021]","[[0.9999999999989678,1.411284691682743e-06,-2.6948398576597756e-07,0.0],[-1.411289428153694e-06,0.9999999998445307,-1.757688245471238e-05,0.0],[2.6945917973599007e-07,1.7576882835014182e-05,0.9999999998454903,0.0],[3.129243850708008e-07,1.430511474609375e-06,-1.5348196029663086e-06,1.0]]","[[0.9999999999989678,1.4112845617688261e-06,-2.6948401262779514e-07,0.0],[-2.9617620159101574e-07,0.3860126151290756,0.9224933650843825,0.0],[1.405925106454865e-06,-0.9224933650833504,0.38601261512909524,0.0],[0.585939884185791,-0.18378376960754395,-0.15396356582641602,1.0]]",2652139.119471841
228,capture_closed_mid_open_mid_closed,48,471,472,-1.2,-1.2000000476837158,-1.1744999885559082,-0.05143161118030548,"[7.82310962677002e-08,1.3262033462524414e-06,-1.3709068298339844e-06,-8.686242836120073e-06,2.0023486513309763e-07,7.04103854332061e-07,1.0]","[0.585939884185791,-0.1837839037179947,-0.1539635956287384,0.55406653881073,5.568144842982292e-07,4.7519876034129993e-07,0.8324723839759827]","[[0.9999999999989283,1.4082042300867963e-06,-4.004819623003164e-07,0.0],[-1.4082111872414477e-06,0.9999999998481068,-1.7372485390267865e-05,0.0],[4.004574982320741e-07,1.7372485954212426e-05,0.9999999998490182,0.0],[7.82310962677002e-08,1.3262033462524414e-06,-1.3709068298339844e-06,1.0]]","[[0.9999999999989283,1.40820423791711e-06,-4.004818975733012e-07,0.0],[-1.7415514161790436e-07,0.38602054114014406,0.9224901848907087,0.0],[1.4536488271311158e-06,-0.9224901848896502,0.38602054113997564,0.0],[0.585939884185791,-0.1837839037179947,-0.1539635956287384,1.0]]",2652139.162623144
229,capture_closed_mid_open_mid_closed,49,472,473,-1.2,-1.2000000476837158,-1.1744956970214844,-0.05162207782268524,"[2.7008354663848877e-07,1.3560056686401367e-06,-1.5050172805786133e-06,-8.748565960559063e-06,1.4722928654009593e-07,7.048179213597905e-07,0.9999999403953552]","[0.585939884185791,-0.18378376960754395,-0.1539635807275772,0.5540647506713867,5.130837053002324e-07,5.051632001595863e-07,0.8324734568595886]","[[0.9999999999989632,1.409633182608488e-06,-2.944708878212436e-07,0.0],[-1.4096383347889866e-06,0.9999999998459317,-1.7497130670668112e-05,0.0],[2.944462232369428e-07,1.7497131085747473e-05,0.9999999998468818,0.0],[2.7008354663848877e-07,1.3560056686401367e-06,-1.5050172805786133e-06,1.0]]","[[0.9999999999989632,1.4096331015316552e-06,-2.944708865296598e-07,0.0],[-2.725067205287571e-07,0.38602450412639777,0.9224883966314291,0.0],[1.4140433767087838e-06,-0.9224883966303924,0.3860245041263817,0.0],[0.585939884185791,-0.18378376960754395,-0.1539635807275772,1.0]]",2652139.208921499
230,capture_closed_mid_open_mid_closed,50,473,474,-1.2,-1.2000000476837158,-1.1744935512542725,-0.0517580471932888,"[1.0803341865539551e-07,1.3709068298339844e-06,-1.430511474609375e-06,-8.64975208969554e-06,2.1133207894763473e-07,7.035114890641125e-07,1.0]","[0.5859399437904358,-0.18378382921218872,-0.15396368503570557,0.5540639162063599,5.657228712152573e-07,4.685587668973312e-07,0.8324741125106812]","[[0.9999999999989209,1.407019322188042e-06,-4.2267632829521474e-07,0.0],[-1.4070266340684082e-06,0.9999999998493737,-1.729950388204199e-05,0.0],[4.2265198749532417e-07,1.729950447674017e-05,0.9999999998502742,0.0],[1.0803341865539551e-07,1.3709068298339844e-06,-1.430511474609375e-06,1.0]]","[[0.9999999999989209,1.4070193462899732e-06,-4.2267627956391496e-07,0.0],[-1.5323282823784658e-07,0.3860263535157046,0.9224877338366938,0.0],[1.4611223010037479e-06,-0.9224877338356335,0.38602635351550363,0.0],[0.5859399437904358,-0.18378382921218872,-0.15396368503570557,1.0]]",2652139.251190361
231,capture_closed_mid_open_mid_closed,51,474,475,-1.2,-1.2000000476837158,-1.174493670463562,-0.05184490233659744,"[2.8219074010849e-07,1.296401023864746e-06,-1.430511474609375e-06,-8.71552765602246e-06,1.5754892501718132e-07,7.044447443149693e-07,0.9999999403953552]","[0.5859399437904358,-0.18378382921218872,-0.15396355092525482,0.5540637969970703,5.214671432440809e-07,4.991353534933296e-07,0.8324741125106812]","[[0.9999999999989578,1.4088866584095547e-06,-3.1511011046836967e-07,0.0],[-1.4088921508976075e-06,0.9999999998470867,-1.7431054051104033e-05,0.0],[3.1508555203776476e-07,1.7431054495042084e-05,0.9999999998480296,0.0],[2.8219074010849e-07,1.296401023864746e-06,-1.430511474609375e-06,1.0]]","[[0.9999999999989578,1.4088866516341907e-06,-3.1511013620721484e-07,0.0],[-2.5318239005406805e-07,0.38602661771388025,0.9224875353593892,0.0],[1.4213214528951713e-06,-0.922487535358348,0.3860266177138346,0.0],[0.5859399437904358,-0.18378382921218872,-0.15396355092525482,1.0]]",2652139.295882088
232,capture_closed_mid_open_mid_closed,52,475,476,-1.2,-1.2000000476837158,-1.174494743347168,-0.05189806967973709,"[1.3969838619232178e-07,1.4603137969970703e-06,-1.4603137969970703e-06,-8.777679795457516e-06,1.2040463559515047e-07,7.043686309771147e-07,1.0]","[0.585939884185791,-0.18378373980522156,-0.15396352112293243,0.5540642142295837,4.905037371827348e-07,5.196522465666931e-07,0.8324738144874573]","[[0.9999999999989787,1.408735148207555e-06,-2.408216366349023e-07,0.0],[-1.4087393757009036e-06,0.9999999998449124,-1.7555359421296535e-05,0.0],[2.4079690574569957e-07,1.755535976053353e-05,0.9999999998458757,0.0],[1.3969838619232178e-07,1.4603137969970703e-06,-1.4603137969970703e-06,1.0]]","[[0.9999999999989787,1.4087349112503557e-06,-2.408216068925035e-07,0.0],[-3.216526403750509e-07,0.38602569301976775,0.9224878997819044,0.0],[1.3925044615589543e-06,-0.9224878997808847,0.3860256930198267,0.0],[0.585939884185791,-0.18378373980522156,-0.15396352112293243,1.0]]",2652139.340385735
233,capture_closed_mid_open_mid_closed,53,476,477,-1.2,-1.2000000476837158,-1.174495816230774,-0.05193231627345085,"[2.523884177207947e-07,1.3113021850585938e-06,-1.385807991027832e-06,-8.676640391058754e-06,1.9204546219953045e-07,7.028667710073933e-07,0.9999999403953552]","[0.585939884185791,-0.1837838888168335,-0.1539635807275772,0.5540648102760315,5.493106982612517e-07,4.787075909007399e-07,0.8324734568595886]","[[0.9999999999989382,1.4057301256077096e-06,-3.841030985498875e-07,0.0],[-1.4057367908453666e-06,0.9999999998484438,-1.7353279477816623e-05,0.0],[3.8407870446102806e-07,1.735328001774612e-05,0.9999999998493581,0.0],[2.523884177207947e-07,1.3113021850585938e-06,-1.385807991027832e-06,1.0]]","[[0.9999999999989382,1.405730181673559e-06,-3.841030906827681e-07,0.0],[-1.883152704146998e-07,0.38602437202711215,0.922488495870006,0.0],[1.4450432128032263e-06,-0.9224884958689542,0.38602437202696693,0.0],[0.585939884185791,-0.1837838888168335,-0.1539635807275772,1.0]]",2652139.385137836
234,capture_closed_mid_open_mid_closed,54,477,478,-1.2,-1.2000000476837158,-1.1744980812072754,-0.05194266140460968,"[1.2293457984924316e-07,1.385807991027832e-06,-1.475214958190918e-06,-8.73946373758372e-06,1.4297914674443746e-07,7.037531872811087e-07,1.0]","[0.5859399437904358,-0.1837838590145111,-0.1539635807275772,0.5540657043457031,5.089561909699114e-07,5.066312382950855e-07,0.8324729204177856]","[[0.9999999999989686,1.4075038754400809e-06,-2.8597059433979584e-07,0.0],[-1.4075088736843539e-06,0.999999999846253,-1.7478927273923378e-05,0.0],[2.85945992637954e-07,1.74789276764115e-05,0.9999999998472027,0.0],[1.2293457984924316e-07,1.385807991027832e-06,-1.475214958190918e-06,1.0]]","[[0.9999999999989686,1.4075039138984781e-06,-2.859705055438641e-07,0.0],[-2.795232321750775e-07,0.3860223905352864,0.9224893900005254,0.0],[1.4087984811018734e-06,-0.922489389999494,0.38602239053528176,0.0],[0.5859399437904358,-0.1837838590145111,-0.1539635807275772,1.0]]",2652139.426879534
235,capture_closed_mid_open_mid_closed,55,478,479,-1.2,-1.2000000476837158,-1.1745003461837769,-0.051945850253105164,"[1.8067657947540283e-07,1.341104507446289e-06,-1.385807991027832e-06,-8.641022759547923e-06,2.09107312798551e-07,7.026930575193546e-07,0.9999999403953552]","[0.5859400033950806,-0.1837838888168335,-0.15396365523338318,0.5540667176246643,5.634190074488288e-07,4.691082438057492e-07,0.8324722647666931]","[[0.999999999998925,1.405382417469071e-06,-4.1822674464297376e-07,0.0],[-1.4053896450732672e-06,0.9999999998496779,-1.728204419512915e-05,0.0],[4.182024566961618e-07,1.7282044782882174e-05,0.999999999850578,0.0],[1.8067657947540283e-07,1.341104507446289e-06,-1.385807991027832e-06,1.0]]","[[0.999999999998925,1.4053826444924339e-06,-4.182268645748132e-07,0.0],[-1.566957640743585e-07,0.3860201448408209,0.9224903505062328,0.0],[1.4578959239993021e-06,-0.9224903505051757,0.3860201448406261,0.0],[0.5859400033950806,-0.1837838888168335,-0.15396365523338318,1.0]]",2652139.469863959
236,capture_closed_mid_open_mid_closed,56,479,480,-1.2,-1.2000000476837158,-1.1745024919509888,-0.051934774965047836,"[2.561137080192566e-07,1.3709068298339844e-06,-1.475214958190918e-06,-8.70733583724359e-06,1.5689654730977054e-07,7.038042895146646e-07,1.0]","[0.5859400033950806,-0.1837838590145111,-0.1539635956287384,0.5540675520896912,5.205714046496723e-07,4.989613557881967e-07,0.8324716687202454]","[[0.99999999999896,1.4076058467274708e-06,-3.1380535114016606e-07,0.0],[-1.4076113113311875e-06,0.999999999847374,-1.7414671453638255e-05,0.0],[3.137808380989161e-07,1.7414671895336107e-05,0.9999999998483153,0.0],[2.561137080192566e-07,1.3709068298339844e-06,-1.475214958190918e-06,1.0]]","[[0.99999999999896,1.4076058326841043e-06,-3.138052978556705e-07,0.0],[-2.5387893723556024e-07,0.3860182954421768,0.9224910793442128,0.0],[1.4196384858113488e-06,-0.9224910793431739,0.38601829544213273,0.0],[0.5859400033950806,-0.1837838590145111,-0.1539635956287384,1.0]]",2652139.512374881
237,capture_closed_mid_open_mid_closed,57,480,481,-1.2,-1.2000000476837158,-1.174504280090332,-0.05192442983388901,"[1.648440957069397e-07,1.3560056686401367e-06,-1.385807991027832e-06,-8.770444765104912e-06,1.207661597391052e-07,7.03937644175312e-07,0.9999999403953552]","[0.5859399437904358,-0.1837838590145111,-0.15396347641944885,0.5540683269500732,4.905684818368172e-07,5.190908041186049e-07,0.8324711322784424]","[[0.9999999999989798,1.4078730860888507e-06,-2.415446527742149e-07,0.0],[-1.4078773227805845e-06,0.9999999998451675,-1.754088831466764e-05,0.0],[2.415199573893097e-07,1.754088865471503e-05,0.9999999998461294,0.0],[1.648440957069397e-07,1.3560056686401367e-06,-1.385807991027832e-06,1.0]]","[[0.9999999999989798,1.4078731348914097e-06,-2.415446523232963e-07,0.0],[-3.2063930294835884e-07,0.3860165781409546,0.9224917749920086,0.0],[1.3919917458159506e-06,-0.9224917749909901,0.3860165781410122,0.0],[0.5859399437904358,-0.1837838590145111,-0.15396347641944885,1.0]]",2652139.553854019
238,capture_closed_mid_open_mid_closed,58,481,482,-1.2,-1.2000000476837158,-1.1745059490203857,-0.051911965012550354,"[2.4121254682540894e-07,1.3560056686401367e-06,-1.4603137969970703e-06,-8.669791895954404e-06,1.930211652734215e-07,7.025228683232854e-07,1.0]","[0.5859400033950806,-0.1837838888168335,-0.15396365523338318,0.5540690422058105,5.499347821569245e-07,4.778778475156287e-07,0.832470715045929]","[[0.9999999999989384,1.405042389739902e-06,-3.8605451200098404e-07,0.0],[-1.4050490835532395e-06,0.9999999998486824,-1.7339583520705243e-05,0.0],[3.8603014909270197e-07,1.7339584063112373e-05,0.9999999998495949,0.0],[2.4121254682540894e-07,1.3560056686401367e-06,-1.4603137969970703e-06,1.0]]","[[0.9999999999989384,1.405042302902586e-06,-3.860545601328867e-07,0.0],[-1.8623495080119317e-07,0.3860149929378147,0.9224925035002938,0.0],[1.4451638451903217e-06,-0.9224925034992426,0.3860149929376666,0.0],[0.5859400033950806,-0.1837838888168335,-0.15396365523338318,1.0]]",2652139.596900622
239,capture_closed_mid_open_mid_closed,59,482,483,-1.2,-1.2000000476837158,-1.17450749874115,-0.05189689248800278,"[2.384185791015625e-07,1.3262033462524414e-06,-1.4603137969970703e-06,-8.73321096150903e-06,1.442634101067597e-07,7.03585214978375e-07,0.9999999403953552]","[0.5859398245811462,-0.18378382921218872,-0.15396350622177124,0.5540695786476135,5.099346367387625e-07,5.057773364569584e-07,0.8324702382087708]","[[0.9999999999989683,1.4071678263172674e-06,-2.885390921322044e-07,0.0],[-1.4071728658484454e-06,0.999999999846472,-1.746642067893498e-05,0.0],[2.8851451389975714e-07,1.7466421084941392e-05,0.9999999998474204,0.0],[2.384185791015625e-07,1.3262033462524414e-06,-1.4603137969970703e-06,1.0]]","[[0.9999999999989683,1.4071676981531836e-06,-2.8853914563320275e-07,0.0],[-2.7701062089050357e-07,0.38601380403400043,0.92249286824254,0.0],[1.4094824884340796e-06,-0.9224928682415083,0.386013804033992,0.0],[0.5859398245811462,-0.18378382921218872,-0.15396350622177124,1.0]]",2652139.641604702
240,capture_closed_mid_open_mid_closed,60,483,484,-1.2,-1.2000000476837158,-1.1745086908340454,-0.05188380554318428,"[1.387670636177063e-07,1.3709068298339844e-06,-1.4454126358032227e-06,-8.635225640318822e-06,2.1073239508950792e-07,7.025749368949619e-07,1.0]","[0.585939884185791,-0.18378382921218872,-0.1539635956287384,0.5540701150894165,5.647082161885919e-07,4.681071175127727e-07,0.8324699401855469]","[[0.999999999998924,1.405146234346361e-06,-4.214769239652345e-07,0.0],[-1.4051535132334865e-06,0.9999999998498785,-1.7270450984527045e-05,0.0],[4.214526563927972e-07,1.7270451576748243e-05,0.9999999998507769,0.0],[1.387670636177063e-07,1.3709068298339844e-06,-1.4454126358032227e-06,1.0]]","[[0.999999999998924,1.4051461009036777e-06,-4.21476900956654e-07,0.0],[-1.5359431556146884e-07,0.3860126151291633,0.9224934311347,0.0],[1.458933558854562e-06,-0.9224934311336426,0.3860126151289637,0.0],[0.585939884185791,-0.18378382921218872,-0.1539635956287384,1.0]]",2652139.684917161
241,capture_closed_mid_open_mid_closed,61,484,485,-1.2,-1.2000000476837158,-1.1745097637176514,-0.05186929553747177,"[1.4901161193847656e-07,1.3262033462524414e-06,-1.296401023864746e-06,-8.702303603058681e-06,1.5856331003760715e-07,7.038029821160308e-07,0.9999999403953552]","[0.5859400629997253,-0.18378394842147827,-0.15396353602409363,0.5540705323219299,5.21960032529023e-07,4.980349217476032e-07,0.8324697613716125]","[[0.999999999998959,1.4076031206000796e-06,-3.17138850587449e-07,0.0],[-1.4076086400643365e-06,0.9999999998475492,-1.740460594552727e-05,0.0],[3.171143517585405e-07,1.7404606391916594e-05,0.9999999998484895,0.0],[1.4901161193847656e-07,1.3262033462524414e-06,-1.296401023864746e-06,1.0]]","[[0.999999999998959,1.4076033710721692e-06,-3.1713893903469935e-07,0.0],[-2.507926787756587e-07,0.38601169042449035,0.9224939276506786,0.0],[1.4209248358651203e-06,-0.9224939276496388,0.3860116904244415,0.0],[0.5859400629997253,-0.18378394842147827,-0.15396353602409363,1.0]]",2652139.727376605
242,capture_closed_mid_open_mid_closed,62,485,486,-1.2,-1.2000000476837158,-1.1745107173919678,-0.05185546725988388,"[1.6670674085617065e-07,1.4007091522216797e-06,-1.5050172805786133e-06,-8.765366146690212e-06,1.2207911481709743e-07,7.03979708305269e-07,1.0]","[0.5859400629997253,-0.18378381431102753,-0.15396364033222198,0.5540710091590881,4.916864213555527e-07,5.183968028177333e-07,0.8324694037437439]","[[0.999999999998979,1.4079572764742575e-06,-2.441705709140011e-07,0.0],[-1.4079615567468186e-06,0.9999999998453455,-1.7530732121497985e-05,0.0],[2.441458883543886e-07,1.7530732465262864e-05,0.9999999998463069,0.0],[1.6670674085617065e-07,1.4007091522216797e-06,-1.5050172805786133e-06,1.0]]","[[0.999999999998979,1.4079573380292666e-06,-2.4417052466537185e-07,0.0],[-3.182405713480997e-07,0.3860106336183219,0.9224943252532309,0.0],[1.393085083393637e-06,-0.9224943252522113,0.38601063361837584,0.0],[0.5859400629997253,-0.18378381431102753,-0.15396364033222198,1.0]]",2652139.769428253
243,capture_closed_mid_open_mid_closed,63,486,487,-1.2,-1.2000000476837158,-1.174511194229126,-0.05185021087527275,"[2.8032809495925903e-07,1.296401023864746e-06,-1.4156103134155273e-06,-8.665515451866668e-06,1.9459797329091089e-07,7.026174557722698e-07,0.9999999403953552]","[0.5859400033950806,-0.1837838590145111,-0.15396364033222198,0.5540711879730225,5.513010705726629e-07,4.770815280608076e-07,0.8324692249298096]","[[0.999999999998937,1.4052314552025228e-06,-3.892081004687751e-07,0.0],[-1.4052382003695007e-06,0.9999999998488304,-1.733102959726753e-05,0.0],[3.8918374629909615e-07,1.733103014417926e-05,0.999999999849742,0.0],[2.8032809495925903e-07,1.296401023864746e-06,-1.4156103134155273e-06,1.0]]","[[0.999999999998937,1.4052314579922082e-06,-3.8920809181992476e-07,0.0],[-1.833913015802306e-07,0.38601023731587203,0.9224944248162077,0.0],[1.4465566078704709e-06,-0.9224944248151556,0.3860102373157194,0.0],[0.5859400033950806,-0.1837838590145111,-0.15396364033222198,1.0]]",2652139.810994868
244,capture_closed_mid_open_mid_closed,64,487,488,-1.2,-1.2000000476837158,-1.1745117902755737,-0.051839135587215424,"[1.0710209608078003e-07,1.4156103134155273e-06,-1.4901161193847656e-06,-8.729590263101272e-06,1.457891016798385e-07,7.036365445856063e-07,1.0]","[0.5859400629997253,-0.18378382921218872,-0.1539636254310608,0.5540714859962463,5.11234304667596e-07,5.049736273576855e-07,0.83246910572052]","[[0.9999999999989673,1.4072705438129676e-06,-2.915904882771337e-07,0.0],[-1.4072756345294576e-06,0.9999999998465983,-1.7459180321037467e-05,0.0],[2.9156591844222026e-07,1.7459180731367623e-05,0.999999999847546,0.0],[1.0710209608078003e-07,1.4156103134155273e-06,-1.4901161193847656e-06,1.0]]","[[0.9999999999989673,1.4072705897166644e-06,-2.9159055264259596e-07,0.0],[-2.742291861989338e-07,0.38600957681131276,0.922494788905586,0.0],[1.4107565050385461e-06,-0.9224947889045533,0.3860095768113001,0.0],[0.5859400629997253,-0.18378382921218872,-0.1539636254310608,1.0]]",2652139.854447103
245,capture_closed_mid_open_mid_closed,65,488,489,-1.2,-1.2000000476837158,-1.1745119094848633,-0.05183575674891472,"[2.5331974029541016e-07,1.2665987014770508e-06,-1.3709068298339844e-06,-8.632201570435427e-06,2.119209767670327e-07,7.026982871138898e-07,0.9999999403953552]","[0.5859400033950806,-0.18378382921218872,-0.1539636105298996,0.5540714859962463,5.657668680214556e-07,4.6755033622503106e-07,0.8324689865112305]","[[0.9999999999989226,1.4053928317704392e-06,-4.2385405993763147e-07,0.0],[-1.405400149148793e-06,0.9999999998499827,-1.7264401813999224e-05,0.0],[4.2382979660460116e-07,1.726440240966525e-05,0.9999999998508804,0.0],[2.5331974029541016e-07,1.2665987014770508e-06,-1.3709068298339844e-06,1.0]]","[[0.9999999999989226,1.4053928876646535e-06,-4.238541233064133e-07,0.0],[-1.5149173049629314e-07,0.3860095768113856,0.9224946568046622,0.0],[1.4600793615874036e-06,-0.9224946568036042,0.38600957681118264,0.0],[0.5859400033950806,-0.18378382921218872,-0.1539636105298996,1.0]]",2652139.896226392
246,capture_closed_mid_open_mid_closed,66,489,490,-1.2,-1.2000000476837158,-1.1745123863220215,-0.05182565376162529,"[2.300366759300232e-07,1.4007091522216797e-06,-1.5050172805786133e-06,-8.699426871316973e-06,1.5976004874573846e-07,7.038518674562511e-07,1.0]","[0.5859399437904358,-0.18378372490406036,-0.1539635956287384,0.5540716648101807,5.229839530329627e-07,4.974116905032133e-07,0.8324688673019409]","[[0.9999999999989582,1.40770095527078e-06,-3.195323437071753e-07,0.0],[-1.4077065145542242e-06,0.9999999998476491,-1.739885351773913e-05,0.0],[3.1950785127577854e-07,1.7398853967528763e-05,0.9999999998485889,0.0],[2.300366759300232e-07,1.4007091522216797e-06,-1.5050172805786133e-06,1.0]]","[[0.9999999999989582,1.4077006722038732e-06,-3.1953227109056046e-07,0.0],[-2.486183140999412e-07,0.3860091805084548,0.9224948224177838,0.0],[1.4219391649032074e-06,-0.9224948224167433,0.3860091805084026,0.0],[0.5859399437904358,-0.18378372490406036,-0.1539635956287384,1.0]]",2652139.938801017
247,capture_closed_mid_open_mid_closed,67,490,491,-1.2,-1.2000000476837158,-1.174512505531311,-0.05182415246963501,"[1.6577541828155518e-07,1.3262033462524414e-06,-1.341104507446289e-06,-8.763491678109858e-06,1.2340782973296882e-07,7.040707146188652e-07,0.9999999403953552]","[0.5859399437904358,-0.18378381431102753,-0.15396344661712646,0.5540716052055359,4.928433554596268e-07,5.177359412300575e-07,0.8324689269065857]","[[0.9999999999989782,1.408139182338983e-06,-2.468279849902747e-07,0.0],[-1.4081435082729383e-06,0.999999999845411,-1.7526982137754423e-05,0.0],[2.468033045188812e-07,1.7526982485305776e-05,0.999999999846372,0.0],[1.6577541828155518e-07,1.3262033462524414e-06,-1.341104507446289e-06,1.0]]","[[0.9999999999989782,1.40813918498231e-06,-2.46827990445159e-07,0.0],[-3.1585714868471835e-07,0.3860093126093854,0.9224947892302341,0.0],[1.3942791265649068e-06,-0.9224947892292134,0.3860093126094357,0.0],[0.5859399437904358,-0.18378381431102753,-0.15396344661712646,1.0]]",2652139.980668754
248,capture_closed_mid_open_mid_closed,68,491,492,-1.2,-1.2000000476837158,-1.1745127439498901,-0.05182093754410744,"[2.4121254682540894e-07,1.4454126358032227e-06,-1.5050172805786133e-06,-8.663396329211537e-06,1.9551262653294543e-07,7.026524144748691e-07,1.0]","[0.5859400629997253,-0.18378379940986633,-0.15396372973918915,0.554071843624115,5.520822128346481e-07,4.7660341806476936e-07,0.8324688673019409]","[[0.9999999999989361,1.4053014413429962e-06,-3.910374277785874e-07,0.0],[-1.4053082165564804e-06,0.9999999998489036,-1.7326792383668235e-05,0.0],[3.910130783531943e-07,1.7326792933177912e-05,0.9999999998498147,0.0],[2.4121254682540894e-07,1.4454126358032227e-06,-1.5050172805786133e-06,1.0]]","[[0.9999999999989361,1.405301434171973e-06,-3.9103743970261395e-07,0.0],[-1.817285961824749e-07,0.3860087842054942,0.9224951201318565,0.0],[1.4473275778014203e-06,-0.922495120130804,0.3860087842053389,0.0],[0.5859400629997253,-0.18378379940986633,-0.15396372973918915,1.0]]",2652140.022111352
249,capture_closed_mid_open_mid_closed,69,492,493,-1.2,-1.2000000476837158,-1.1745128631591797,-0.051819756627082825,"[2.849847078323364e-07,1.3113021850585938e-06,-1.4603137969970703e-06,-8.728177817829419e-06,1.468302031071289e-07,7.037058367131976e-07,0.9999999403953552]","[0.5859398245811462,-0.1837838590145111,-0.15396353602409363,0.5540717244148254,5.121395361129544e-07,5.044542490395543e-07,0.8324688076972961]","[[0.9999999999989665,1.407409026417879e-06,-2.9367267285008217e-07,0.0],[-1.4074141526583658e-06,0.9999999998466474,-1.7456354388528418e-05,0.0],[2.9364810457138507e-07,1.7456354801829505e-05,0.9999999998475947,0.0],[2.849847078323364e-07,1.3113021850585938e-06,-1.4603137969970703e-06,1.0]]","[[0.9999999999989665,1.407408926301812e-06,-2.9367270669773167e-07,0.0],[-2.723607826413585e-07,0.38600904840745454,0.9224948556053059,0.0],[1.4116880493126582e-06,-0.9224948556042725,0.3860090484074389,0.0],[0.5859398245811462,-0.1837838590145111,-0.15396353602409363,1.0]]",2652140.064771459
250,capture_closed_mid_open_mid_closed,70,493,494,-1.2,-1.2000000476837158,-1.1745131015777588,-0.05181778594851494,"[1.210719347000122e-07,1.4156103134155273e-06,-1.475214958190918e-06,-8.630815500509925e-06,2.1296433772022283e-07,7.026780508567754e-07,1.0]","[0.5859398245811462,-0.18378379940986633,-0.15396365523338318,0.5540720224380493,5.666244646818086e-07,4.669550150993018e-07,0.8324686884880066]","[[0.9999999999989218,1.4053524256017367e-06,-4.259408048096721e-07,0.0],[-1.4053597778253648e-06,0.9999999998500305,-1.726163070172912e-05,0.0],[4.2591654607121923e-07,1.726163130031058e-05,0.9999999998509274,0.0],[1.210719347000122e-07,1.4156103134155273e-06,-1.475214958190918e-06,1.0]]","[[0.9999999999989218,1.4053523842234797e-06,-4.25940830750448e-07,0.0],[-1.4954933178697272e-07,0.38600838790238345,0.9224952196943297,0.0],[1.460847669165088e-06,-0.9224952196932714,0.3860083879021774,0.0],[0.5859398245811462,-0.18378379940986633,-0.15396365523338318,1.0]]",2652140.106878342
251,capture_closed_mid_open_mid_closed,71,494,495,-1.2,-1.2000000476837158,-1.1745134592056274,-0.0518147349357605,"[1.9371509552001953e-07,1.3262033462524414e-06,-1.385807991027832e-06,-8.698752026248258e-06,1.6041262540511525e-07,7.039142246867414e-07,0.9999999403953552]","[0.585939884185791,-0.18378381431102753,-0.15396356582641602,0.5540720820426941,5.235620506027772e-07,4.971018370270031e-07,0.8324686288833618]","[[0.9999999999989575,1.4078255746810675e-06,-3.20837478038132e-07,0.0],[-1.4078311562396686e-06,0.9999999998476724,-1.739750278969101e-05,0.0],[3.2081298533697877e-07,1.7397503241357924e-05,0.999999999848612,0.0],[1.9371509552001953e-07,1.3262033462524414e-06,-1.385807991027832e-06,1.0]]","[[0.9999999999989575,1.4078256002825854e-06,-3.2083746514371123e-07,0.0],[-2.47461138458493e-07,0.38600825580125386,0.9224952528817827,0.0],[1.4225584644589096e-06,-0.9224952528807417,0.3860082558011999,0.0],[0.585939884185791,-0.18378381431102753,-0.15396356582641602,1.0]]",2652140.148238172
252,capture_closed_mid_open_mid_closed,72,495,496,-1.2,-1.2000000476837158,-1.174513816833496,-0.05181055888533592,"[1.1082738637924194e-07,1.4603137969970703e-06,-1.5348196029663086e-06,-8.762433026276994e-06,1.237559388300724e-07,7.040704872451897e-07,1.0]","[0.5859400033950806,-0.18378376960754395,-0.1539636105298996,0.5540722608566284,4.931333705826546e-07,5.17542559919093e-07,0.832468569278717]","[[0.9999999999989779,1.4081388056841281e-06,-2.4752421640112535e-07,0.0],[-1.4081431432966308e-06,0.9999999998454481,-1.752486587828818e-05,0.0],[2.474995389191643e-07,1.7524866226819796e-05,0.9999999998464089,0.0],[1.1082738637924194e-07,1.4603137969970703e-06,-1.5348196029663086e-06,1.0]]","[[0.9999999999989779,1.4081388718785462e-06,-2.475241104172698e-07,0.0],[-3.152127857082221e-07,0.38600785949791294,0.9224954845451936,0.0],[1.3945480154728656e-06,-0.9224954845441726,0.38600785949796224,0.0],[0.5859400033950806,-0.18378376960754395,-0.1539636105298996,1.0]]",2652140.190976818
253,capture_closed_mid_open_mid_closed,73,496,497,-1.2,-1.2000000476837158,-1.1745139360427856,-0.05181339755654335,"[2.682209014892578e-07,1.341104507446289e-06,-1.4156103134155273e-06,-8.663083463034127e-06,1.9571595544221054e-07,7.027387027846999e-07,0.9999999403953552]","[0.5859400033950806,-0.18378382921218872,-0.1539636105298996,0.5540722608566284,5.522995820683718e-07,4.7656229185122356e-07,0.8324685096740723]","[[0.9999999999989357,1.4054739307891042e-06,-3.9144406332133093e-07,0.0],[-1.4054807128037323e-06,0.9999999998489143,-1.7326165618273876e-05,0.0],[3.9141971178519123e-07,1.732616616842258e-05,0.9999999998498253,0.0],[2.682209014892578e-07,1.341104507446289e-06,-1.4156103134155273e-06,1.0]]","[[0.9999999999989357,1.4054739579420842e-06,-3.9144412698609326e-07,0.0],[-1.8141844551490917e-07,0.38600785949799443,0.9224954184946489,0.0],[1.4476439129261886e-06,-0.9224954184935962,0.38600785949783856,0.0],[0.5859400033950806,-0.18378382921218872,-0.1539636105298996,1.0]]",2652140.236705469
254,capture_closed_mid_open_mid_closed,74,497,498,-1.2,-1.2000000476837158,-1.1745142936706543,-0.05180782452225685,"[2.2631138563156128e-07,1.4454126358032227e-06,-1.5050172805786133e-06,-8.727356544113718e-06,1.4671169878965884e-07,7.037301656964701e-07,1.0]","[0.5859399437904358,-0.18378379940986633,-0.1539635956287384,0.554072380065918,5.12054725732014e-07,5.045397983849398e-07,0.8324684500694275]","[[0.9999999999989665,1.4074577705823311e-06,-2.9343568098745143e-07,0.0],[-1.4074628922035492e-06,0.999999999846676,-1.745471288173654e-05,0.0],[2.934111141711839e-07,1.745471329471833e-05,0.9999999998476234,0.0],[2.2631138563156128e-07,1.4454126358032227e-06,-1.5050172805786133e-06,1.0]]","[[0.9999999999989665,1.4074576891403803e-06,-2.934356739034671e-07,0.0],[-2.7259616669902877e-07,0.38600759529566875,0.9224955509200237,0.0],[1.411641941619955e-06,-0.9224955509189903,0.38600759529565354,0.0],[0.5859399437904358,-0.18378379940986633,-0.1539635956287384,1.0]]",2652140.279931153
255,capture_closed_mid_open_mid_closed,75,498,499,-1.2,-1.2000000476837158,-1.1745142936706543,-0.051808588206768036,"[1.6298145055770874e-07,1.3262033462524414e-06,-1.3560056686401367e-06,-8.630619959149044e-06,2.1290871643486753e-07,7.027242077128903e-07,0.9999999403953552]","[0.5859399437904358,-0.1837838888168335,-0.15396365523338318,0.5540724396705627,5.666040010510187e-07,4.670239945880894e-07,0.8324684500694275]","[[0.9999999999989218,1.405444656586092e-06,-4.2582953738018397e-07,0.0],[-1.4054520067229622e-06,0.9999999998500372,-1.7261238590215797e-05,0.0],[4.258052775978925e-07,1.726123918868023e-05,0.9999999998509341,0.0],[1.6298145055770874e-07,1.3262033462524414e-06,-1.3560056686401367e-06,1.0]]","[[0.9999999999989218,1.405444804218839e-06,-4.2582966098392684e-07,0.0],[-1.496861594610789e-07,0.386007463194585,0.9224956501580087,0.0],[1.4608901572483844e-06,-0.9224956501569502,0.3860074631943792,0.0],[0.5859399437904358,-0.1837838888168335,-0.15396365523338318,1.0]]",2652140.322949943
256,capture_closed_mid_open_mid_closed,76,499,500,-1.2,-1.2000000476837158,-1.1745145320892334,-0.05180155485868454,"[2.2444874048233032e-07,1.430511474609375e-06,-1.564621925354004e-06,-8.698193596501369e-06,1.603750092726841e-07,7.038976832518529e-07,1.0]","[0.5859400033950806,-0.18378379940986633,-0.15396371483802795,0.5540726184844971,5.235218623056426e-07,4.971086013938475e-07,0.8324683308601379]","[[0.9999999999989576,1.4077925765579483e-06,-3.2076226382201035e-07,0.0],[-1.4077981564494632e-06,0.999999999847692,-1.7396386967227543e-05,0.0],[3.207377732687261e-07,1.7396387418777934e-05,0.9999999998486314,0.0],[2.2444874048233032e-07,1.430511474609375e-06,-1.564621925354004e-06,1.0]]","[[0.9999999999989576,1.4077925934802431e-06,-3.207622128738281e-07,0.0],[-2.475160771539723e-07,0.38600706689097164,0.922495815770711,0.0],[1.4224992706556489e-06,-0.9224958157696701,0.3860070668909178,0.0],[0.5859400033950806,-0.18378379940986633,-0.15396371483802795,1.0]]",2652140.366570789
257,capture_closed_mid_open_mid_closed,77,500,501,-1.2,-1.2000000476837158,-1.1745145320892334,-0.05180336907505989,"[1.2014061212539673e-07,1.3560056686401367e-06,-1.4007091522216797e-06,-8.762473953538574e-06,1.240438507466024e-07,7.040966920612846e-07,0.9999999403953552]","[0.5859400033950806,-0.1837838739156723,-0.15396356582641602,0.5540725588798523,4.933878017254756e-07,5.174046577849367e-07,0.8324683904647827]","[[0.9999999999989777,1.40819112632568e-06,-2.481000259638754e-07,0.0],[-1.4081954740497253e-06,0.9999999998454466,-1.7524946687831124e-05,0.0],[2.4807534744817555e-07,1.7524947037186584e-05,0.9999999998464073,0.0],[1.2014061212539673e-07,1.3560056686401367e-06,-1.4007091522216797e-06,1.0]]","[[0.9999999999989777,1.4081913290146949e-06,-2.4810005292421965e-07,0.0],[-3.1470076172613703e-07,0.38600719899212976,0.922495782583339,0.0],[1.3948189437852364e-06,-0.9224957825823178,0.3860071989921784,0.0],[0.5859400033950806,-0.1837838739156723,-0.15396356582641602,1.0]]",2652140.410846593
258,capture_closed_mid_open_mid_closed,78,501,502,-1.2,-1.2000000476837158,-1.1745145320892334,-0.051802702248096466,"[3.175809979438782e-07,1.4156103134155273e-06,-1.5497207641601562e-06,-8.662877007736824e-06,1.960494415698122e-07,7.026653747743694e-07,1.0]","[0.5859400033950806,-0.18378382921218872,-0.15396371483802795,0.5540726184844971,5.525367328118591e-07,4.7631624511268456e-07,0.8324683308601379]","[[0.9999999999989356,1.4053273528443394e-06,-3.921110573470629e-07,0.0],[-1.4053341462531382e-06,0.9999999998489216,-1.732575373995934e-05,0.0],[3.9208670893218584e-07,1.7325754290987957e-05,0.9999999998498322,0.0],[3.175809979438782e-07,1.4156103134155273e-06,-1.5497207641601562e-06,1.0]]","[[0.9999999999989356,1.4053273277769211e-06,-3.921110850930274e-07,0.0],[-1.8074543034517828e-07,0.38600706689101216,0.9224958157707169,0.0],[1.447766241718182e-06,-0.9224958157696642,0.3860070668908553,0.0],[0.5859400033950806,-0.18378382921218872,-0.15396371483802795,1.0]]",2652140.455893796
259,capture_closed_mid_open_mid_closed,79,502,503,-1.2,-1.2000000476837158,-1.1745145320892334,-0.0518026128411293,"[1.0523945093154907e-07,1.3560056686401367e-06,-1.3560056686401367e-06,-8.72763484949246e-06,1.4706409956488642e-07,7.037299383227946e-07,0.9999999403953552]","[0.5859399437904358,-0.1837839037179947,-0.15396356582641602,0.5540725588798523,5.123480946167547e-07,5.043442570240586e-07,0.8324683904647827]","[[0.9999999999989663,1.4074572257109224e-06,-2.941404653942347e-07,0.0],[-1.4074623597979641e-06,0.9999999998466663,-1.7455268451582952e-05,0.0],[2.941158978024973e-07,1.745526886555659e-05,0.9999999998476136,0.0],[1.0523945093154907e-07,1.3560056686401367e-06,-1.3560056686401367e-06,1.0]]","[[0.9999999999989663,1.4074573434129934e-06,-2.941405612752598e-07,0.0],[-2.719452641269056e-07,0.3860071989921565,0.9224957825833452,0.0],[1.411913813457972e-06,-0.9224957825823116,0.3860071989921402,0.0],[0.5859399437904358,-0.1837839037179947,-0.15396356582641602,1.0]]",2652140.498978891
260,capture_closed_mid_open_mid_closed,80,503,504,-1.2,-1.2000000476837158,-1.1745144128799438,-0.051800988614559174,"[2.7101486921310425e-07,1.385807991027832e-06,-1.564621925354004e-06,-8.630465345049743e-06,2.1290209417657024e-07,7.027111337265524e-07,1.0]","[0.5859399437904358,-0.18378381431102753,-0.15396371483802795,0.5540726184844971,5.665912681251939e-07,4.670166049436375e-07,0.8324682712554932]","[[0.9999999999989218,1.4054185925648134e-06,-4.258163178013149e-07,0.0],[-1.405425942341396e-06,0.9999999998500425,-1.7260930390882142e-05,0.0],[4.257920589049661e-07,1.7260930989316828e-05,0.9999999998509395,0.0],[2.7101486921310425e-07,1.385807991027832e-06,-1.564621925354004e-06,1.0]]","[[0.9999999999989218,1.405418426611235e-06,-4.2581628061555323e-07,0.0],[-1.4968759644892315e-07,0.3860070668910297,0.9224957497201166,0.0],[1.4608607333229978e-06,-0.9224957497190581,0.38600706689082387,0.0],[0.5859399437904358,-0.18378381431102753,-0.15396371483802795,1.0]]",2652140.545431641
261,capture_closed_mid_open_mid_closed,81,504,505,-1.2,-1.2000000476837158,-1.1745142936706543,-0.0518006905913353,"[2.1047890186309814e-07,1.2665987014770508e-06,-1.3560056686401367e-06,-8.69821997184772e-06,1.605510249191866e-07,7.039495812932728e-07,0.9999999403953552]","[0.5859398245811462,-0.1837838590145111,-0.15396347641944885,0.554072380065918,5.236970537225716e-07,4.970543159288354e-07,0.8324683904647827]","[[0.9999999999989574,1.4078962856529532e-06,-3.211142769158139e-07,0.0],[-1.407901871685479e-06,0.9999999998476908,-1.7396438680747165e-05,0.0],[3.2108978448258525e-07,1.739643913282647e-05,0.9999999998486304,0.0],[2.1047890186309814e-07,1.2665987014770508e-06,-1.3560056686401367e-06,1.0]]","[[0.9999999999989574,1.4078961586888507e-06,-3.211143511097029e-07,0.0],[-2.472318667305542e-07,0.38600759529568374,0.9224954848694528,0.0],[1.4227306225046091e-06,-0.9224954848684116,0.38600759529562934,0.0],[0.5859398245811462,-0.1837838590145111,-0.15396347641944885,1.0]]",2652140.589056696
262,capture_closed_mid_open_mid_closed,82,505,506,-1.2,-1.2000000476837158,-1.1745144128799438,-0.0517975352704525,"[1.2479722499847412e-07,1.475214958190918e-06,-1.519918441772461e-06,-8.761751814745367e-06,1.2398048454542732e-07,7.040812306513544e-07,1.0]","[0.585939884185791,-0.18378373980522156,-0.15396356582641602,0.5540725588798523,4.933264676765248e-07,5.174268267182924e-07,0.8324683308601379]","[[0.9999999999989778,1.408160288730238e-06,-2.479733070608554e-07,0.0],[-1.4081646338751797e-06,0.9999999998454719,-1.752350345490607e-05,0.0],[2.4794863112085387e-07,1.7523503804075398e-05,0.9999999998464326,0.0],[1.2479722499847412e-07,1.475214958190918e-06,-1.519918441772461e-06,1.0]]","[[0.9999999999989778,1.408160210178251e-06,-2.479733104058363e-07,0.0],[-3.148055769434878e-07,0.38600719899212976,0.9224957165327428,0.0],[1.3947413340573812e-06,-0.9224957165317218,0.3860071989921785,0.0],[0.585939884185791,-0.18378373980522156,-0.15396356582641602,1.0]]",2652140.636454946
263,capture_closed_mid_open_mid_closed,83,506,507,-1.2,-1.2000000476837158,-1.1745144128799438,-0.0518033504486084,"[2.9709190130233765e-07,1.3709068298339844e-06,-1.475214958190918e-06,-8.662526852276642e-06,1.960823681201873e-07,7.027383617241867e-07,0.9999999403953552]","[0.5859398245811462,-0.18378378450870514,-0.1539635807275772,0.5540725588798523,5.526045470105601e-07,4.7635876398999244e-07,0.8324682712554932]","[[0.9999999999989354,1.4054732425378742e-06,-3.9217688784539197e-07,0.0],[-1.4054800368129908e-06,0.9999999998489336,-1.732505239631041e-05,0.0],[3.921525378856777e-07,1.7325052947488815e-05,0.9999999998498443,0.0],[2.9709190130233765e-07,1.3709068298339844e-06,-1.475214958190918e-06,1.0]]","[[0.9999999999989354,1.4054731443338702e-06,-3.9217686525805416e-07,0.0],[-1.8074108269073967e-07,0.38600719899221136,0.9224956504821626,0.0],[1.4479261424931692e-06,-0.9224956504811097,0.3860071989920545,0.0],[0.5859398245811462,-0.18378378450870514,-0.1539635807275772,1.0]]",2652140.680920261
264,capture_closed_mid_open_mid_closed,84,507,508,-1.2,-1.2000000476837158,-1.1745144128799438,-0.051801394671201706,"[1.3783574104309082e-07,1.430511474609375e-06,-1.4454126358032227e-06,-8.727014574105851e-06,1.471622255166949e-07,7.037397722342575e-07,1.0]","[0.585939884185791,-0.18378379940986633,-0.15396353602409363,0.5540725588798523,5.124351787344494e-07,5.042980433245248e-07,0.8324683308601379]","[[0.9999999999989662,1.4074769758947413e-06,-2.943367341278871e-07,0.0],[-1.4074821130422889e-06,0.999999999846688,-1.745402894108388e-05,0.0],[2.9431216793889247e-07,1.7454029355339525e-05,0.9999999998476351,0.0],[1.3783574104309082e-07,1.430511474609375e-06,-1.4454126358032227e-06,1.0]]","[[0.9999999999989662,1.407476842247703e-06,-2.9433670122432304e-07,0.0],[-2.717717592818996e-07,0.38600719899215663,0.9224957165327491,0.0],[1.4120075304360113e-06,-0.9224957165317155,0.3860071989921401,0.0],[0.585939884185791,-0.18378379940986633,-0.15396353602409363,1.0]]",2652140.723326484
265,capture_closed_mid_open_mid_closed,85,508,509,-1.2,-1.2000000476837158,-1.1745144128799438,-0.05180304870009422,"[2.0582228899002075e-07,1.341104507446289e-06,-1.385807991027832e-06,-8.629893272882327e-06,2.1309259068402753e-07,7.027533683867659e-07,0.9999999403953552]","[0.5859400033950806,-0.1837838739156723,-0.15396365523338318,0.5540726184844971,5.667733375958051e-07,4.669462896345067e-07,0.8324683308601379]","[[0.9999999999989214,1.4055029750661724e-06,-4.261972853385714e-07,0.0],[-1.4055103309314319e-06,0.9999999998500622,-1.7259785217498138e-05,0.0],[4.2617302659230603e-07,1.725978581650428e-05,0.9999999998509591,0.0],[2.0582228899002075e-07,1.341104507446289e-06,-1.385807991027832e-06,1.0]]","[[0.9999999999989214,1.4055031711645557e-06,-4.2619740186999563e-07,0.0],[-1.493688221689335e-07,0.3860070668910298,0.9224958157707199,0.0],[1.4610860154276416e-06,-0.9224958157696612,0.3860070668908234,0.0],[0.5859400033950806,-0.1837838739156723,-0.15396365523338318,1.0]]",2652140.768198032
266,capture_closed_mid_open_mid_closed,86,509,510,-1.2,-1.2000000476837158,-1.1745145320892334,-0.05179845541715622,"[2.1327286958694458e-07,1.4007091522216797e-06,-1.5050172805786133e-06,-8.697747034602799e-06,1.6073494180091075e-07,7.039092224658816e-07,1.0]","[0.5859400033950806,-0.18378382921218872,-0.15396365523338318,0.5540726184844971,5.238278504293703e-07,4.969187443748524e-07,0.8324683308601379]","[[0.9999999999989574,1.4078156488680365e-06,-3.2148212845052616e-07,0.0],[-1.40782124099549e-06,0.9999999998477074,-1.7395493842919983e-05,0.0],[3.214576387531168e-07,1.739549429549121e-05,0.9999999998486467,0.0],[2.1327286958694458e-07,1.4007091522216797e-06,-1.5050172805786133e-06,1.0]]","[[0.9999999999989574,1.4078155728507112e-06,-3.2148205287037794e-07,0.0],[-2.468608979606845e-07,0.3860070668909721,0.9224958157707112,0.0],[1.4227983323495896e-06,-0.92249581576967,0.3860070668909171,0.0],[0.5859400033950806,-0.18378382921218872,-0.15396365523338318,1.0]]",2652140.811541811
267,capture_closed_mid_open_mid_closed,87,510,511,-1.2,-1.2000000476837158,-1.1745144128799438,-0.051800064742565155,"[1.3690441846847534e-07,1.3560056686401367e-06,-1.4007091522216797e-06,-8.76200010679895e-06,1.241616445213367e-07,7.041102207949734e-07,0.9999999403953552]","[0.5859400033950806,-0.1837838739156723,-0.15396356582641602,0.5540725588798523,4.934933599543001e-07,5.17350656537019e-07,0.8324683904647827]","[[0.9999999999989776,1.4082181818447825e-06,-2.483356130691116e-07,0.0],[-1.4082225334621528e-06,0.9999999998454632,-1.7523998994239127e-05,0.0],[2.4831093541379236e-07,1.752399934393306e-05,0.9999999998464238,0.0],[1.3690441846847534e-07,1.3560056686401367e-06,-1.4007091522216797e-06,1.0]]","[[0.9999999999989776,1.4082183941867317e-06,-2.483356419211524e-07,0.0],[-3.144938792263514e-07,0.3860071989921299,0.922495782583339,0.0],[1.394934850343703e-06,-0.9224957825823178,0.38600719899217817,0.0],[0.5859400033950806,-0.1837838739156723,-0.15396356582641602,1.0]]",2652140.853790815
268,capture_closed_mid_open_mid_closed,88,511,512,-1.2,-1.2000000476837158,-1.1745142936706543,-0.051801007241010666,"[2.7101486921310425e-07,1.3560056686401367e-06,-1.519918441772461e-06,-8.662490472488571e-06,1.9622055447143794e-07,7.026787898212206e-07,1.0]","[0.5859400629997253,-0.1837838888168335,-0.15396368503570557,0.5540724396705627,5.526865152205573e-07,4.762327137086686e-07,0.8324684500694275]","[[0.9999999999989355,1.4053541801250739e-06,-3.9245328283951997e-07,0.0],[-1.4053609791598084e-06,0.999999999848935,-1.73249806692171e-05,0.0],[3.924289350462318e-07,1.7324981220737185e-05,0.9999999998498456,0.0],[2.7101486921310425e-07,1.3560056686401367e-06,-1.519918441772461e-06,1.0]]","[[0.9999999999989355,1.4053541498293771e-06,-3.924533303288715e-07,0.0],[-1.8044068638427385e-07,0.3860074631945676,0.9224956501580059,0.0],[1.4479230164708502e-06,-0.922495650156953,0.38600746319441026,0.0],[0.5859400629997253,-0.1837838888168335,-0.15396368503570557,1.0]]",2652140.8954366
269,capture_closed_mid_open_mid_closed,89,512,513,-1.2,-1.2000000476837158,-1.1745141744613647,-0.051800694316625595,"[1.7974525690078735e-07,1.3709068298339844e-06,-1.385807991027832e-06,-8.727025488042273e-06,1.4717983276568702e-07,7.037463092274265e-07,0.9999999403953552]","[0.5859400033950806,-0.1837838888168335,-0.15396356582641602,0.554072380065918,5.124534254719038e-07,5.042939505983668e-07,0.8324685096740723]","[[0.9999999999989662,1.4074899656774519e-06,-2.9437193121012624e-07,0.0],[-1.4074951034460592e-06,0.9999999998466875,-1.745404972858751e-05,0.0],[2.9434736476221526e-07,1.7454050142896565e-05,0.9999999998476348,0.0],[1.7974525690078735e-07,1.3709068298339844e-06,-1.385807991027832e-06,1.0]]","[[0.9999999999989662,1.4074902452328457e-06,-2.943719798381749e-07,0.0],[-2.717450887362448e-07,0.3860075952956693,0.9224956169705986,0.0],[1.412033377681701e-06,-0.922495616969565,0.38600759529565265,0.0],[0.5859400033950806,-0.1837838888168335,-0.15396356582641602,1.0]]",2652140.939283637
270,capture_closed_mid_open_mid_closed,0,513,514,-0.6,-0.6000000238418579,-1.154650330543518,2.0001161098480225,"[6.05359673500061e-08,-4.500150680541992e-06,3.962218761444092e-05,0.00011591251677600667,5.92651849729009e-06,-7.962207746459171e-06,0.9999999403953552]","[0.5859347581863403,-0.1837615668773651,-0.15397508442401886,0.5458816289901733,6.203318321240658e-07,-9.906339982990175e-06,0.8378623127937317]","[[0.9999999998029593,-1.5923040628399733e-05,-1.1854882127162091e-05,0.0],[1.5925788459098694e-05,0.9999999730017834,0.00023182492535782159,0.0],[1.1851190449006148e-05,-0.00023182511411050754,0.9999999730583297,0.0],[6.05359673500061e-08,-4.500150680541992e-06,3.962218761444092e-05,1.0]]","[[0.9999999998029593,-1.5923042356869643e-05,-1.1854883341616412e-05,0.0],[1.7277553361007018e-05,0.4040264940657984,0.9147472883423424,0.0],[-9.77587268736424e-06,-0.9147472883669232,0.4040264942612999,0.0],[0.5859347581863403,-0.1837615668773651,-0.15397508442401886,1.0]]",2652140.984491696
271,capture_closed_mid_open_mid_closed,1,514,515,-0.6,-0.6000000238418579,-1.1213124990463257,2.0000007152557373,"[-7.636845111846924e-08,-5.0708651542663574e-05,-6.13182783126831e-05,2.4834258738337667e-07,1.6947410585999023e-07,5.439147798824706e-09,1.0]","[0.585939347743988,-0.1838340163230896,-0.15402661263942719,0.5317421555519104,1.4642091628047638e-07,-8.551003816137381e-08,0.8469062447547913]","[[0.9999999999999425,1.08783797729253e-08,-3.389482090184364e-07,0.0],[-1.0878211422373524e-08,0.9999999999998765,4.966851766103428e-07,0.0],[3.3894821442152455e-07,-4.966851729231639e-07,0.9999999999998193,0.0],[-7.636845111846924e-08,-5.0708651542663574e-05,-6.13182783126831e-05,1.0]]","[[0.9999999999999425,1.0878376665556655e-08,-3.389481607478179e-07,0.0],[3.005543178979086e-07,0.4345005600180012,0.9006715042725479,0.0],[1.570709926947978e-07,-0.9006715042725981,0.434500560017973,0.0],[0.585939347743988,-0.1838340163230896,-0.15402661263942719,1.0]]",2652141.031071337
272,capture_closed_mid_open_mid_closed,2,515,516,-0.6,-0.6000000238418579,-1.0879751443862915,2.0000011920928955,"[1.1641532182693481e-07,-5.058944225311279e-05,-5.714595317840576e-05,-1.809756895454484e-07,1.372459621507005e-07,5.3287802614931934e-08,0.9999999403953552]","[0.5859395265579224,-0.1838340014219284,-0.15402233600616455,0.5175517797470093,1.450139563985431e-07,-2.5436122541577788e-08,0.85565185546875]","[[0.9999999999999567,1.065755492010975e-07,-2.74491927228001e-07,0.0],[-1.0657564855382805e-07,0.9999999999999288,-3.6195134288984197e-07,0.0],[2.7449188865281373e-07,3.619513721439849e-07,0.9999999999998969,0.0],[1.1641532182693481e-07,-5.058944225311279e-05,-5.714595317840576e-05,1.0]]","[[0.9999999999999567,1.065755315471793e-07,-2.744919427050688e-07,0.0],[1.9363339334170542e-07,0.46428031056140506,0.8856882812833573,0.0],[2.218339007400424e-07,-0.885688281283372,0.4642803105613643,0.0],[0.5859395265579224,-0.1838340014219284,-0.15402233600616455,1.0]]",2652141.077455607
273,capture_closed_mid_open_mid_closed,3,516,517,-0.6,-0.6000000238418579,-1.0546379089355469,2.0000009536743164,"[-2.8870999813079834e-08,-5.251169204711914e-05,-5.5417418479919434e-05,-2.4146794430635055e-07,1.282438120142615e-07,6.041850042493024e-08,1.0]","[0.5859395265579224,-0.18383586406707764,-0.15402057766914368,0.5032179951667786,1.4122677782779647e-07,-1.232341162449302e-08,0.8641594648361206]","[[0.9999999999999598,1.2083693891632117e-07,-2.564876532067852e-07,0.0],[-1.208370627833998e-07,0.9999999999998761,-4.829358731161035e-07,0.0],[2.564875948502608e-07,4.829359041092987e-07,0.9999999999998505,0.0],[-2.8870999813079834e-08,-5.251169204711914e-05,-5.5417418479919434e-05,1.0]]","[[0.9999999999999598,1.2083692641598136e-07,-2.564876384789813e-07,0.0],[1.6343449759348982e-07,0.4935432986806557,0.8697211867984543,0.0],[2.316821885138119e-07,-0.8697211867984612,0.4935432986806162,0.0],[0.5859395265579224,-0.18383586406707764,-0.15402057766914368,1.0]]",2652141.12133773
274,capture_closed_mid_open_mid_closed,4,517,518,-0.6,-0.6000000238418579,-1.0213006734848022,2.0000014305114746,"[1.30385160446167e-07,-5.429983139038086e-05,-5.3554773330688477e-05,-3.284499712208344e-07,1.1285850831654898e-07,6.972271648919559e-08,0.9999999403953552]","[0.5859395265579224,-0.18383774161338806,-0.15401865541934967,0.48874431848526,1.3253740860363905e-07,5.668980840312088e-09,0.8724270462989807]","[[0.9999999999999648,1.3944535053004806e-07,-2.257170489801638e-07,0.0],[-1.394454988035433e-07,0.9999999999997745,-6.568998875497776e-07,0.0],[2.257169573784669e-07,6.568999190249846e-07,0.9999999999997587,0.0],[1.30385160446167e-07,-5.429983139038086e-05,-5.3554773330688477e-05,1.0]]","[[0.9999999999999648,1.3944535530365399e-07,-2.257170754697792e-07,0.0],[1.1966226646349803e-07,0.5222579822967575,0.852787524343009,0.0],[2.3679980417899652e-07,-0.8527875243430059,0.5222579822967224,0.0],[0.5859395265579224,-0.18383774161338806,-0.15401865541934967,1.0]]",2652141.167133348
275,capture_closed_mid_open_mid_closed,5,518,519,-0.6,-0.6000000238418579,-0.9879635572433472,2.0000011920928955,"[-9.033828973770142e-08,-5.6296586990356445e-05,-5.179643630981445e-05,2.9613130436700885e-07,1.3156922307189234e-07,1.6341690667331932e-08,1.0]","[0.5859395265579224,-0.1838395744562149,-0.15401721000671387,0.4741356670856476,1.2358854917238205e-07,-4.7993552243497106e-08,0.8804517984390259]","[[0.9999999999999648,3.268345925819515e-08,-2.631384364652123e-07,0.0],[-3.268330341113258e-08,0.999999999999824,5.922626130341448e-07,0.0],[2.6313845582235704e-07,-5.922626044338906e-07,0.99999999999979,0.0],[-9.033828973770142e-08,-5.6296586990356445e-05,-5.179643630981445e-05,1.0]]","[[0.9999999999999648,3.2683459639460694e-08,-2.6313843058814827e-07,0.0],[2.0170749718451818e-07,0.5503907383944913,0.8349072015792794,0.0],[1.7211661095302675e-07,-0.8349072015793032,0.5503907383944654,0.0],[0.5859395265579224,-0.1838395744562149,-0.15401721000671387,1.0]]",2652141.210094258
276,capture_closed_mid_open_mid_closed,6,519,520,-0.6,-0.6000000238418579,-0.9546270966529846,2.0000009536743164,"[1.2852251529693604e-07,-5.793571472167969e-05,-4.9874186515808105e-05,7.451970418514975e-08,1.250725887302906e-07,3.294545081189426e-08,1.0]","[0.5859394669532776,-0.18384124338626862,-0.15401504933834076,0.4593946635723114,1.262284712311157e-07,-2.8194461876296373e-08,0.8882321715354919]","[[0.9999999999999666,6.589092026453315e-08,-2.501451725504107e-07,0.0],[-6.58908829830439e-08,0.9999999999999867,1.4903941661144515e-07,0.0],[2.5014518237075166e-07,-1.4903940012915385e-07,0.9999999999999576,0.0],[1.2852251529693604e-07,-5.793571472167969e-05,-4.9874186515808105e-05,1.0]]","[[0.9999999999999666,6.589091595361643e-08,-2.501451488789656e-07,0.0],[1.660638283442459e-07,0.5779130861625641,0.8160982392332947,0.0],[1.9833560756591146e-07,-0.8160982392333089,0.5779130861625338,0.0],[0.5859394669532776,-0.18384124338626862,-0.15401504933834076,1.0]]",2652141.252991866
277,capture_closed_mid_open_mid_closed,7,520,521,-0.6,-0.6000000238418579,-0.9212916493415833,2.0000016689300537,"[9.872019290924072e-08,-5.945563316345215e-05,-4.781782627105713e-05,-1.796087332195384e-07,1.3752108429798682e-07,5.280794113105003e-08,1.0]","[0.585939347743988,-0.18384280800819397,-0.15401282906532288,0.444526344537735,1.466611792011463e-07,-1.382822834017361e-08,0.8957656621932983]","[[0.9999999999999566,1.0561583286212457e-07,-2.7504218756550847e-07,0.0],[-1.0561593166207555e-07,0.99999999999993,-3.592174519146662e-07,0.0],[2.750421496264388e-07,3.5921748096348746e-07,0.9999999999998976,0.0],[9.872019290924072e-08,-5.945563316345215e-05,-4.781782627105713e-05,1.0]]","[[0.9999999999999566,1.05615811519567e-07,-2.750421202013106e-07,0.0],[1.5516321998395e-07,0.6047926580238374,0.7963828707544168,0.0],[2.5045407301934864e-07,-0.796382870754425,0.6047926580237948,0.0],[0.585939347743988,-0.18384280800819397,-0.15401282906532288,1.0]]",2652141.298063055
278,capture_closed_mid_open_mid_closed,8,521,522,-0.6,-0.6000000238418579,-0.8879563212394714,2.000001907348633,"[4.0046870708465576e-08,-6.115436553955078e-05,-4.583597183227539e-05,2.8663373541348847e-07,1.6329100560596999e-07,1.5636981487432422e-08,1.0]","[0.585939347743988,-0.1838444471359253,-0.15401114523410797,0.42953553795814514,1.5417657550642616e-07,-5.601826913448349e-08,0.903049886226654]","[[0.9999999999999462,3.127405658428664e-08,-3.2658200224776716e-07,0.0],[-3.127386936544305e-08,0.9999999999998352,5.732674759337338e-07,0.0],[3.265820201761128e-07,-5.732674657202201e-07,0.9999999999997824,0.0],[4.0046870708465576e-08,-6.115436553955078e-05,-4.583597183227539e-05,1.0]]","[[0.9999999999999462,3.127405346437589e-08,-3.265819526761156e-07,0.0],[2.336232197384135e-07,0.6309984432620075,0.7757840373667979,0.0],[2.3033460320345752e-07,-0.7757840373668325,0.6309984432619662,0.0],[0.585939347743988,-0.1838444471359253,-0.15401114523410797,1.0]]",2652141.342302359
279,capture_closed_mid_open_mid_closed,9,522,523,-0.6,-0.6000000238418579,-0.8546209931373596,2.0000011920928955,"[9.685754776000977e-08,-6.286799907684326e-05,-4.382431507110596e-05,7.5663803045245e-07,1.2441886099168187e-07,-1.8610139207453358e-08,0.9999999403953552]","[0.5859394073486328,-0.18384605646133423,-0.1540093570947647,0.4144253432750702,1.0551907081435274e-07,-6.84990268950969e-08,0.9100832939147949]","[[0.9999999999999684,-3.722008791632138e-08,-2.488377353137579e-07,0.0],[3.722046447648911e-08,0.9999999999988542,1.5132759660757134e-06,0.0],[2.4883767898920154e-07,-1.5132759753375227e-06,0.999999999998824,0.0],[9.685754776000977e-08,-6.286799907684326e-05,-4.382431507110596e-05,1.0]]","[[0.9999999999999684,-3.722008576468668e-08,-2.488377525451269e-07,0.0],[2.12139194341905e-07,0.6565032697026711,0.7543231629790765,0.0],[1.352868216050917e-07,-0.7543231629791054,0.6565032697026583,0.0],[0.5859394073486328,-0.18384605646133423,-0.1540093570947647,1.0]]",2652141.384988835
280,capture_closed_mid_open_mid_closed,10,523,524,-0.6,-0.6000000238418579,-0.8212869763374329,2.0000014305114746,"[8.568167686462402e-08,-6.403028964996338e-05,-4.188716411590576e-05,2.7936496849179093e-07,6.601613478096624e-08,2.4094717332445725e-08,1.0]","[0.5859392881393433,-0.18384727835655212,-0.15400701761245728,0.399199515581131,7.01464202279567e-08,-4.262009412059342e-09,0.9168639779090881]","[[0.9999999999999901,4.818947155008228e-08,-1.3203225609949257e-07,0.0],[-4.8189397779700624e-08,0.9999999999998428,5.587299401648621e-07,0.0],[1.320322830243724e-07,-5.587299338023017e-07,0.9999999999998352,0.0],[8.568167686462402e-08,-6.403028964996338e-05,-4.188716411590576e-05,1.0]]","[[0.9999999999999901,4.8189468142648116e-08,-1.3203223595796642e-07,0.0],[6.382019975635493e-08,0.6812794935195807,0.732023311670193,0.0],[1.2522666758718118e-07,-0.7320233116701941,0.681279493519571,0.0],[0.5859392881393433,-0.18384727835655212,-0.15400701761245728,1.0]]",2652141.427752028
281,capture_closed_mid_open_mid_closed,11,524,525,-0.6,-0.6000000238418579,-0.7881788611412048,1.9731006622314453,"[-2.6170164346694946e-07,-6.580352783203125e-05,-4.030764102935791e-05,-3.0051812700548908e-06,-1.5748121029446338e-07,2.8254024186935567e-07,1.0]","[0.5859396457672119,-0.1838497519493103,-0.15400424599647522,0.3839647173881531,-3.6923474056038685e-08,3.213502566268289e-07,0.9233477711677551]","[[0.9999999999997907,5.650814302578784e-07,3.1496072241964096e-07,0.0],[-5.650795372195443e-07,0.9999999999817781,-6.01036262909934e-06,0.0],[-3.1496411875821256e-07,6.010362451120223e-06,0.9999999999818882,0.0],[-2.6170164346694946e-07,-6.580352783203125e-05,-4.030764102935791e-05,1.0]]","[[0.9999999999997907,5.650814638793058e-07,3.1496073588348917e-07,0.0],[-6.217907090029686e-07,0.705142191601865,0.7090659320147925,0.0],[1.7858790598983416e-07,-0.70906593201484,0.7051421916020688,0.0],[0.5859396457672119,-0.1838497519493103,-0.15400424599647522,1.0]]",2652141.470360035
282,capture_closed_mid_open_mid_closed,12,525,526,-0.6,-0.6000000238418579,-0.7557294964790344,1.880077838897705,"[2.7474015951156616e-07,-6.522238254547119e-05,-4.026293754577637e-05,-1.1308576176816132e-05,-7.987267736098147e-07,1.015132056636503e-06,1.0]","[0.5859401822090149,-0.18385088443756104,-0.15400011837482452,0.36892613768577576,-3.678607356505381e-07,1.2381985925458139e-06,0.9294586181640625]","[[0.9999999999966631,2.0302821781981335e-06,1.5974305878232453e-06,0.0],[-2.0302460483478784e-06,0.9999999997421712,-2.261715397525857e-05,0.0],[-1.5974765066160135e-06,2.261715073200596e-05,0.9999999997429563,0.0],[2.7474015951156616e-07,-6.522238254547119e-05,-4.026293754577637e-05,1.0]]","[[0.9999999999966631,2.030281824861036e-06,1.5974303109409107e-06,0.0],[-2.573135586500241e-06,0.7277870098614458,0.6858031562751407,0.0],[2.297849868026521e-07,-0.6858031562769625,0.7277870098642414,0.0],[0.5859401822090149,-0.18385088443756104,-0.15400011837482452,1.0]]",2652141.511435494
283,capture_closed_mid_open_mid_closed,13,526,527,-0.6,-0.6000000238418579,-0.723961353302002,1.78964364528656,"[1.210719347000122e-07,-5.677342414855957e-05,-3.542006015777588e-05,-1.889174927782733e-05,-1.1305082807666622e-06,1.7546453818795271e-06,1.0]","[0.5859404802322388,-0.18384389579296112,-0.15399214625358582,0.3541093170642853,-4.358809633231431e-07,2.041283096332336e-06,0.9352039694786072]","[[0.9999999999912863,3.509333478317048e-06,2.2609502648920727e-06,0.0],[-3.5092480492010606e-06,0.999999999280046,-3.7783502522936926e-05,0.0],[-2.261082858174576e-06,3.7783494588372394e-05,0.9999999992836475,0.0],[1.210719347000122e-07,-5.677342414855957e-05,-3.542006015777588e-05,1.0]]","[[0.9999999999912863,3.509333088551803e-06,2.2609499405941514e-06,0.0],[-4.126731129526527e-06,0.7492131831281973,0.6623288778939771,0.0],[6.30399512114301e-07,-0.662328877897536,0.749213183136151,0.0],[0.5859404802322388,-0.18384389579296112,-0.15399214625358582,1.0]]",2652141.553708433
284,capture_closed_mid_open_mid_closed,14,527,528,-0.6,-0.6000000238418579,-0.6941402554512024,1.636120319366455,"[7.82310962677002e-08,-5.383789539337158e-05,-3.375113010406494e-05,-2.3905855414341204e-05,-1.6460041933896719e-06,2.2570193323190324e-06,1.0]","[0.585940957069397,-0.18384191393852234,-0.15398813784122467,0.34012162685394287,-7.80146535817039e-07,2.682319291125168e-06,0.9403814077377319]","[[0.999999999984393,4.514117362914582e-06,3.291900474823692e-06,0.0],[-4.513959966361548e-06,0.9999999988468319,-4.7811718258808977e-05,0.0],[-3.2921162987349953e-06,4.781170339855584e-05,0.9999999988516015,0.0],[7.82310962677002e-08,-5.383789539337158e-05,-3.375113010406494e-05,1.0]]","[[0.999999999984393,4.514116964087603e-06,3.291900197265098e-06,0.0],[-5.57549579987384e-06,0.7686345578780648,0.6396881085217315,0.0],[3.5735900689172994e-07,-0.6396881085301019,0.7686345578912372,0.0],[0.585940957069397,-0.18384191393852234,-0.15398813784122467,1.0]]",2652141.597260348
285,capture_closed_mid_open_mid_closed,15,528,529,-0.6,-0.6000000238418579,-0.6672873497009277,1.4376754760742188,"[2.598389983177185e-07,-4.653632640838623e-05,-2.925097942352295e-05,-2.82407745544333e-05,-1.7488727053205366e-06,2.6852385417441837e-06,1.0]","[0.5859413146972656,-0.1838354468345642,-0.15398189425468445,0.3274611234664917,-7.730489528512408e-07,3.109896624664543e-06,0.9448646306991577]","[[0.9999999999794619,5.370575862527958e-06,3.4975937442085085e-06,0.0],[-5.370378304448777e-06,0.9999999983904962,-5.6481558501147385e-05,0.0],[-3.497897077073638e-06,5.648153971658582e-05,0.9999999983988002,0.0],[2.598389983177185e-07,-4.653632640838623e-05,-2.925097942352295e-05,1.0]]","[[0.9999999999794619,5.370575694361917e-06,3.49759371185092e-06,0.0],[-6.383149608742966e-06,0.7855384252167832,0.6188128669801878,0.0],[5.758872584582872e-07,-0.6188128669898041,0.7855384252349309,0.0],[0.5859413146972656,-0.1838354468345642,-0.15398189425468445,1.0]]",2652141.644934383
286,capture_closed_mid_open_mid_closed,16,529,530,-0.6,-0.6000000238418579,-0.6439017653465271,1.2220076322555542,"[2.1327286958694458e-07,-3.6090612411499023e-05,-2.3752450942993164e-05,-3.115749132120982e-05,-2.074773192362045e-06,3.0207386316760676e-06,1.0]","[0.5859414935112,-0.18382549285888672,-0.15397492051124573,0.31638821959495544,-1.0123557103725034e-06,3.5220277823100332e-06,0.9486297369003296]","[[0.9999999999731409,6.041606552807604e-06,4.14935814744869e-06,0.0],[-6.041347973896666e-06,0.9999999980401717,-6.23149951771147e-05,0.0],[-4.14973462199949e-06,6.231497010772457e-05,0.9999999980498121,0.0],[2.1327286958694458e-07,-3.6090612411499023e-05,-2.3752450942993164e-05,1.0]]","[[0.9999999999731409,6.041605735373751e-06,4.14935766117851e-06,0.0],[-7.322795418579922e-06,0.7997969889782591,0.6002705470183215,0.0],[3.0795473645765315e-07,-0.6002705470325836,0.7997969890010188,0.0],[0.5859414935112,-0.18382549285888672,-0.15397492051124573,1.0]]",2652141.689715269
287,capture_closed_mid_open_mid_closed,17,530,531,-0.6,-0.6000000238418579,-0.6241028308868408,1.0077691078186035,"[4.069879651069641e-07,-2.5913119316101074e-05,-1.843273639678955e-05,-3.0313396564451978e-05,-1.8194737094745506e-06,2.9583552532130852e-06,1.0]","[0.5859415531158447,-0.18381524085998535,-0.15397024154663086,0.30698251724243164,-8.233550943259615e-07,3.3740832350304117e-06,0.9517151713371277]","[[0.9999999999758753,5.916820815282358e-06,3.638768063357163e-06,0.0],[-5.916600197569983e-06,0.9999999981446922,-6.062680389420317e-05,0.0],[-3.6391267745410393e-06,6.062678236360474e-05,0.999999998155575,0.0],[4.069879651069641e-07,-2.5913119316101074e-05,-1.843273639678955e-05,1.0]]","[[0.9999999999758753,5.91682116938427e-06,3.6387681990857046e-06,0.0],[-6.927843647146524e-06,0.8115234681922314,0.584319837984211,0.0],[5.04370060414787e-07,-0.5843198379953233,0.8115234682136445,0.0],[0.5859415531158447,-0.18381524085998535,-0.15397024154663086,1.0]]",2652141.737450991
288,capture_closed_mid_open_mid_closed,18,531,532,-0.6,-0.6000000238418579,-0.6077607274055481,0.8071467280387878,"[3.781169652938843e-07,-1.7374753952026367e-05,-1.4647841453552246e-05,-2.877984479709994e-05,-1.7577362996235024e-06,2.8358317649690434e-06,1.0]","[0.5859413146972656,-0.18380631506443024,-0.15396705269813538,0.2991974949836731,-8.286498314191704e-07,3.2318600915459683e-06,0.9541912078857422]","[[0.9999999999777368,5.671764704693881e-06,3.515309369650872e-06,0.0],[-5.6715623551822925e-06,0.9999999983273572,-5.7559699563488744e-05,0.0],[-3.5156358288431377e-06,5.755967962491102e-05,0.9999999983372618,0.0],[3.781169652938843e-07,-1.7374753952026367e-05,-1.4647841453552246e-05,1.0]]","[[0.9999999999777368,5.671765061381428e-06,3.515309654168866e-06,0.0],[-6.663484876498463e-06,0.8209617179701,0.5709832382643625,0.0],[3.5254811994416663e-07,-0.5709832382750748,0.8209617179896165,0.0],[0.5859413146972656,-0.18380631506443024,-0.15396705269813538,1.0]]",2652141.779777122
289,capture_closed_mid_open_mid_closed,19,532,533,-0.6,-0.6000000238418579,-0.5945864915847778,0.6269180774688721,"[2.337619662284851e-07,-1.0520219802856445e-05,-1.1444091796875e-05,-2.723307079577353e-05,-1.7030448589139269e-06,2.7160147055838024e-06,1.0]","[0.5859411358833313,-0.18379910290241241,-0.15396445989608765,0.2929072082042694,-8.327261298290978e-07,3.0957494345784653e-06,0.9561408162117004]","[[0.9999999999794458,5.432122169450027e-06,3.4059417869863348e-06,0.0],[-5.4319366528851825e-06,0.9999999985019662,-5.446615084253682e-05,0.0],[-3.4062376486693727e-06,5.446613234055729e-05,0.999999998510919,0.0],[2.337619662284851e-07,-1.0520219802856445e-05,-1.1444091796875e-05,1.0]]","[[0.9999999999794458,5.432121810555554e-06,3.4059415312758556e-06,0.0],[-6.407767754103502e-06,0.8284107347447942,0.5601210742482854,0.0],[2.2112776545343973e-07,-0.5601210742585971,0.8284107347625747,0.0],[0.5859411358833313,-0.18379910290241241,-0.15396445989608765,1.0]]",2652141.82474835
290,capture_closed_mid_open_mid_closed,20,533,534,-0.6,-0.6000000238418579,-0.584210216999054,0.4702824056148529,"[2.3469328880310059e-07,-5.662441253662109e-06,-8.910894393920898e-06,-2.5418905352125876e-05,-1.4073315242058015e-06,2.572542371126474e-06,1.0]","[0.5859411954879761,-0.18379387259483337,-0.15396299958229065,0.2879442572593689,-6.069051892154675e-07,2.8688361908280058e-06,0.9576471447944641]","[[0.9999999999828029,5.145156287906573e-06,2.814532265989511e-06,0.0],[-5.145013196599322e-06,0.9999999986945226,-5.0837817945091705e-05,0.0],[-2.814793830833695e-06,5.08378034634118e-05,0.9999999987037973,0.0],[2.3469328880310059e-07,-5.662441253662109e-06,-8.910894393920898e-06,1.0]]","[[0.9999999999828029,5.145155846187923e-06,2.8145318555598074e-06,0.0],[-5.844175301929941e-06,0.8341762094062404,0.5514979916453123,0.0],[4.897277691072615e-07,-0.5514979916522768,0.8341762094219641,0.0],[0.5859411954879761,-0.18379387259483337,-0.15396299958229065,1.0]]",2652141.870153564
291,capture_closed_mid_open_mid_closed,21,534,535,-0.6,-0.6000000238418579,-0.5762315988540649,0.33793142437934875,"[3.995373845100403e-07,-2.2798776626586914e-06,-7.450580596923828e-06,-2.3750040782033466e-05,-1.4925064988347003e-06,2.4304583803314017e-06,1.0]","[0.5859410762786865,-0.1837901473045349,-0.15396195650100708,0.2841232717037201,-7.403816653095419e-07,2.7543669602891896e-06,0.9587876796722412]","[[0.9999999999837306,4.860987654843233e-06,2.984897550698097e-06,0.0],[-4.860845866482374e-06,0.9999999988600569,-4.750008881901679e-05,0.0],[-2.9851284446407045e-06,4.7500074309117076e-05,0.999999998867416,0.0],[3.995373845100403e-07,-2.2798776626586914e-06,-7.450580596923828e-06,1.0]]","[[0.9999999999837306,4.860986891528721e-06,2.984897142368001e-06,0.0],[-5.702425535757504e-06,0.838547932937575,0.5448277848313126,0.0],[1.45421866551979e-07,-0.5448277848394696,0.8385479329516518,0.0],[0.5859410762786865,-0.1837901473045349,-0.15396195650100708,1.0]]",2652141.914016431
292,capture_closed_mid_open_mid_closed,22,535,536,-0.6,-0.6000000238418579,-0.570253312587738,0.22886398434638977,"[3.67872416973114e-07,-4.023313522338867e-07,-6.273388862609863e-06,-2.183613287343178e-05,-1.2121913641749416e-06,2.2492265543405665e-06,1.0]","[0.5859407782554626,-0.18378786742687225,-0.15396171808242798,0.2812579572200775,-5.30590341440984e-07,2.4993801162054297e-06,0.9596320986747742]","[[0.9999999999869431,4.498506047824525e-06,2.424284499530077e-06,0.0],[-4.498400169537741e-06,0.9999999990362486,-4.367227119984957e-05,0.0],[-2.424480957169689e-06,4.367226029387755e-05,0.9999999990434277,0.0],[3.67872416973114e-07,-4.023313522338867e-07,-6.273388862609863e-06,1.0]]","[[0.9999999999869431,4.498505261491646e-06,2.4242841373879912e-06,0.0],[-5.095436283709224e-06,0.8417879229882843,0.5398083275095134,0.0],[3.8759804581368516e-07,-0.539808327514818,0.841787923000215,0.0],[0.5859407782554626,-0.18378786742687225,-0.15396171808242798,1.0]]",2652141.958924179
293,capture_closed_mid_open_mid_closed,23,536,537,-0.6,-0.6000000238418579,-0.5659046173095703,0.1411084532737732,"[1.5832483768463135e-07,5.960464477539062e-07,-5.334615707397461e-06,-2.0154211597400717e-05,-1.2605836445800378e-06,2.086501808662433e-06,1.0]","[0.5859407782554626,-0.1837865710258484,-0.15396149456501007,0.2791723608970642,-6.279231001826702e-07,2.355477363380487e-06,0.9602410197257996]","[[0.9999999999881148,4.173054429463885e-06,2.521083185562175e-06,0.0],[-4.172952805185848e-06,0.9999999991789086,-4.0308428455221545e-05,0.0],[-2.521251392757976e-06,4.0308417934381324e-05,0.9999999991844374,0.0],[1.5832483768463135e-07,5.960464477539062e-07,-5.334615707397461e-06,1.0]]","[[0.9999999999881148,4.173054422027434e-06,2.5210833892066304e-06,0.0],[-4.874249519386633e-06,0.8441255858112221,0.5361455050111537,0.0],[1.0925331709145999e-07,-0.5361455050170698,0.8441255858215301,0.0],[0.5859407782554626,-0.1837865710258484,-0.15396149456501007,1.0]]",2652142.007119927
294,capture_closed_mid_open_mid_closed,24,537,538,-0.6,-0.6000000238418579,-0.5628523826599121,0.07213030755519867,"[2.337619662284851e-07,1.1026859283447266e-06,-4.9620866775512695e-06,-1.852824425441213e-05,-1.1996139619441237e-06,1.9254107428423595e-06,1.0]","[0.5859405994415283,-0.18378573656082153,-0.15396173298358917,0.27770817279815674,-6.176849751682312e-07,2.1828295757586602e-06,0.9606654047966003]","[[0.9999999999897075,3.8508659391657144e-06,2.3991565749271805e-06,0.0],[-3.8507770322037234e-06,0.9999999993059939,-3.705649312832348e-05,0.0],[-2.3992992728493144e-06,3.705648388932504e-05,0.9999999993105302,0.0],[2.337619662284851e-07,1.1026859283447266e-06,-4.9620866775512695e-06,1.0]]","[[0.9999999999897075,3.850865384358681e-06,2.39915639944096e-06,0.0],[-4.537010047634058e-06,0.8457563415126887,0.5335692684702343,0.0],[2.5602052613892684e-08,-0.5335692684756276,0.8457563415214552,0.0],[0.5859405994415283,-0.18378573656082153,-0.15396173298358917,1.0]]",2652142.051055433
295,capture_closed_mid_open_mid_closed,25,538,539,-0.6,-0.6000000238418579,-0.5608072876930237,0.019203076139092445,"[1.8905848264694214e-07,1.1026859283447266e-06,-4.500150680541992e-06,-1.7153362932731397e-05,-1.0521447393330163e-06,1.795136427062971e-06,1.0]","[0.5859405398368835,-0.18378543853759766,-0.15396195650100708,0.27672699093818665,-5.142596819496248e-07,2.016199459831114e-06,0.9609485268592834]","[[0.9999999999913409,3.5903089497670852e-06,2.1042278934127384e-06,0.0],[-3.590236758484799e-06,0.9999999994050792,-3.4306729642949494e-05,0.0],[-2.104351063919327e-06,3.4306722087976096e-05,0.9999999994093103,0.0],[1.8905848264694214e-07,1.1026859283447266e-06,-4.500150680541992e-06,1.0]]","[[0.9999999999913409,3.5903087328648868e-06,2.104227786885754e-06,0.0],[-4.159546870251881e-06,0.8468443449644634,0.5318407885664318,0.0],[1.2751945171529178e-07,-0.5318407885705791,0.8468443449720646,0.0],[0.5859405398368835,-0.18378543853759766,-0.15396195650100708,1.0]]",2652142.098771298
296,capture_closed_mid_open_mid_closed,26,539,540,-0.6,-0.6000000238418579,-0.5595255494117737,-0.020350484177470207,"[2.9243528842926025e-07,1.0728836059570312e-06,-4.231929779052734e-06,-1.6004596545826644e-05,-8.816171543912787e-07,1.6893262682060595e-06,1.0]","[0.5859404802322388,-0.18378525972366333,-0.15396229922771454,0.27611228823661804,-3.8087097209427156e-07,1.8670856434255256e-06,0.9611253142356873]","[[0.9999999999927378,3.378680756265847e-06,1.7631802348118436e-06,0.0],[-3.378624316558391e-06,0.9999999994819981,-3.200919607033132e-05,0.0],[-1.7632883827532714e-06,3.200919011297525e-05,0.9999999994861513,0.0],[2.9243528842926025e-07,1.0728836059570312e-06,-4.231929779052734e-06,1.0]]","[[0.9999999999927378,3.3786802402288885e-06,1.7631800441546372e-06,0.0],[-3.799332862740306e-06,0.8475240085625055,0.5307570195900861,0.0],[2.989211132052035e-07,-0.5307570195929305,0.8475240085691874,0.0],[0.5859404802322388,-0.18378525972366333,-0.15396229922771454,1.0]]",2652142.142493968
297,capture_closed_mid_open_mid_closed,27,540,541,-0.6,-0.6000000238418579,-0.5588064193725586,-0.04904113709926605,"[3.371387720108032e-07,8.791685104370117e-07,-3.904104232788086e-06,-1.5059104043757543e-05,-6.566937145180418e-07,1.5960972632456105e-06,1.0]","[0.585940420627594,-0.18378528952598572,-0.15396258234977722,0.27576744556427,-1.9105245030459628e-07,1.7153050748675014e-06,0.9612243175506592]","[[0.9999999999940424,3.1922143049291646e-06,1.3133393574465813e-06,0.0],[-3.1921747480532775e-06,0.9999999995413518,-3.0118210183809168e-05,0.0],[-1.313435500625586e-06,3.0118205991221004e-05,0.9999999995455843,0.0],[3.371387720108032e-07,8.791685104370117e-07,-3.904104232788086e-06,1.0]]","[[0.9999999999940424,3.1922138075828064e-06,1.3133391200401132e-06,0.0],[-3.402957992339979e-06,0.8479046319280302,0.5301487493297525,0.0],[5.78762075398446e-07,-0.5301487493310635,0.8479046319338417,0.0],[0.585940420627594,-0.18378528952598572,-0.15396258234977722,1.0]]",2652142.18630703
298,capture_closed_mid_open_mid_closed,28,541,542,-0.6,-0.6000000238418579,-0.5584885478019714,-0.06910288333892822,"[5.122274160385132e-08,7.450580596923828e-07,-3.6209821701049805e-06,-1.4479718629445415e-05,-5.628945132230001e-07,1.541066467325436e-06,1.0]","[0.5859405994415283,-0.18378528952598572,-0.1539628505706787,0.275615394115448,-1.1632714347342699e-07,1.6365220290026627e-06,0.9612680077552795]","[[0.9999999999946165,3.082149235759211e-06,1.125744398028328e-06,0.0],[-3.082116633542533e-06,0.9999999995759258,-2.895943899380655e-05,0.0],[-1.1258336548636725e-06,2.895943552397511e-05,0.9999999995800418,0.0],[5.122274160385132e-08,7.450580596923828e-07,-3.6209821701049805e-06,1.0]]","[[0.9999999999946165,3.082149437944529e-06,1.1257444509134905e-06,0.0],[-3.2103956439235405e-06,0.8480723090478162,0.5298805216157051,0.0],[6.784582050952356e-07,-0.5298805216164665,0.8480723090531455,0.0],[0.5859405994415283,-0.18378528952598572,-0.1539628505706787,1.0]]",2652142.232045369
299,capture_closed_mid_open_mid_closed,29,542,543,-0.6,-0.6000000238418579,-0.5584452748298645,-0.08248265087604523,"[6.48200511932373e-07,7.003545761108398e-07,-3.7848949432373047e-06,-1.389093176840106e-05,-4.920578930978081e-07,1.4815642543908325e-06,1.0]","[0.5859405994415283,-0.18378524482250214,-0.15396302938461304,0.2755950689315796,-6.466886759426416e-08,1.5597984202031512e-06,0.961273729801178]","[[0.9999999999951257,2.963142179066903e-06,9.840746255796797e-07,0.0],[-2.963114838496427e-06,0.999999999609694,-2.7781864994832892e-05,0.0],[-9.841569468115528e-07,2.778186207877135e-05,0.9999999996135998,0.0],[6.48200511932373e-07,7.003545761108398e-07,-3.7848949432373047e-06,1.0]]","[[0.9999999999951257,2.9631416482085996e-06,9.840744733792265e-07,0.0],[-3.0344313322980733e-06,0.8480947159563299,0.5298445996531428,0.0],[7.354165391617991e-07,-0.5298445996535462,0.8480947159611875,0.0],[0.5859405994415283,-0.18378524482250214,-0.15396302938461304,1.0]]",2652142.27935009
300,capture_closed_mid_open_mid_closed,30,543,544,-0.6,-0.6000000238418579,-0.5585795640945435,-0.0908123254776001,"[2.9243528842926025e-07,6.109476089477539e-07,-3.4123659133911133e-06,-1.3691831554751843e-05,-4.5085346300766105e-07,1.4570083521903143e-06,1.0]","[0.585940420627594,-0.1837853491306305,-0.1539628952741623,0.2756598889827728,-3.1725612359423394e-08,1.5248396039169165e-06,0.9612552523612976]","[[0.9999999999953477,2.9140290503999716e-06,9.01667027789458e-07,0.0],[-2.9140043583612857e-06,0.9999999996208218,-2.738366442329821e-05,0.0],[-9.017468242411862e-07,2.7383661795709164e-05,0.9999999996246609,0.0],[2.9243528842926025e-07,6.109476089477539e-07,-3.4123659133911133e-06,1.0]]","[[0.9999999999953477,2.914029198985495e-06,9.016670548942935e-07,0.0],[-2.9490111141091317e-06,0.8480232512073604,0.5299590322999485,0.0],[7.796814088347965e-07,-0.5299590323001419,0.8480232512120087,0.0],[0.585940420627594,-0.1837853491306305,-0.1539628952741623,1.0]]",2652142.32497355
301,capture_closed_mid_open_mid_closed,31,544,545,-0.6,-0.6000000238418579,-0.5588194131851196,-0.09542851150035858,"[4.386529326438904e-07,5.066394805908203e-07,-3.4868717193603516e-06,-1.3278183359943796e-05,-4.024747113362537e-07,1.4184244037096505e-06,1.0]","[0.5859403610229492,-0.18378528952598572,-0.15396305918693542,0.2757754623889923,4.318661428470705e-09,1.4744133522981429e-06,0.9612219929695129]","[[0.9999999999956521,2.8368594956853306e-06,8.04911754473878e-07,0.0],[-2.8368381191532714e-06,0.9999999996433558,-2.6556367861647496e-05,0.0],[-8.049870908711367e-07,2.6556365578127688e-05,0.9999999996470558,0.0],[4.386529326438904e-07,5.066394805908203e-07,-3.4868717193603516e-06,1.0]]","[[0.9999999999956521,2.836859043618439e-06,8.049116632745788e-07,0.0],[-2.8320951202090867e-06,0.8478957886839271,0.5301628791392851,0.0],[8.215164326555194e-07,-0.5301628791392595,0.847895788688275,0.0],[0.5859403610229492,-0.18378528952598572,-0.15396305918693542,1.0]]",2652142.36905349
302,capture_closed_mid_open_mid_closed,32,545,546,-0.6,-0.6000000238418579,-0.5591123104095459,-0.09739711880683899,"[2.468004822731018e-07,5.364418029785156e-07,-3.203749656677246e-06,-1.3264282642921899e-05,-3.7874093550271937e-07,1.4145877003102214e-06,1.0]","[0.585940420627594,-0.1837853193283081,-0.15396296977996826,0.2759162485599518,2.6288288879072752e-08,1.4641763073086622e-06,0.9611817002296448]","[[0.999999999995711,2.8291854480740765e-06,7.574443440232785e-07,0.0],[-2.829165353166809e-06,0.9999999996441155,-2.6528566357368336e-05,0.0],[-7.575193979875989e-07,2.6528564214319258e-05,0.9999999996478307,0.0],[2.468004822731018e-07,5.364418029785156e-07,-3.203749656677246e-06,1.0]]","[[0.999999999995711,2.829185677086954e-06,7.57444423484108e-07,0.0],[-2.8001722128926574e-06,0.8477404475569181,0.5304112978237564,0.0],[8.585157122877688e-07,-0.5304112978236025,0.8477404475612045,0.0],[0.585940420627594,-0.1837853193283081,-0.15396296977996826,1.0]]",2652142.412439209
303,capture_closed_mid_open_mid_closed,33,546,547,-0.6,-0.6000000238418579,-0.5594218373298645,-0.09756854176521301,"[4.6938657760620117e-07,5.364418029785156e-07,-3.4421682357788086e-06,-1.3031050912104547e-05,-3.493153997169429e-07,1.3945691534900106e-06,1.0]","[0.5859403610229492,-0.18378520011901855,-0.15396317839622498,0.27606528997421265,4.927027674739293e-08,1.4368077927429113e-06,0.9611387848854065]","[[0.9999999999958663,2.7891474108735374e-06,6.985944540306067e-07,0.0],[-2.789129203086505e-06,0.9999999996564938,-2.6062102798498055e-05,0.0],[-6.98667144837165e-07,2.6062100849920133e-05,0.9999999996601394,0.0],[4.6938657760620117e-07,5.364418029785156e-07,-3.4421682357788086e-06,1.0]]","[[0.9999999999958663,2.789147018536367e-06,6.985943720336466e-07,0.0],[-2.734739765586852e-06,0.847575911338779,0.5306741147098458,0.0],[8.880166677294743e-07,-0.5306741147095627,0.8475759113429029,0.0],[0.5859403610229492,-0.18378520011901855,-0.15396317839622498,1.0]]",2652142.457028389
304,capture_closed_mid_open_mid_closed,34,547,548,-0.6,-0.6000000238418579,-0.559723436832428,-0.096583291888237,"[2.896413207054138e-07,5.811452865600586e-07,-3.159046173095703e-06,-1.3186876458348706e-05,-3.5338376846993924e-07,1.4066963558434509e-06,1.0]","[0.5859403610229492,-0.18378520011901855,-0.1539628952741623,0.2762100100517273,4.892655169896898e-08,1.4495794857793953e-06,0.961097240447998]","[[0.9999999999957927,2.813402031743096e-06,7.067304370777606e-07,0.0],[-2.8133833916307075e-06,0.999999999648255,-2.637375391090473e-05,0.0],[-7.068046368019963e-07,2.6373751922490095e-05,0.9999999996519628,0.0],[2.896413207054138e-07,5.811452865600586e-07,-3.159046173095703e-06,1.0]]","[[0.9999999999957927,2.813401693858347e-06,7.067303810307781e-07,0.0],[-2.7593456805120726e-06,0.8474160606902469,0.5309293568897997,0.0],[8.948230763208397e-07,-0.5309293568895159,0.8474160606944446,0.0],[0.5859403610229492,-0.18378520011901855,-0.1539628952741623,1.0]]",2652142.503088179
305,capture_closed_mid_open_mid_closed,35,548,549,-0.6,-0.6000000238418579,-0.5600023865699768,-0.09491714835166931,"[4.973262548446655e-07,5.066394805908203e-07,-3.337860107421875e-06,-1.3118436072545592e-05,-4.1855759036479867e-07,1.4086065220908495e-06,1.0]","[0.5859403610229492,-0.18378528952598572,-0.15396298468112946,0.2763441503047943,-1.2978957464326868e-08,1.4694196579512209e-06,0.9610586762428284]","[[0.9999999999956812,2.8172240258236825e-06,8.370782233003745e-07,0.0],[-2.8172020625397154e-06,0.9999999996518449,-2.6236873324257086e-05,0.0],[-8.371521381588202e-07,2.623687096592528e-05,0.9999999996554629,0.0],[4.973262548446655e-07,5.066394805908203e-07,-3.337860107421875e-06,1.0]]","[[0.9999999999956812,2.817223704686937e-06,8.370781329947392e-07,0.0],[-2.831570340576223e-06,0.8472678211803242,0.5311658865587114,0.0],[7.871839742760273e-07,-0.5311658865587878,0.8472678211846422,0.0],[0.5859403610229492,-0.18378528952598572,-0.15396298468112946,1.0]]",2652142.546882716
306,capture_closed_mid_open_mid_closed,36,549,550,-0.6,-0.6000000238418579,-0.5602502822875977,-0.09291813522577286,"[3.213062882423401e-07,5.066394805908203e-07,-3.3229589462280273e-06,-1.3068713997199666e-05,-4.472333898775105e-07,1.4055672181711998e-06,1.0]","[0.5859402418136597,-0.18378527462482452,-0.15396295487880707,0.2764633595943451,-4.119509355859918e-08,1.4744284726475598e-06,0.9610244035720825]","[[0.9999999999956487,2.811146125872924e-06,8.944300418430647e-07,0.0],[-2.811122746811875e-06,0.9999999996544662,-2.6137429251632514e-05,0.0],[-8.945035176669773e-07,2.613742673716615e-05,0.9999999996580174,0.0],[3.213062882423401e-07,5.066394805908203e-07,-3.3229589462280273e-06,1.0]]","[[0.9999999999956487,2.811145619143608e-06,8.944298784939045e-07,0.0],[-2.856701354999663e-06,0.8471360215992678,0.5313760705272579,0.0],[7.360719176249088e-07,-0.5313760705275008,0.8471360216036123,0.0],[0.5859402418136597,-0.18378527462482452,-0.15396295487880707,1.0]]",2652142.590879819
307,capture_closed_mid_open_mid_closed,37,550,551,-0.6,-0.6000000238418579,-0.5604639053344727,-0.09081055968999863,"[3.1851232051849365e-07,5.662441253662109e-07,-3.2633543014526367e-06,-1.339610662398627e-05,-4.191124958197179e-07,1.4324797348308493e-06,1.0]","[0.5859402418136597,-0.18378525972366333,-0.15396276116371155,0.2765655815601349,-6.570413990658608e-09,1.4925179812053102e-06,0.9609949588775635]","[[0.9999999999955447,2.8649706986130616e-06,8.381866123369067e-07,0.0],[-2.8649482407103358e-06,0.9999999996369846,-2.6792214448712853e-05,0.0],[-8.382633709419648e-07,2.6792212047232228e-05,0.9999999996407374,0.0],[3.1851232051849365e-07,5.662441253662109e-07,-3.2633543014526367e-06,1.0]]","[[0.9999999999955447,2.8649702112120074e-06,8.381864763675333e-07,0.0],[-2.872238812677677e-06,0.8470229581881535,0.5315562593566429,0.0],[8.129299374764871e-07,-0.5315562593566822,0.8470229581926086,0.0],[0.5859402418136597,-0.18378525972366333,-0.15396276116371155,1.0]]",2652142.636019558
308,capture_closed_mid_open_mid_closed,38,551,552,-0.6,-0.6000000238418579,-0.5606427192687988,-0.08878359943628311,"[8.102506399154663e-08,4.917383193969727e-07,-3.0994415283203125e-06,-1.3307355402503163e-05,-4.2637867636585725e-07,1.4267765209297067e-06,1.0]","[0.5859404802322388,-0.1837853193283081,-0.15396293997764587,0.2766517102718353,-1.499725676978869e-08,1.4890483726048842e-06,0.9609702825546265]","[[0.999999999995565,2.8535643898045784e-06,8.527193794872266e-07,0.0],[-2.8535416939142486e-06,0.9999999996417572,-2.6614712021700493e-05,0.0],[-8.527953259762024e-07,2.6614709588312157e-05,0.9999999996454649,0.0],[8.102506399154663e-08,4.917383193969727e-07,-3.0994415283203125e-06,1.0]]","[[0.999999999995565,2.8535644372497487e-06,8.527193940684849e-07,0.0],[-2.8701605041887405e-06,0.8469276624029024,0.5317081443782479,0.0],[7.950717217660524e-07,-0.5317081443783371,0.8469276624073365,0.0],[0.5859404802322388,-0.1837853193283081,-0.15396293997764587,1.0]]",2652142.678573892
309,capture_closed_mid_open_mid_closed,39,552,553,-0.6,-0.6000000238418579,-0.5607894062995911,-0.08690843731164932,"[6.034970283508301e-07,5.513429641723633e-07,-3.4570693969726562e-06,-1.3240712178230751e-05,-4.12443171171617e-07,1.4235491789804655e-06,1.0]","[0.5859405398368835,-0.18378522992134094,-0.15396307408809662,0.27672210335731506,-2.390097231241839e-09,1.482091647631023e-06,0.9609498977661133]","[[0.9999999999956068,2.8471092800435697e-06,8.248486447333332e-07,0.0],[-2.8470874358782924e-06,0.999999999645314,-2.6481425530727777e-05,0.0],[-8.249240399531348e-07,2.6481423182195228e-05,0.9999999996490269,0.0],[6.034970283508301e-07,5.513429641723633e-07,-3.4570693969726562e-06,1.0]]","[[0.9999999999956068,2.8471088490759687e-06,8.248485635815565e-07,0.0],[-2.8497544200081993e-06,0.8468497550226137,0.5318321538616644,0.0],[8.156615088215049e-07,-0.5318321538616786,0.8468497550270069,0.0],[0.5859405398368835,-0.18378522992134094,-0.15396307408809662,1.0]]",2652142.721550201
310,capture_closed_mid_open_mid_closed,40,553,554,-0.6,-0.6000000238418579,-0.5609065294265747,-0.08524953573942184,"[3.632158041000366e-08,5.364418029785156e-07,-3.159046173095703e-06,-1.334893204330001e-05,-4.82449536320928e-07,1.4317923842099844e-06,1.0]","[0.5859405398368835,-0.18378528952598572,-0.15396292507648468,0.27677837014198303,-6.729277401973377e-08,1.5093902447915752e-06,0.9609338045120239]","[[0.9999999999954344,2.863597648792118e-06,9.648608468433822e-07,0.0],[-2.8635718880478198e-06,0.9999999996395119,-2.6697865468135166e-05,0.0],[-9.6493729844033e-07,2.6697862705064875e-05,0.9999999996431466,0.0],[3.632158041000366e-08,5.364418029785156e-07,-3.159046173095703e-06,1.0]]","[[0.9999999999954344,2.8635978522107776e-06,9.648609464331433e-07,0.0],[-2.9380985894728364e-06,0.8467874676385383,0.5319313844541427,0.0],[7.062053410133407e-07,-0.531931384454549,0.8467874676430858,0.0],[0.5859405398368835,-0.18378528952598572,-0.15396292507648468,1.0]]",2652142.765674566
311,capture_closed_mid_open_mid_closed,41,554,555,-0.6,-0.6000000238418579,-0.5609983205795288,-0.08381947875022888,"[4.2282044887542725e-07,5.811452865600586e-07,-3.471970558166504e-06,-1.328928101429483e-05,-4.468590191208932e-07,1.4273674651121837e-06,1.0]","[0.5859405994415283,-0.18378517031669617,-0.1539631336927414,0.2768224775791168,-3.4248966329641917e-08,1.4952883020669105e-06,0.9609209895133972]","[[0.9999999999955259,2.854746807094525e-06,8.936801008670774e-07,0.0],[-2.8547230533542097e-06,0.9999999996427152,-2.6578563304253708e-05,0.0],[-8.937559756164954e-07,2.657856075292561e-05,0.9999999996463906,0.0],[4.2282044887542725e-07,5.811452865600586e-07,-3.471970558166504e-06,1.0]]","[[0.9999999999955259,2.854746062232096e-06,8.936799261770471e-07,0.0],[-2.8926695970876772e-06,0.846738631809447,0.5320090581496478,0.0],[7.620377237158849e-07,-0.5320090581498528,0.8467386318139164,0.0],[0.5859405994415283,-0.18378517031669617,-0.1539631336927414,1.0]]",2652142.809874384
312,capture_closed_mid_open_mid_closed,42,555,556,-0.6,-0.6000000238418579,-0.5610679984092712,-0.08262546360492706,"[5.010515451431274e-07,5.513429641723633e-07,-3.382563591003418e-06,-1.3236984159448184e-05,-4.145882712691673e-07,1.4254407005864778e-06,1.0]","[0.5859404802322388,-0.18378522992134094,-0.15396301448345184,0.2768559753894806,-3.721132069145483e-09,1.4845035138932872e-06,0.9609113335609436]","[[0.9999999999955925,2.8508923769697146e-06,8.291388054663868e-07,0.0],[-2.8508704253761964e-06,0.9999999996455008,-2.647396950083836e-05,0.0],[-8.292142796102824e-07,2.6473967136954376e-05,0.9999999996492207,0.0],[5.010515451431274e-07,5.513429641723633e-07,-3.382563591003418e-06,1.0]]","[[0.9999999999955925,2.850892067125098e-06,8.291386925739127e-07,0.0],[-2.8550129377193233e-06,0.8467015377778712,0.532068089031632,0.0],[8.148359806582368e-07,-0.5320680890316543,0.8467015377822786,0.0],[0.5859404802322388,-0.18378522992134094,-0.15396301448345184,1.0]]",2652142.85514385
313,capture_closed_mid_open_mid_closed,43,556,557,-0.6,-0.6000000238418579,-0.5611197352409363,-0.08164563030004501,"[2.7474015951156616e-07,6.407499313354492e-07,-3.2335519790649414e-06,-1.354265259578824e-05,-4.830888542528555e-07,1.454883658880135e-06,1.0]","[0.585940420627594,-0.18378521502017975,-0.15396271646022797,0.27688050270080566,-6.135248753480482e-08,1.531762677586812e-06,0.9609043002128601]","[[0.9999999999952999,2.9097804023693224e-06,9.66138302537792e-07,0.0],[-2.909754233151218e-06,0.9999999996289598,-2.708530659725264e-05,0.0],[-9.662171144736301e-07,2.708530378590032e-05,0.9999999996327263,0.0],[2.7474015951156616e-07,6.407499313354492e-07,-3.2335519790649414e-06,1.0]]","[[0.9999999999952999,2.9097800724163017e-06,9.66138178579037e-07,0.0],[-2.9777293027786283e-06,0.8466743744436057,0.5321113313804172,0.0],[7.303227021752376e-07,-0.5321113313807931,0.8466743744482907,0.0],[0.585940420627594,-0.18378521502017975,-0.15396271646022797,1.0]]",2652142.903750291
314,capture_closed_mid_open_mid_closed,44,557,558,-0.6,-0.6000000238418579,-0.561156690120697,-0.08087202906608582,"[2.2910535335540771e-07,5.960464477539062e-07,-3.2335519790649414e-06,-1.3451941413222812e-05,-4.75113381526171e-07,1.4411148185899947e-06,1.0]","[0.5859405994415283,-0.18378524482250214,-0.1539628952741623,0.27689844369888306,-5.7473219072790016e-08,1.516325028205756e-06,0.9608991742134094]","[[0.9999999999953949,2.882242419574735e-06,9.501879914681232e-07,0.0],[-2.8822168547852436e-06,0.9999999996339369,-2.6903884195831495e-05,0.0],[-9.502655346365608e-07,2.6903881457059754e-05,0.9999999996376391,0.0],[2.2910535335540771e-07,5.960464477539062e-07,-3.2335519790649414e-06,1.0]]","[[0.9999999999953949,2.8822424450528305e-06,9.501880183965382e-07,0.0],[-2.9458994247153126e-06,0.8466545037496744,0.5321429717822956,0.0],[7.29284143410817e-07,-0.5321429717826442,0.8466545037542663,0.0],[0.5859405994415283,-0.18378524482250214,-0.1539628952741623,1.0]]",2652142.949350487
315,capture_closed_mid_open_mid_closed,45,558,559,-0.6,-0.6000000238418579,-0.56118243932724,-0.08026431500911713,"[3.3620744943618774e-07,5.960464477539062e-07,-3.3080577850341797e-06,-1.3381348253460601e-05,-4.5216415855975356e-07,1.4353419146573287e-06,1.0]","[0.5859407186508179,-0.18378520011901855,-0.15396305918693542,0.2769109308719635,-3.700057860100969e-08,1.5044234942251933e-06,0.9608955979347229]","[[0.9999999999954707,2.8706959304468045e-06,9.042899034994615e-07,0.0],[-2.8706717281825104e-06,0.9999999996377587,-2.676269780494154e-05,0.0],[-9.043667307395527e-07,2.6762695208900863e-05,0.9999999996414701,0.0],[3.3620744943618774e-07,5.960464477539062e-07,-3.3080577850341797e-06,1.0]]","[[0.9999999999954707,2.870696096734711e-06,9.042900066205964e-07,0.0],[-2.911679555387538e-06,0.8466406727227187,0.5321649889896408,0.0],[7.620752342256047e-07,-0.5321649889898635,0.8466406727272425,0.0],[0.5859407186508179,-0.18378520011901855,-0.15396305918693542,1.0]]",2652142.996767382
316,capture_closed_mid_open_mid_closed,46,559,560,-0.6,-0.6000000238418579,-0.561199426651001,-0.07980261743068695,"[6.332993507385254e-07,6.258487701416016e-07,-3.5315752029418945e-06,-1.3322705854079686e-05,-4.2543817357909575e-07,1.4327721373774693e-06,1.0]","[0.5859404802322388,-0.18378517031669617,-0.15396302938461304,0.27691903710365295,-1.2018811723635281e-08,1.4945530892873649e-06,0.9608931541442871]","[[0.9999999999955324,2.86555561073023e-06,8.508381703547071e-07,0.0],[-2.8655329387796474e-06,0.9999999996409054,-2.6645412927271294e-05,0.0],[-8.509145239616759e-07,2.664541048904745e-05,0.999999999644649,0.0],[6.332993507385254e-07,6.258487701416016e-07,-3.5315752029418945e-06,1.0]]","[[0.9999999999955324,2.8655551884635703e-06,8.508379925838744e-07,0.0],[-2.878868139542127e-06,0.846631693774704,0.53217921401022,0.0],[8.046428169591134e-07,-0.5321792140102919,0.8466316937791711,0.0],[0.5859404802322388,-0.18378517031669617,-0.15396302938461304,1.0]]",2652143.040320098
317,capture_closed_mid_open_mid_closed,47,560,561,-0.6,-0.6000000238418579,-0.5612097382545471,-0.07946021109819412,"[3.0547380447387695e-07,6.109476089477539e-07,-3.3676624298095703e-06,-1.3435635992209427e-05,-4.892606284556678e-07,1.441335257368337e-06,1.0]","[0.5859401822090149,-0.18378520011901855,-0.15396276116371155,0.2769239842891693,-7.096578968912581e-08,1.5204561805148842e-06,0.9608917236328125]","[[0.9999999999953664,2.882683661792092e-06,9.78482526399614e-07,0.0],[-2.8826573676812555e-06,0.9999999996348125,-2.687127339479604e-05,0.0],[-9.78559987423057e-07,2.6871270574041668e-05,0.9999999996384886,0.0],[3.0547380447387695e-07,6.109476089477539e-07,-3.3676624298095703e-06,1.0]]","[[0.9999999999953664,2.8826832615483396e-06,9.784824468372439e-07,0.0],[-2.9612917784640995e-06,0.8466262138462002,0.5321879291575558,0.0],[7.057206869438528e-07,-0.5321879291579874,0.8466262138508137,0.0],[0.5859401822090149,-0.18378520011901855,-0.15396276116371155,1.0]]",2652143.084951379
318,capture_closed_mid_open_mid_closed,48,561,562,-0.6,-0.6000000238418579,-0.5612152218818665,-0.07921687513589859,"[2.598389983177185e-07,5.811452865600586e-07,-3.2782554626464844e-06,-1.3376222341321409e-05,-4.5306120455279597e-07,1.4366718232849962e-06,1.0]","[0.5859402418136597,-0.18378522992134094,-0.15396279096603394,0.27692657709121704,-3.746968602058587e-08,1.5059501947689569e-06,0.9608910083770752]","[[0.9999999999954614,2.8733557670648053e-06,9.060839746221124e-07,0.0],[-2.8733315260751796e-06,0.9999999996380253,-2.675244598444335e-05,0.0],[-9.061608435890714e-07,2.6752443380842285e-05,0.9999999996417428,0.0],[2.598389983177185e-07,5.811452865600586e-07,-3.2782554626464844e-06,1.0]]","[[0.9999999999954614,2.8733552986456646e-06,9.06083834182224e-07,0.0],[-2.9148607062231184e-06,0.8466233417965487,0.5321925158150699,0.0],[7.620666966466514e-07,-0.5321925158152957,0.8466233418010817,0.0],[0.5859402418136597,-0.18378522992134094,-0.15396279096603394,1.0]]",2652143.128257084
319,capture_closed_mid_open_mid_closed,49,562,563,-0.6,-0.6000000238418579,-0.5612174868583679,-0.07904242724180222,"[1.3969838619232178e-07,5.21540641784668e-07,-3.203749656677246e-06,-1.3323890016181394e-05,-4.213171393985249e-07,1.4344549299494247e-06,1.0]","[0.5859404802322388,-0.1837853044271469,-0.15396299958229065,0.2769277095794678,-7.57950324725698e-09,1.4950289823900675e-06,0.9608907699584961]","[[0.9999999999955297,2.868921087065304e-06,8.425960537576102e-07,0.0],[-2.868898632732395e-06,0.9999999996408326,-2.6647781241083684e-05,0.0],[-8.426725038364894e-07,2.6647778823641894e-05,0.9999999996445929,0.0],[1.3969838619232178e-07,5.21540641784668e-07,-3.203749656677246e-06,1.0]]","[[0.9999999999955297,2.8689211510500918e-06,8.425960531187271e-07,0.0],[-2.877317048946144e-06,0.8466220873296697,0.5321945601612925,0.0],[8.134637542740884e-07,-0.5321945601613378,0.8466220873341398,0.0],[0.5859404802322388,-0.1837853044271469,-0.15396299958229065,1.0]]",2652143.1732589
320,capture_closed_mid_open_mid_closed,50,563,564,-0.6,-0.6000000238418579,-0.5612173676490784,-0.07892578840255737,"[3.1944364309310913e-07,6.109476089477539e-07,-3.3676624298095703e-06,-1.344212705589598e-05,-4.831787805414933e-07,1.443241558263253e-06,1.0]","[0.5859407186508179,-0.18378521502017975,-0.15396302938461304,0.2769276201725006,-6.458817125576388e-08,1.5206039734039223e-06,0.9608907699584961]","[[0.9999999999953672,2.8864961064276236e-06,9.663187606101897e-07,0.0],[-2.8864701266253882e-06,0.9999999996344525,-2.6884255506479352e-05,0.0],[-9.663963615557836e-07,2.688425271710457e-05,0.9999999996381516,0.0],[3.1944364309310913e-07,6.109476089477539e-07,-3.3676624298095703e-06,1.0]]","[[0.9999999999953672,2.8864961484977816e-06,9.663188343755175e-07,0.0],[-2.958041142726392e-06,0.8466221863665659,0.5321943883404597,0.0],[7.180701239428689e-07,-0.5321943883408525,0.8466221863711821,0.0],[0.5859407186508179,-0.18378521502017975,-0.15396302938461304,1.0]]",2652143.21775868
321,capture_closed_mid_open_mid_closed,51,564,565,-0.6,-0.6000000238418579,-0.5612155795097351,-0.0788622722029686,"[5.736947059631348e-07,6.407499313354492e-07,-3.5017728805541992e-06,-1.3383219084062148e-05,-4.488296667659597e-07,1.438349954696605e-06,1.0]","[0.5859405398368835,-0.18378518521785736,-0.15396298468112946,0.276926726102829,-3.293865091791304e-08,1.5063908449519658e-06,0.9608909487724304]","[[0.9999999999954594,2.8767119229647334e-06,8.976208340267929e-07,0.0],[-2.8766878958216865e-06,0.9999999996376412,-2.676643945927256e-05,0.0],[-8.976978330370459e-07,2.6766436876976033e-05,0.999999999641376,0.0],[5.736947059631348e-07,6.407499313354492e-07,-3.5017728805541992e-06,1.0]]","[[0.9999999999954594,2.876711470934112e-06,8.97620672911239e-07,0.0],[-2.9131978419778784e-06,0.8466231767353991,0.5321927691706814,0.0],[7.710188667840496e-07,-0.5321927691708799,0.8466231767399353,0.0],[0.5859405398368835,-0.18378518521785736,-0.15396298468112946,1.0]]",2652143.261863427
322,capture_closed_mid_open_mid_closed,52,565,566,-0.6,-0.6000000238418579,-0.561212956905365,-0.0788307711482048,"[2.7567148208618164e-07,6.109476089477539e-07,-3.3229589462280273e-06,-1.3493361620930955e-05,-5.093090180707804e-07,1.4456834378506755e-06,1.0]","[0.5859403610229492,-0.18378522992134094,-0.15396273136138916,0.27692535519599915,-8.902361514628865e-08,1.5301865232686396e-06,0.9608913660049438]","[[0.9999999999953012,2.891380620282866e-06,1.0185790218827283e-06,0.0],[-2.891353131119836e-06,0.9999999996316784,-2.6986724714461133e-05,0.0],[-1.0186570504003935e-06,2.6986721769262686e-05,0.9999999996353396,0.0],[2.7567148208618164e-07,6.109476089477539e-07,-3.3229589462280273e-06,1.0]]","[[0.9999999999953012,2.891380244681482e-06,1.0185789392738295e-06,0.0],[-2.9899918296623536e-06,0.8466246952944565,0.5321903656711033,0.0],[6.764108466153666e-07,-0.5321903656716482,0.8466246952991235,0.0],[0.5859403610229492,-0.18378522992134094,-0.15396273136138916,1.0]]",2652143.305730832
323,capture_closed_mid_open_mid_closed,53,566,567,-0.6,-0.6000000238418579,-0.5612101554870605,-0.07881973683834076,"[3.1851232051849365e-07,6.258487701416016e-07,-3.3229589462280273e-06,-1.3429836144496221e-05,-4.715863610726956e-07,1.4403179875444039e-06,1.0]","[0.5859404802322388,-0.18378525972366333,-0.1539629101753235,0.276924192905426,-5.426423399512714e-08,1.514584141659725e-06,0.9608917832374573]","[[0.9999999999954062,2.880648641743922e-06,9.431340356762538e-07,0.0],[-2.8806233084336934e-06,0.99999999963513,-2.6859673647461078e-05,0.0],[-9.432114086145286e-07,2.6859670930523807e-05,0.9999999996388342,0.0],[3.1851232051849365e-07,6.258487701416016e-07,-3.3229589462280273e-06,1.0]]","[[0.9999999999954062,2.88064875507971e-06,9.431340951721383e-07,0.0],[-2.940757071890637e-06,0.8466259827627689,0.5321883630848124,0.0],[7.345658688937688e-07,-0.5321883630851413,0.8466259827673509,0.0],[0.5859404802322388,-0.18378525972366333,-0.1539629101753235,1.0]]",2652143.352110241
324,capture_closed_mid_open_mid_closed,54,567,568,-0.6,-0.6000000238418579,-0.5612072348594666,-0.07882014662027359,"[4.833564162254333e-07,5.960464477539062e-07,-3.4570693969726562e-06,-1.3372458852245472e-05,-4.391934567138378e-07,1.4373704289027955e-06,1.0]","[0.5859403014183044,-0.18378520011901855,-0.15396293997764587,0.2769227921962738,-2.3956792105650493e-08,1.5027808331069537e-06,0.9608920812606812]","[[0.9999999999954822,2.8747526039984474e-06,8.783484710738437e-07,0.0],[-2.8747291116127348e-06,0.9999999996382226,-2.674491896705832e-05,0.0],[-8.784253557815075e-07,2.674491644192357e-05,0.999999999641969,0.0],[4.833564162254333e-07,5.960464477539062e-07,-3.4570693969726562e-06,1.0]]","[[0.9999999999954822,2.8747520412816774e-06,8.783483123794962e-07,0.0],[-2.9012887683295267e-06,0.846627534319922,0.5321858362839212,0.0],[7.862687450725844e-07,-0.5321858362840654,0.8466275343244376,0.0],[0.5859403014183044,-0.18378520011901855,-0.15396293997764587,1.0]]",2652143.398756659
325,capture_closed_mid_open_mid_closed,55,568,569,-0.6,-0.6000000238418579,-0.5612043738365173,-0.07883286476135254,"[2.3096799850463867e-07,6.407499313354492e-07,-3.2782554626464844e-06,-1.3484593182511162e-05,-5.011318648939778e-07,1.4454800520979916e-06,1.0]","[0.5859402418136597,-0.18378522992134094,-0.15396268665790558,0.27692121267318726,-8.122913897068429e-08,1.527726226413506e-06,0.9608925580978394]","[[0.9999999999953189,2.890973619314641e-06,1.0022247463670436e-06,0.0],[-2.8909465890773253e-06,0.9999999996321527,-2.696918781377455e-05,0.0],[-1.0023027132088674e-06,2.6969184916270097e-05,0.9999999996358292,0.0],[2.3096799850463867e-07,6.407499313354492e-07,-3.2782554626464844e-06,1.0]]","[[0.9999999999953189,2.890973380206944e-06,1.0022245487773721e-06,0.0],[-2.980949666879587e-06,0.8466292839385549,0.5321830648739412,0.0],[6.900146482268692e-07,-0.5321830648744377,0.8466292839432096,0.0],[0.5859402418136597,-0.18378522992134094,-0.15396268665790558,1.0]]",2652143.445191815
326,capture_closed_mid_open_mid_closed,56,569,570,-0.6,-0.6000000238418579,-0.5612016916275024,-0.07885169982910156,"[2.7567148208618164e-07,5.662441253662109e-07,-3.2782554626464844e-06,-1.3421759831544477e-05,-4.6524709773621e-07,1.4402310171135468e-06,1.0]","[0.5859404802322388,-0.18378528952598572,-0.1539628654718399,0.27692005038261414,-4.820351406920054e-08,1.512744802312227e-06,0.9608929753303528]","[[0.9999999999954186,2.8804745230967098e-06,9.304555346027927e-07,0.0],[-2.8804495453574776e-06,0.9999999996355642,-2.6843521003215556e-05,0.0],[-9.305328563420472e-07,2.6843518322962354e-05,0.9999999996392798,0.0],[2.7567148208618164e-07,5.662441253662109e-07,-3.2782554626464844e-06,1.0]]","[[0.9999999999954186,2.8804746689293203e-06,9.304555698553444e-07,0.0],[-2.933868747107968e-06,0.8466305713876041,0.5321810622814167,0.0],[7.451818976340139e-07,-0.5321810622817085,0.8466305713921762,0.0],[0.5859404802322388,-0.18378528952598572,-0.1539628654718399,1.0]]",2652143.490645181
327,capture_closed_mid_open_mid_closed,57,570,571,-0.6,-0.6000000238418579,-0.5611994862556458,-0.07886724174022675,"[5.42961061000824e-07,6.109476089477539e-07,-3.471970558166504e-06,-1.336595323664369e-05,-4.3362956603232305e-07,1.437374749002629e-06,1.0]","[0.5859403014183044,-0.18378517031669617,-0.15396292507648468,0.27691900730133057,-1.861522491708456e-08,1.5012440144346328e-06,0.9608931541442871]","[[0.9999999999954918,2.8747610897502613e-06,8.672207082972887e-07,0.0],[-2.8747379062602545e-06,0.9999999996385704,-2.6731907719863757e-05,0.0],[-8.672975558320035e-07,2.6731905226711005e-05,0.9999999996423266,0.0],[5.42961061000824e-07,6.109476089477539e-07,-3.471970558166504e-06,1.0]]","[[0.9999999999954918,2.874760373131192e-06,8.672204887599712e-07,0.0],[-2.895380011550112e-06,0.8466317267859838,0.532179156736505,0.0],[7.956715200172404e-07,-0.5321791567366166,0.8466317267904906,0.0],[0.5859403014183044,-0.18378517031669617,-0.15396292507648468,1.0]]",2652143.535259929
328,capture_closed_mid_open_mid_closed,58,571,572,-0.6,-0.6000000238418579,-0.5611974596977234,-0.07888904958963394,"[6.984919309616089e-08,6.258487701416016e-07,-3.2633543014526367e-06,-1.3478168511937838e-05,-4.969379006070085e-07,1.4454234360528062e-06,1.0]","[0.5859402418136597,-0.18378522992134094,-0.15396273136138916,0.2769179940223694,-7.722001527099565e-08,1.5265100046235602e-06,0.9608935117721558]","[[0.9999999999953276,2.890860267731141e-06,9.938368378927325e-07,0.0],[-2.8908334764800837e-06,0.9999999996324994,-2.695633846044705e-05,0.0],[-9.939147645353014e-07,2.69563355873043e-05,0.999999999636184,0.0],[6.984919309616089e-08,6.258487701416016e-07,-3.2633543014526367e-06,1.0]]","[[0.9999999999953276,2.8908598947416834e-06,9.938365999765612e-07,0.0],[-2.9763943416505667e-06,0.8466328491685935,0.532177407497875,0.0],[6.970357533651752e-07,-0.5321774074983464,0.846632849173242,0.0],[0.5859402418136597,-0.18378522992134094,-0.15396273136138916,1.0]]",2652143.57971326
329,capture_closed_mid_open_mid_closed,59,572,573,-0.6,-0.6000000238418579,-0.5611959099769592,-0.07890824228525162,"[3.3155083656311035e-07,5.960464477539062e-07,-3.337860107421875e-06,-1.3416480214800686e-05,-4.6139157916513795e-07,1.4402228316612309e-06,1.0]","[0.5859405994415283,-0.18378527462482452,-0.15396292507648468,0.27691736817359924,-4.450526702726165e-08,1.5116692111405428e-06,0.9608937501907349]","[[0.9999999999954258,2.8804580438244482e-06,9.227445128880241e-07,0.0],[-2.8804332828204753e-06,0.9999999996358476,-2.6832961758614744e-05,0.0],[-9.228218037725277e-07,2.6832959100587998e-05,0.9999999996395703,0.0],[3.3155083656311035e-07,5.960464477539062e-07,-3.337860107421875e-06,1.0]]","[[0.9999999999954258,2.8804584318513065e-06,9.22744584870331e-07,0.0],[-2.929755557511517e-06,0.8466335424030442,0.5321763367944219,0.0],[7.51685253122069e-07,-0.532176336794691,0.8466335424076106,0.0],[0.5859405994415283,-0.18378527462482452,-0.15396292507648468,1.0]]",2652143.624902774
330,capture_closed_mid_open_mid_closed,60,573,574,-0.6,-0.6000000238418579,-0.5611947178840637,-0.07892434298992157,"[4.3958425521850586e-07,6.109476089477539e-07,-3.427267074584961e-06,-1.3360568118514493e-05,-4.3087874246339197e-07,1.437247306057543e-06,1.0]","[0.5859404802322388,-0.18378521502017975,-0.15396296977996826,0.27691686153411865,-1.6010638148600265e-08,1.5003598718976718e-06,0.9608938097953796]","[[0.9999999999954974,2.874506125684665e-06,8.617190800457125e-07,0.0],[-2.874483098545507e-06,0.9999999996388591,-2.672113747558761e-05,0.0],[-8.617958898078554e-07,2.6721134998470363e-05,0.9999999996426191,0.0],[4.3958425521850586e-07,6.109476089477539e-07,-3.427267074584961e-06,1.0]]","[[0.9999999999954974,2.8745057954091857e-06,8.617189399709987e-07,0.0],[-2.892240258078261e-06,0.8466341035916853,0.5321753961521497,0.0],[8.001808476195437e-07,-0.5321753961522458,0.8466341035961871,0.0],[0.5859404802322388,-0.18378521502017975,-0.15396296977996826,1.0]]",2652143.670538126
331,capture_closed_mid_open_mid_closed,61,574,575,-0.6,-0.6000000238418579,-0.5611937046051025,-0.07894059270620346,"[3.948807716369629e-07,6.258487701416016e-07,-3.382563591003418e-06,-1.3473659237206448e-05,-4.94286496177665e-07,1.4453221410803962e-06,1.0]","[0.5859403610229492,-0.18378520011901855,-0.15396276116371155,0.2769162356853485,-7.470320895208715e-08,1.5256782717187889e-06,0.960893988609314]","[[0.9999999999953334,2.8906576018564227e-06,9.88534044799296e-07,0.0],[-2.8906309624651623e-06,0.9999999996327431,-2.694731990321933e-05,0.0],[-9.886119399113638e-07,2.694731704560646e-05,0.9999999996364324,0.0],[3.948807716369629e-07,6.258487701416016e-07,-3.382563591003418e-06,1.0]]","[[0.9999999999953334,2.8906570968596075e-06,9.885338965663627e-07,0.0],[-2.9734032225261195e-06,0.8466347968230576,0.5321742924365148,0.0],[7.014064389188186e-07,-0.5321742924369707,0.8466347968277019,0.0],[0.5859403610229492,-0.18378520011901855,-0.15396276116371155,1.0]]",2652143.717430162
332,capture_closed_mid_open_mid_closed,62,575,576,-0.6,-0.6000000238418579,-0.5611928105354309,-0.07895538210868835,"[3.809109330177307e-07,5.960464477539062e-07,-3.293156623840332e-06,-1.341150618827669e-05,-4.5954513439028233e-07,1.4399716974367038e-06,1.0]","[0.5859402418136597,-0.18378522992134094,-0.15396276116371155,0.2769157290458679,-4.280317256188937e-08,1.5109161495274748e-06,0.9608941078186035]","[[0.9999999999954305,2.879955721258235e-06,9.190516444019025e-07,0.0],[-2.8799310684885802e-06,0.999999999636116,-2.6823013700017355e-05,0.0],[-9.191288931592268e-07,2.6823011053089403e-05,0.9999999996398407,0.0],[3.809109330177307e-07,5.960464477539062e-07,-3.293156623840332e-06,1.0]]","[[0.9999999999954307,2.879955107506942e-06,9.190515267684774e-07,0.0],[-2.9273665944487486e-06,0.8466353580094252,0.5321733848048055,0.0],[7.545342615258277e-07,-0.5321733848050642,0.8466353580139873,0.0],[0.5859402418136597,-0.18378522992134094,-0.15396276116371155,1.0]]",2652143.761846042
333,capture_closed_mid_open_mid_closed,63,576,577,-0.6,-0.6000000238418579,-0.5611922144889832,-0.07896264642477036,"[2.7567148208618164e-07,5.811452865600586e-07,-3.3676624298095703e-06,-1.335599063168047e-05,-4.290692743325053e-07,1.4370344842973282e-06,1.0]","[0.5859402418136597,-0.18378525972366333,-0.1539628803730011,0.276915580034256,-1.4332889541890381e-08,1.4996542176959338e-06,0.9608941674232483]","[[0.9999999999955017,2.874080429885073e-06,8.581001626267913e-07,0.0],[-2.8740575073042397e-06,0.9999999996391049,-2.671198249653563e-05,0.0],[-8.581769347032299e-07,2.671198003018625e-05,0.9999999996428668,0.0],[2.7567148208618164e-07,5.811452865600586e-07,-3.3676624298095703e-06,1.0]]","[[0.9999999999955017,2.874079981029275e-06,8.581000150144241e-07,0.0],[-2.889955982713513e-06,0.8466355230640852,0.5321731314470416,0.0],[8.030104551619275e-07,-0.5321731314471275,0.8466355230685827,0.0],[0.5859402418136597,-0.18378525972366333,-0.1539628803730011,1.0]]",2652143.808099431
334,capture_closed_mid_open_mid_closed,64,577,578,-0.6,-0.6000000238418579,-0.5611917972564697,-0.07897007465362549,"[2.728775143623352e-07,5.960464477539062e-07,-3.293156623840332e-06,-1.347030502074631e-05,-4.921401455248997e-07,1.445225848328846e-06,1.0]","[0.5859403610229492,-0.18378524482250214,-0.15396277606487274,0.2769153118133545,-7.266893220503334e-08,1.5249913758452749e-06,0.9608942866325378]","[[0.9999999999953383,2.8904649552134385e-06,9.842413557837977e-07,0.0],[-2.8904384381019457e-06,0.9999999996329244,-2.6940611463999937e-05,0.0],[-9.843192263158011e-07,2.69406086189853e-05,0.9999999996366173,0.0],[2.728775143623352e-07,5.960464477539062e-07,-3.293156623840332e-06,1.0]]","[[0.9999999999953383,2.890464720385835e-06,9.84241248252749e-07,0.0],[-2.9709572804686363e-06,0.8466358201619741,0.5321726820048185,0.0],[7.04932601166734e-07,-0.5321726820052617,0.8466358201666148,0.0],[0.5859403610229492,-0.18378524482250214,-0.15396277606487274,1.0]]",2652143.854159542
335,capture_closed_mid_open_mid_closed,65,578,579,-0.6,-0.6000000238418579,-0.5611914992332458,-0.07897955924272537,"[3.1944364309310913e-07,6.109476089477539e-07,-3.382563591003418e-06,-1.3409039638645481e-05,-4.5753935751235986e-07,1.4399349765881198e-06,1.0]","[0.5859403610229492,-0.18378520011901855,-0.1539628803730011,0.27691519260406494,-4.088686722525381e-08,1.5103254327186733e-06,0.9608942866325378]","[[0.9999999999954345,2.8798822235030018e-06,9.150400987343634e-07,0.0],[-2.8798576828494772e-06,0.9999999996362485,-2.681808059494481e-05,0.0],[-9.15117331315076e-07,2.6818077959637115e-05,0.9999999996399767,0.0],[3.1944364309310913e-07,6.109476089477539e-07,-3.382563591003418e-06,1.0]]","[[0.9999999999954345,2.879881769085061e-06,9.150400304223174e-07,0.0],[-2.925170547935693e-06,0.8466359522055451,0.5321724529098661,0.0],[7.578882019621192e-07,-0.5321724529101131,0.8466359522101039,0.0],[0.5859403610229492,-0.18378520011901855,-0.1539628803730011,1.0]]",2652143.901560588
336,capture_closed_mid_open_mid_closed,66,579,580,-0.6,-0.6000000238418579,-0.561191201210022,-0.07898346334695816,"[1.993030309677124e-07,5.21540641784668e-07,-3.1441450119018555e-06,-1.3353705980989616e-05,-4.275011349363922e-07,1.4369588825502433e-06,1.0]","[0.5859405994415283,-0.18378528952598572,-0.15396296977996826,0.2769150733947754,-1.2847833907869699e-08,1.4991474017733708e-06,0.9608944058418274]","[[0.9999999999955048,2.8739291825494117e-06,8.549638924199357e-07,0.0],[-2.8739063476515614e-06,0.9999999996392274,-2.670741319058234e-05,0.0],[-8.550406473256331e-07,2.6707410733376127e-05,0.9999999996429916,0.0],[1.993030309677124e-07,5.21540641784668e-07,-3.1441450119018555e-06,1.0]]","[[0.9999999999955048,2.8739291860535616e-06,8.549638490418335e-07,0.0],[-2.888160221531808e-06,0.8466360842490375,0.5321722898365989,0.0],[8.055822021248057e-07,-0.532172289836676,0.846636084253532,0.0],[0.5859405994415283,-0.18378528952598572,-0.15396296977996826,1.0]]",2652143.95118139
337,capture_closed_mid_open_mid_closed,67,580,581,-0.6,-0.6000000238418579,-0.5611912608146667,-0.07898198068141937,"[4.256144165992737e-07,6.109476089477539e-07,-3.427267074584961e-06,-1.3468957149598282e-05,-4.906092954115593e-07,1.4452431287281797e-06,1.0]","[0.5859405398368835,-0.18378515541553497,-0.15396299958229065,0.27691495418548584,-7.119373179875765e-08,1.524583808532043e-06,0.9608943462371826]","[[0.9999999999953412,2.8904994734475135e-06,9.811796589875753e-07,0.0],[-2.8904730414652054e-06,0.9999999996329969,-2.693791571729599e-05,0.0],[-9.812575226586618e-07,2.6937912881097137e-05,0.999999999636693,0.0],[4.256144165992737e-07,6.109476089477539e-07,-3.427267074584961e-06,1.0]]","[[0.9999999999953412,2.8904987060076892e-06,9.811794197290735e-07,0.0],[-2.969357141925076e-06,0.8466362162922518,0.5321720277305065,0.0],[7.075408022372632e-07,-0.5321720277309406,0.8466362162968905,0.0],[0.5859405398368835,-0.18378515541553497,-0.15396299958229065,1.0]]",2652143.99483066
338,capture_closed_mid_open_mid_closed,68,581,582,-0.6,-0.6000000238418579,-0.5611909627914429,-0.07899003475904465,"[2.598389983177185e-07,6.109476089477539e-07,-3.337860107421875e-06,-1.3407182450464461e-05,-4.5667673020943766e-07,1.4398129906112445e-06,1.0]","[0.5859405994415283,-0.18378520011901855,-0.15396307408809662,0.276915043592453,-4.009200083032738e-08,1.5099693655429292e-06,0.9608944058418274]","[[0.9999999999954368,2.8796382267189746e-06,9.13314852747956e-07,0.0],[-2.8796137357260033e-06,0.9999999996363488,-2.68143662159871e-05,0.0],[-9.133920680897946e-07,2.6814363585870745e-05,0.9999999996400778,0.0],[2.598389983177185e-07,6.109476089477539e-07,-3.337860107421875e-06,1.0]]","[[0.9999999999954368,2.8796380763701906e-06,9.133148239989126e-07,0.0],[-2.9240463890007453e-06,0.8466361172598197,0.5321722325627466,0.0],[7.592181067314427e-07,-0.5321722325629888,0.8466361172643765,0.0],[0.5859405994415283,-0.18378520011901855,-0.15396307408809662,1.0]]",2652144.042526907
339,capture_closed_mid_open_mid_closed,69,582,583,-0.6,-0.6000000238418579,-0.5611908435821533,-0.07899130135774612,"[4.5355409383773804e-07,5.960464477539062e-07,-3.382563591003418e-06,-1.3352149835554883e-05,-4.266466646640765e-07,1.436893626305391e-06,1.0]","[0.5859405994415283,-0.18378525972366333,-0.15396302938461304,0.27691489458084106,-1.2045132002924674e-08,1.4988481780164875e-06,0.9608944654464722]","[[0.9999999999955066,2.873798645911169e-06,8.532549580901607e-07,0.0],[-2.8737758593103953e-06,0.9999999996393109,-2.670430089720151e-05,0.0],[-8.533317005661454e-07,2.670429844501802e-05,0.9999999996430762,0.0],[4.5355409383773804e-07,5.960464477539062e-07,-3.382563591003418e-06,1.0]]","[[0.9999999999955066,2.8737988846835387e-06,8.532549717706077e-07,0.0],[-2.8871407905187473e-06,0.8466362823140703,0.5321719792048109,0.0],[8.069585690618777e-07,-0.532171979204883,0.8466362823185631,0.0],[0.5859405994415283,-0.18378525972366333,-0.15396302938461304,1.0]]",2652144.0882363
340,capture_closed_mid_open_mid_closed,70,583,584,-0.6,-0.6000000238418579,-0.5611907243728638,-0.07899373024702072,"[3.9674341678619385e-07,6.407499313354492e-07,-3.4421682357788086e-06,-1.3465953998093028e-05,-4.904334787170228e-07,1.4450027947532362e-06,1.0]","[0.5859403610229492,-0.18378520011901855,-0.15396283566951752,0.2769147753715515,-7.109163391305628e-08,1.5243042525980854e-06,0.9608944058418274]","[[0.9999999999953428,2.8900187978157996e-06,9.808280407517232e-07,0.0],[-2.8899923811971453e-06,0.9999999996331601,-2.693190941354155e-05,0.0],[-9.80905874116368e-07,2.693190657883056e-05,0.9999999996368552,0.0],[3.9674341678619385e-07,6.407499313354492e-07,-3.4421682357788086e-06,1.0]]","[[0.9999999999953428,2.890018210573155e-06,9.80827846070621e-07,0.0],[-2.9687635059164773e-06,0.8466364143571994,0.5321717170987235,0.0],[7.075816327537772e-07,-0.5321717170991569,0.8466364143618362,0.0],[0.5859403610229492,-0.18378520011901855,-0.15396283566951752,1.0]]",2652144.135694224
341,capture_closed_mid_open_mid_closed,71,584,585,-0.6,-0.6000000238418579,-0.5611906051635742,-0.07900062203407288,"[2.7567148208618164e-07,5.811452865600586e-07,-3.3080577850341797e-06,-1.3404489436652511e-05,-4.5624398126165033e-07,1.4396774759006803e-06,1.0]","[0.585940420627594,-0.18378527462482452,-0.1539628654718399,0.2769148647785187,-3.9713995647616684e-08,1.5097193681867793e-06,0.9608944654464722]","[[0.9999999999954383,2.8793671832366152e-06,9.124493662402649e-07,0.0],[-2.879342720366106e-06,0.999999999636494,-2.6808980186993388e-05,0.0],[-9.125265588063364e-07,2.6808977559616658e-05,0.999999999640223,0.0],[2.7567148208618164e-07,5.811452865600586e-07,-3.3080577850341797e-06,1.0]]","[[0.9999999999954383,2.879367179066893e-06,9.124493866270256e-07,0.0],[-2.923356762005191e-06,0.846636315324831,0.5321719219309538,0.0],[7.59805552152785e-07,-0.5321719219311936,0.8466363153293863,0.0],[0.585940420627594,-0.18378527462482452,-0.1539628654718399,1.0]]",2652144.182862285
342,capture_closed_mid_open_mid_closed,72,585,586,-0.6,-0.6000000238418579,-0.5611907243728638,-0.07899753004312515,"[4.852190613746643e-07,5.811452865600586e-07,-3.427267074584961e-06,-1.3350067092687823e-05,-4.259352692770335e-07,1.436825073142245e-06,1.0]","[0.5859403014183044,-0.18378521502017975,-0.1539628952741623,0.27691489458084106,-1.1380543618599859e-08,1.4985851066739997e-06,0.9608943462371826]","[[0.9999999999955083,2.873661518813334e-06,8.518321751318132e-07,0.0],[-2.873638773755646e-06,0.9999999996394224,-2.6700135409364594e-05,0.0],[-8.519089019763208e-07,2.6700132961386698e-05,0.9999999996431885,0.0],[4.852190613746643e-07,5.811452865600586e-07,-3.427267074584961e-06,1.0]]","[[0.9999999999955083,2.8736610286437486e-06,8.518320737105347e-07,0.0],[-2.8862667967894174e-06,0.8466362823140718,0.5321719131831572,0.0],[8.080900736296617e-07,-0.5321719131832253,0.8466362823185631,0.0],[0.5859403014183044,-0.18378521502017975,-0.1539628952741623,1.0]]",2652144.227143398
343,capture_closed_mid_open_mid_closed,73,586,587,-0.6,-0.6000000238418579,-0.5611907243728638,-0.0789979100227356,"[2.477318048477173e-07,6.109476089477539e-07,-3.3080577850341797e-06,-1.3464354196912609e-05,-4.895904339718982e-07,1.4449005902861245e-06,1.0]","[0.5859401822090149,-0.18378522992134094,-0.15396270155906677,0.2769147753715515,-7.030985926803623e-08,1.5239726280924515e-06,0.9608944058418274]","[[0.9999999999953452,2.8898143646102778e-06,9.791419586371424e-07,0.0],[-2.8897879965342202e-06,0.9999999996332468,-2.692870980864423e-05,0.0],[-9.792197772504502e-07,2.6928706979006205e-05,0.999999999636943,0.0],[2.477318048477173e-07,6.109476089477539e-07,-3.3080577850341797e-06,1.0]]","[[0.9999999999953452,2.8898138682089814e-06,9.791417768535928e-07,0.0],[-2.967693223751436e-06,0.8466364143572014,0.5321717170987259,0.0],[7.089003750688641e-07,-0.5321717170991545,0.8466364143618365,0.0],[0.5859401822090149,-0.18378522992134094,-0.15396270155906677,1.0]]",2652144.271572873
344,capture_closed_mid_open_mid_closed,74,587,588,-0.6,-0.6000000238418579,-0.5611907243728638,-0.07900048047304153,"[2.598389983177185e-07,5.811452865600586e-07,-3.2782554626464844e-06,-1.3403690900304355e-05,-4.550621781618247e-07,1.4396421192941489e-06,1.0]","[0.5859403610229492,-0.18378528952598572,-0.15396283566951752,0.2769148647785187,-3.858819397350999e-08,1.5093581851033377e-06,0.9608944654464722]","[[0.9999999999954406,2.879296437613851e-06,9.100857632877012e-07,0.0],[-2.8792720395627446e-06,0.999999999636537,-2.6807383110862068e-05,0.0],[-9.101629493595976e-07,2.680738049035535e-05,0.999999999640268,0.0],[2.598389983177185e-07,5.811452865600586e-07,-3.2782554626464844e-06,1.0]]","[[0.9999999999954406,2.8792965638518145e-06,9.100857995019236e-07,0.0],[-2.922039141916702e-06,0.8466363153248331,0.5321719219309572,0.0],[7.61769071419041e-07,-0.5321719219311901,0.8466363153293864,0.0],[0.5859403610229492,-0.18378528952598572,-0.15396283566951752,1.0]]",2652144.315995346
345,capture_closed_mid_open_mid_closed,75,588,589,-0.6,-0.6000000238418579,-0.5611909627914429,-0.07899628579616547,"[1.993030309677124e-07,5.21540641784668e-07,-3.2335519790649414e-06,-1.3349256732908543e-05,-4.2509941522439476e-07,1.4368031315825647e-06,1.0]","[0.5859405994415283,-0.18378527462482452,-0.15396305918693542,0.2769151031970978,-1.0583179665957232e-08,1.4983327218942577e-06,0.9608944058418274]","[[0.9999999999955098,2.873617612687591e-06,8.501604699410333e-07,0.0],[-2.8735949136426676e-06,0.9999999996394658,-2.6698514687385428e-05,0.0],[-8.502371909565458e-07,2.6698512244248745e-05,0.9999999996432333,0.0],[1.993030309677124e-07,5.21540641784668e-07,-3.2335519790649414e-06,1.0]]","[[0.9999999999955098,2.8736177765371976e-06,8.501605568879481e-07,0.0],[-2.8853403456946054e-06,0.8466360512381914,0.5321723471103754,0.0],[8.09483284339799e-07,-0.5321723471104389,0.8466360512426812,0.0],[0.5859405994415283,-0.18378527462482452,-0.15396305918693542,1.0]]",2652144.362782221
346,capture_closed_mid_open_mid_closed,76,589,590,-0.6,-0.6000000238418579,-0.561191201210022,-0.07899248600006104,"[4.256144165992737e-07,6.258487701416016e-07,-3.3974647521972656e-06,-1.3464878975355532e-05,-4.885798716713907e-07,1.4450953358391416e-06,1.0]","[0.5859405398368835,-0.18378514051437378,-0.15396296977996826,0.27691495418548584,-6.928462426003534e-08,1.5238798596328706e-06,0.9608943462371826]","[[0.999999999995346,2.890203829015967e-06,9.771208272751716e-07,0.0],[-2.8901775143405994e-06,0.9999999996332175,-2.6929759362800053e-05,0.0],[-9.771986594103913e-07,2.6929756538622075e-05,0.9999999996369167,0.0],[4.256144165992737e-07,6.258487701416016e-07,-3.3974647521972656e-06,1.0]]","[[0.999999999995346,2.890203185826421e-06,9.77120650494113e-07,0.0],[-2.9669469800373263e-06,0.8466362162922562,0.5321720277305124,0.0],[7.108198355635709e-07,-0.5321720277309347,0.846636216296891,0.0],[0.5859405398368835,-0.18378514051437378,-0.15396296977996826,1.0]]",2652144.406251778
347,capture_closed_mid_open_mid_closed,77,590,591,-0.6,-0.6000000238418579,-0.5611910820007324,-0.07899704575538635,"[2.6170164346694946e-07,5.811452865600586e-07,-3.3229589462280273e-06,-1.3403214325080626e-05,-4.5499334078158427e-07,1.4396805454452988e-06,1.0]","[0.5859405994415283,-0.18378522992134094,-0.15396305918693542,0.276915043592453,-3.851114271924416e-08,1.50937603393686e-06,0.9608944058418274]","[[0.9999999999954406,2.8793732876371235e-06,9.09948088869348e-07,0.0],[-2.8793488941440716e-06,0.9999999996365624,-2.6806429960251373e-05,0.0],[-9.10025274256989e-07,2.680642734007113e-05,0.9999999996402936,0.0],[2.6170164346694946e-07,5.811452865600586e-07,-3.3229589462280273e-06,1.0]]","[[0.9999999999954406,2.879373345113517e-06,9.099481436730547e-07,0.0],[-2.922030604173095e-06,0.8466361172598232,0.5321722325627515,0.0],[7.61927577267063e-07,-0.532172232562984,0.8466361172643767,0.0],[0.5859405994415283,-0.18378522992134094,-0.15396305918693542,1.0]]",2652144.450429364
348,capture_closed_mid_open_mid_closed,78,591,592,-0.6,-0.6000000238418579,-0.5611910820007324,-0.07899375259876251,"[3.1944364309310913e-07,5.513429641723633e-07,-3.3229589462280273e-06,-1.334885473625036e-05,-4.249946812251437e-07,1.4368116580953938e-06,1.0]","[0.5859407186508179,-0.18378524482250214,-0.1539631485939026,0.2769151031970978,-1.0480176726446189e-08,1.4983119172029546e-06,0.9608944058418274]","[[0.9999999999955099,2.873634662575314e-06,8.499510028700729e-07,0.0],[-2.873611969806261e-06,0.9999999996394873,-2.6697710693775343e-05,0.0],[-8.50027722030502e-07,2.6697708251226095e-05,0.9999999996432549,0.0],[3.1944364309310913e-07,5.513429641723633e-07,-3.3229589462280273e-06,1.0]]","[[0.9999999999955099,2.8736348404534693e-06,8.499510847247469e-07,0.0],[-2.88524331733238e-06,0.8466360512381915,0.5321723471103758,0.0],[8.096697119700435e-07,-0.5321723471104386,0.8466360512426812,0.0],[0.5859407186508179,-0.18378524482250214,-0.1539631485939026,1.0]]",2652144.496141823
349,capture_closed_mid_open_mid_closed,79,592,593,-0.6,-0.6000000238418579,-0.561191201210022,-0.07899164408445358,"[4.2654573917388916e-07,6.258487701416016e-07,-3.4123659133911133e-06,-1.3463840332406107e-05,-4.886807687398687e-07,1.4450195067183813e-06,1.0]","[0.5859405398368835,-0.18378514051437378,-0.15396298468112946,0.27691495418548584,-6.940256724874416e-08,1.5238349533319706e-06,0.9608943462371826]","[[0.9999999999953462,2.8900521724764503e-06,9.77322626455906e-07,0.0],[-2.890025854397075e-06,0.9999999996332738,-2.69276820771187e-05,0.0],[-9.774004485035686e-07,2.6927679252505728e-05,0.9999999996369724,0.0],[4.2654573917388916e-07,6.258487701416016e-07,-3.4123659133911133e-06,1.0]]","[[0.9999999999953462,2.890051565050501e-06,9.773224415436574e-07,0.0],[-2.9669259999706653e-06,0.8466362162922564,0.5321720277305121,0.0],[7.105683036090009e-07,-0.5321720277309351,0.8466362162968909,0.0],[0.5859405398368835,-0.18378514051437378,-0.15396298468112946,1.0]]",2652144.540427515
350,capture_closed_mid_open_mid_closed,80,593,594,-0.6,-0.6000000238418579,-0.5611910820007324,-0.07899750024080276,"[2.6170164346694946e-07,5.960464477539062e-07,-3.3229589462280273e-06,-1.3402361219050363e-05,-4.5485461441785446e-07,1.4396310916708899e-06,1.0]","[0.5859405994415283,-0.18378521502017975,-0.15396305918693542,0.276915043592453,-3.8391540613247344e-08,1.5092900866875425e-06,0.9608944058418274]","[[0.9999999999954411,2.879274375593469e-06,9.096706399238835e-07,0.0],[-2.8792499910900905e-06,0.9999999996366083,-2.6804723747746416e-05,0.0],[-9.097478177475344e-07,2.6804721128455035e-05,0.9999999996403396,0.0],[2.6170164346694946e-07,5.960464477539062e-07,-3.3229589462280273e-06,1.0]]","[[0.9999999999954411,2.879274411896175e-06,9.096706935113134e-07,0.0],[-2.9217991924661703e-06,0.8466361172598238,0.5321722325627518,0.0],[7.621098270836386e-07,-0.5321722325629836,0.8466361172643768,0.0],[0.5859405994415283,-0.18378521502017975,-0.15396305918693542,1.0]]",2652144.58401668
351,capture_closed_mid_open_mid_closed,81,594,595,-0.6,-0.6000000238418579,-0.5611910820007324,-0.07899409532546997,"[3.203749656677246e-07,5.513429641723633e-07,-3.3080577850341797e-06,-1.3348108041100204e-05,-4.247648064392706e-07,1.4367531093739672e-06,1.0]","[0.5859407186508179,-0.18378524482250214,-0.1539631336927414,0.2769151031970978,-1.0275496897804715e-08,1.4981919775891583e-06,0.9608944058418274]","[[0.9999999999955106,2.873517558360991e-06,8.494912570070766e-07,0.0],[-2.8734948791348776e-06,0.9999999996395275,-2.669621730276472e-05,0.0],[-8.495679687500059e-07,2.6696214861636095e-05,0.9999999996432952,0.0],[3.203749656677246e-07,5.513429641723633e-07,-3.3080577850341797e-06,1.0]]","[[0.9999999999955106,2.873517699717339e-06,8.494913071390228e-07,0.0],[-2.8848994608527676e-06,0.8466360512381922,0.5321723471103764,0.0],[8.099966371936404e-07,-0.5321723471104379,0.8466360512426812,0.0],[0.5859407186508179,-0.18378524482250214,-0.1539631336927414,1.0]]",2652144.630266673
352,capture_closed_mid_open_mid_closed,82,595,596,-0.6,-0.6000000238418579,-0.5611912608146667,-0.07899197190999985,"[4.246830940246582e-07,6.258487701416016e-07,-3.4123659133911133e-06,-1.3463244613376446e-05,-4.883803512711893e-07,1.444973463549104e-06,1.0]","[0.5859405398368835,-0.18378514051437378,-0.15396298468112946,0.27691495418548584,-6.912663508273909e-08,1.5237075103868847e-06,0.9608943462371826]","[[0.999999999995347,2.8899600774664752e-06,9.767217944799794e-07,0.0],[-2.889933776729941e-06,0.9999999996333062,-2.692649063814619e-05,0.0],[-9.767996106047777e-07,2.6926487815359595e-05,0.999999999637005,0.0],[4.246830940246582e-07,6.258487701416016e-07,-3.4123659133911133e-06,1.0]]","[[0.999999999995347,2.8899594661259144e-06,9.767215765125395e-07,0.0],[-2.9665282620736484e-06,0.8466362162922572,0.532172027730513,0.0],[7.1102800521092e-07,-0.5321720277309342,0.846636216296891,0.0],[0.5859405398368835,-0.18378514051437378,-0.15396298468112946,1.0]]",2652144.677284257
353,capture_closed_mid_open_mid_closed,83,596,597,-0.6,-0.6000000238418579,-0.5611911416053772,-0.07899706810712814,"[2.60770320892334e-07,6.109476089477539e-07,-3.293156623840332e-06,-1.3401856449490879e-05,-4.545899230379291e-07,1.4396104006664245e-06,1.0]","[0.5859405994415283,-0.18378521502017975,-0.15396305918693542,0.276915043592453,-3.8142921710004885e-08,1.5091968634806108e-06,0.9608944058418274]","[[0.9999999999954418,2.879232986030633e-06,9.091412591719923e-07,0.0],[-2.8792086166350653e-06,0.9999999996366356,-2.680371420784652e-05,0.0],[-9.092184329797241e-07,2.6803711590116994e-05,0.9999999996403672,0.0],[2.60770320892334e-07,6.109476089477539e-07,-3.293156623840332e-06,1.0]]","[[0.9999999999954418,2.879232949208963e-06,9.091412706678663e-07,0.0],[-2.921482344521241e-06,0.8466361172598244,0.5321722325627526,0.0],[7.625359902934404e-07,-0.5321722325629828,0.8466361172643768,0.0],[0.5859405994415283,-0.18378521502017975,-0.15396305918693542,1.0]]",2652144.721582573
354,capture_closed_mid_open_mid_closed,84,597,598,-0.6,-0.6000000238418579,-0.5611910820007324,-0.07899302989244461,"[3.1944364309310913e-07,5.364418029785156e-07,-3.337860107421875e-06,-1.33474904941977e-05,-4.2453515902707295e-07,1.4367146832228173e-06,1.0]","[0.5859407186508179,-0.18378525972366333,-0.15396316349506378,0.2769151031970978,-1.0065472011433485e-08,1.4980913647377747e-06,0.9608944058418274]","[[0.9999999999955113,2.8734406994036335e-06,8.490319649829915e-07,0.0],[-2.8734180334876356e-06,0.9999999996395607,-2.6694982208267192e-05,0.0],[-8.491086711253003e-07,2.669497976852361e-05,0.9999999996433285,0.0],[3.1944364309310913e-07,5.364418029785156e-07,-3.337860107421875e-06,1.0]]","[[0.9999999999955113,2.8734406611914056e-06,8.490319612259717e-07,0.0],[-2.8845897860745e-06,0.8466360512381929,0.532172347110377,0.0],[8.10344538234196e-07,-0.5321723471104374,0.8466360512426812,0.0],[0.5859407186508179,-0.18378525972366333,-0.15396316349506378,1.0]]",2652144.767914592
355,capture_closed_mid_open_mid_closed,85,598,599,-0.6,-0.6000000238418579,-0.561191201210022,-0.07899244874715805,"[4.246830940246582e-07,6.407499313354492e-07,-3.427267074584961e-06,-1.3462848983181175e-05,-4.881347877017106e-07,1.4449902892010869e-06,1.0]","[0.5859405398368835,-0.18378514051437378,-0.15396299958229065,0.27691495418548584,-6.888602399612864e-08,1.5236556691888836e-06,0.9608943462371826]","[[0.9999999999953475,2.8899937217720344e-06,9.762306680313298e-07,0.0],[-2.889967435032313e-06,0.9999999996333274,-2.6925699377062404e-05,0.0],[-9.763084827755126e-07,2.6925696555662295e-05,0.9999999996370268,0.0],[4.246830940246582e-07,6.407499313354492e-07,-3.427267074584961e-06,1.0]]","[[0.9999999999953475,2.889993095913842e-06,9.762304616410688e-07,0.0],[-2.966295376629475e-06,0.8466362162922575,0.5321720277305136,0.0],[7.114616976705131e-07,-0.5321720277309335,0.846636216296891,0.0],[0.5859405398368835,-0.18378514051437378,-0.15396299958229065,1.0]]",2652144.814683823
356,capture_closed_mid_open_mid_closed,86,599,600,-0.6,-0.6000000238418579,-0.5611910223960876,-0.07899782806634903,"[2.60770320892334e-07,5.960464477539062e-07,-3.293156623840332e-06,-1.3401499927567784e-05,-4.544524188077048e-07,1.4395993730431655e-06,1.0]","[0.5859405994415283,-0.18378522992134094,-0.15396305918693542,0.276915043592453,-3.8013844516626705e-08,1.509148205514066e-06,0.9608944058418274]","[[0.9999999999954421,2.8792109267744464e-06,9.088662520336225e-07,0.0],[-2.8791865653982158e-06,0.9999999996366548,-2.6803001163594402e-05,0.0],[-9.089434231971967e-07,2.6802998546676733e-05,0.9999999996403865,0.0],[2.60770320892334e-07,5.960464477539062e-07,-3.293156623840332e-06,1.0]]","[[0.9999999999954421,2.87921092570652e-06,9.088662633159348e-07,0.0],[-2.9213173473522736e-06,0.8466361172598247,0.532172232562753,0.0],[7.627571011536643e-07,-0.5321722325629824,0.8466361172643768,0.0],[0.5859405994415283,-0.18378522992134094,-0.15396305918693542,1.0]]",2652144.861328858
357,capture_closed_mid_open_mid_closed,87,600,601,-0.6,-0.6000000238418579,-0.5611910223960876,-0.07899365574121475,"[3.1944364309310913e-07,5.513429641723633e-07,-3.3229589462280273e-06,-1.3347351341508329e-05,-4.2434118086021044e-07,1.436735601600958e-06,1.0]","[0.5859407186508179,-0.18378525972366333,-0.1539631485939026,0.2769151031970978,-9.873289741335611e-09,1.4980578271206468e-06,0.9608944058418274]","[[0.9999999999955115,2.873482530863575e-06,8.486440084907021e-07,0.0],[-2.873459875540257e-06,0.999999999639568,-2.6694703902348822e-05,0.0],[-8.487207149501397e-07,2.6694701463684494e-05,0.9999999996433363,0.0],[3.1944364309310913e-07,5.513429641723633e-07,-3.3229589462280273e-06,1.0]]","[[0.9999999999955115,2.8734826453203522e-06,8.486440533440777e-07,0.0],[-2.8844188975108194e-06,0.846636051238193,0.5321723471103776,0.0],[8.106952978252582e-07,-0.5321723471104367,0.8466360512426812,0.0],[0.5859407186508179,-0.18378525972366333,-0.1539631485939026,1.0]]",2652144.908624723
358,capture_closed_mid_open_mid_closed,88,601,602,-0.6,-0.6000000238418579,-0.5611911416053772,-0.07899188250303268,"[4.246830940246582e-07,6.407499313354492e-07,-3.427267074584961e-06,-1.3462577953760047e-05,-4.880126311945787e-07,1.4449576610786607e-06,1.0]","[0.5859405398368835,-0.18378514051437378,-0.15396299958229065,0.27691495418548584,-6.877767333435258e-08,1.5235905266308691e-06,0.9608943462371826]","[[0.9999999999953478,2.889928461973501e-06,9.759863566788532e-07,0.0],[-2.889902182341142e-06,0.9999999996333422,-2.6925157317835273e-05,0.0],[-9.760641680994617e-07,2.6925154497204913e-05,0.9999999996370417,0.0],[4.246830940246582e-07,6.407499313354492e-07,-3.427267074584961e-06,1.0]]","[[0.9999999999953478,2.8899279135195344e-06,9.759861566675092e-07,0.0],[-2.9661101785610007e-06,0.8466362162922579,0.532172027730514,0.0],[7.116338468502003e-07,-0.5321720277309332,0.8466362162968911,0.0],[0.5859405398368835,-0.18378514051437378,-0.15396299958229065,1.0]]",2652144.955490148
359,capture_closed_mid_open_mid_closed,89,602,603,-0.6,-0.6000000238418579,-0.5611909627914429,-0.0789981335401535,"[2.60770320892334e-07,5.960464477539062e-07,-3.293156623840332e-06,-1.3401234355114866e-05,-4.543421709968243e-07,1.4395835705727222e-06,1.0]","[0.5859405994415283,-0.18378522992134094,-0.15396305918693542,0.276915043592453,-3.791229374883187e-08,1.5091025034053018e-06,0.9608944058418274]","[[0.9999999999954423,2.8791793186372666e-06,9.086457576000425e-07,0.0],[-2.8791549636536224e-06,0.9999999996366691,-2.680247001835678e-05,0.0],[-9.087229263872546e-07,2.6802467402102684e-05,0.999999999640401,0.0],[2.60770320892334e-07,5.960464477539062e-07,-3.293156623840332e-06,1.0]]","[[0.9999999999954423,2.8791793377758083e-06,9.086457929836875e-07,0.0],[-2.921173275680399e-06,0.8466361172598249,0.5321722325627533,0.0],[7.62926949080149e-07,-0.5321722325629822,0.8466361172643768,0.0],[0.5859405994415283,-0.18378522992134094,-0.15396305918693542,1.0]]",2652145.002968119
360,capture_closed_mid_open_mid_closed,0,603,604,0.0,0.0,-0.5412834286689758,2.00008225440979,"[9.778887033462524e-08,1.8909573554992676e-05,4.2825937271118164e-05,0.00012949417578056455,1.1684350283758249e-05,-1.3380096788750961e-05,0.9999999403953552]","[0.585931122303009,-0.1837402731180191,-0.15398359298706055,0.26747453212738037,7.681869647058193e-06,-1.6016863810364157e-05,0.963564932346344]","[[0.9999999993688979,-2.6757165871851036e-05,-2.337216446384445e-05,0.0],[2.6763218093089145e-05,0.9999999661044628,0.000258988023448745,0.0],[2.3365233885422356e-05,-0.0002589886487996958,0.9999999661894688,0.0],[9.778887033462524e-08,1.8909573554992676e-05,4.2825937271118164e-05,1.0]]","[[0.9999999993688979,-2.675716760824746e-05,-2.337216672117237e-05,0.0],[3.497598556708912e-05,0.8569147488133981,0.5154581586612996,0.0],[6.235754105871874e-06,-0.5154581591534575,0.8569147492084557,0.0],[0.585931122303009,-0.1837402731180191,-0.15398359298706055,1.0]]",2652145.051494227
361,capture_closed_mid_open_mid_closed,1,604,605,0.0,0.0,-0.5079442858695984,2.0000014305114746,"[1.341104507446289e-07,-7.523596286773682e-05,-2.0444393157958984e-05,1.840028751587397e-08,7.483348696268877e-08,2.477690275171085e-09,1.0]","[0.5859395265579224,-0.18385860323905945,-0.15398550033569336,0.2512507140636444,7.305549587499627e-08,-1.6403753022586898e-08,0.9679219722747803]","[[0.9999999999999888,4.955383304257522e-09,-1.496669738341971e-07,0.0],[-4.955377796426818e-09,0.9999999999999993,3.6800575402576343e-08,0.0],[1.4966697401655796e-07,-3.6800574660919536e-08,0.9999999999999881,0.0],[1.341104507446289e-07,-7.523596286773682e-05,-2.0444393157958984e-05,1.0]]","[[0.9999999999999888,4.955385053071485e-09,-1.4966694862617417e-07,0.0],[6.846559696639428e-08,0.873746157365017,0.48638217338385675,0.0],[1.3318112998517968e-07,-0.4863821733838615,0.8737461573650069,0.0],[0.5859395265579224,-0.18385860323905945,-0.15398550033569336,1.0]]",2652145.096900583
362,capture_closed_mid_open_mid_closed,2,605,606,0.0,0.0,-0.47460612654685974,2.0000016689300537,"[-4.190951585769653e-08,-7.453560829162598e-05,-1.7270445823669434e-05,4.2237130060129857e-07,8.286217223485437e-08,-9.490145558288532e-09,1.0]","[0.5859394073486328,-0.18385779857635498,-0.15398257970809937,0.23508243262767792,7.830904280581308e-08,-2.8703595944534754e-08,0.9719753861427307]","[[0.9999999999999861,-1.898022111937015e-08,-1.65724352486439e-07,0.0],[1.898036111378398e-08,0.9999999999996431,8.44742599629849e-07,0.0],[1.6572433645297849e-07,-8.447426027753453e-07,0.9999999999996295,0.0],[-4.190951585769653e-08,-7.453560829162598e-05,-1.7270445823669434e-05,1.0]]","[[0.9999999999999861,-1.8980216944677176e-08,-1.6572434655890195e-07,0.0],[9.261653806281917e-08,0.8894724997397049,0.45698867645731495,0.0],[1.3873350191968923e-07,-0.45698867645732394,0.8894724997396943,0.0],[0.5859394073486328,-0.18385779857635498,-0.15398257970809937,1.0]]",2652145.139630862
363,capture_closed_mid_open_mid_closed,3,606,607,0.0,0.0,-0.44126859307289124,2.0000011920928955,"[6.426125764846802e-08,-7.478892803192139e-05,-1.4781951904296875e-05,-1.1173179359502683e-07,5.764018951026628e-08,4.591584001900628e-08,1.0]","[0.5859394669532776,-0.18385812640190125,-0.15397988259792328,0.21884852647781372,6.629154114534686e-08,3.2188310683523014e-08,0.9757587909698486]","[[0.9999999999999891,9.183166715752905e-08,-1.1528038928105088e-07,0.0],[-9.183169291849608e-08,0.9999999999999708,-2.2346358189685821e-07,0.0],[1.1528036876001424e-07,2.234635924832491e-07,0.9999999999999684,0.0],[6.426125764846802e-08,-7.478892803192139e-05,-1.4781951904296875e-05,1.0]]","[[0.9999999999999891,9.18316664270376e-08,-1.1528037935322508e-07,0.0],[-3.380044203662752e-08,0.9042106449169772,0.4270867472030531,0.0],[1.434578368048214e-07,-0.42708674720304457,0.9042106449169706,0.0],[0.5859394669532776,-0.18385812640190125,-0.15397988259792328,1.0]]",2652145.183392816
364,capture_closed_mid_open_mid_closed,4,607,608,0.0,0.0,-0.4079313576221466,2.0000011920928955,"[-7.171183824539185e-08,-7.547438144683838e-05,-1.2233853340148926e-05,2.8018322950629226e-07,9.69334408296163e-08,-1.874492339126732e-09,0.9999999403953552]","[0.5859395265579224,-0.183858722448349,-0.153977632522583,0.20255456864833832,9.454443272716162e-08,-2.1469920952199573e-08,0.9792709946632385]","[[0.9999999999999812,-3.748930136547567e-09,-1.9386687115426864e-07,0.0],[3.749038773045561e-09,0.999999999999843,5.603664252487388e-07,0.0],[1.9386686905346334e-07,-5.603664259755428e-07,0.9999999999998243,0.0],[-7.171183824539185e-08,-7.547438144683838e-05,-1.2233853340148926e-05,1.0]]","[[0.9999999999999812,-3.748928114099037e-09,-1.938669025079718e-07,0.0],[8.035055527070729e-08,0.9179432934393703,0.39671162782767894,0.0],[1.76471580198425e-07,-0.39671162782768704,0.9179432934393533,0.0],[0.5859395265579224,-0.183858722448349,-0.153977632522583,1.0]]",2652145.228617546
365,capture_closed_mid_open_mid_closed,5,608,609,0.0,0.0,-0.3745947480201721,2.000000476837158,"[1.564621925354004e-07,-7.557868957519531e-05,-9.98377799987793e-06,1.1655946252631111e-07,7.306611848889588e-08,2.1968830310470366e-08,0.9999999403953552]","[0.5859394669532776,-0.18385885655879974,-0.15397511422634125,0.18620413541793823,7.58789582278041e-08,7.979412686154319e-09,0.9825109839439392]","[[0.9999999999999883,4.393767503514708e-08,-1.4613222314628157e-07,0.0],[-4.393764096895708e-08,0.9999999999999719,2.3311891436800582e-07,0.0],[1.461322333889818e-07,-2.3311890794729718e-07,0.9999999999999621,0.0],[1.564621925354004e-07,-7.557868957519531e-05,-9.98377799987793e-06,1.0]]","[[0.9999999999999883,4.393767284558069e-08,-1.4613222053734516e-07,0.0],[1.2578230407307766e-08,0.9306560399065161,0.3658952166078192,0.0],[1.5207541909881833e-07,-0.36589521660781676,0.9306560399065047,0.0],[0.5859394669532776,-0.18385885655879974,-0.15397511422634125,1.0]]",2652145.27195923
366,capture_closed_mid_open_mid_closed,6,609,610,0.0,0.0,-0.3412584662437439,2.000002861022949,"[-1.2852251529693604e-07,-7.614493370056152e-05,-7.286667823791504e-06,5.054531015957764e-07,1.0907773884127892e-07,-2.530668474776121e-08,1.0]","[0.5859395265579224,-0.18385940790176392,-0.15397274494171143,0.1698029339313507,1.0319659082824728e-07,-4.346085091810892e-08,0.9854780435562134]","[[0.9999999999999749,-5.06132592281596e-08,-2.1815550326524242e-07,0.0],[5.061347976288524e-08,0.9999999999994877,1.0109061976707608e-06,0.0],[2.1815545209987324e-07,-1.0109062087123448e-06,0.9999999999994652,0.0],[-1.2852251529693604e-07,-7.614493370056152e-05,-7.286667823791504e-06,1.0]]","[[0.9999999999999749,-5.061326087943346e-08,-2.1815550885628027e-07,0.0],[1.2070559645683148e-07,0.9423339272566069,0.3346741262415359,0.0],[1.8863638886808855e-07,-0.3346741262415539,0.9423339272565894,0.0],[0.5859395265579224,-0.18385940790176392,-0.15397274494171143,1.0]]",2652145.316592292
367,capture_closed_mid_open_mid_closed,7,610,611,0.0,0.0,-0.3079228103160858,2.0000011920928955,"[2.1420419216156006e-07,-7.617473602294922e-05,-4.813075065612793e-06,1.5080462389960303e-07,8.500938974975725e-08,1.4117930824397718e-08,0.9999999403953552]","[0.5859395265579224,-0.1838594526052475,-0.15396998822689056,0.1533539891242981,8.616887470225265e-08,9.144160983964866e-10,0.9881712198257446]","[[0.9999999999999851,2.823588560542503e-08,-1.7001876510750704e-07,0.0],[-2.8235834326188833e-08,0.9999999999999541,3.0160923222220737e-07,0.0],[1.7001877362370403e-07,-3.016092274215806e-07,0.99999999999994,0.0],[2.1420419216156006e-07,-7.617473602294922e-05,-4.813075065612793e-06,1.0]]","[[0.9999999999999851,2.8235880690646025e-08,-1.7001874533825634e-07,0.0],[2.4621482005123008e-08,0.9529651080393293,0.3030799969962034,0.0],[1.7057966276389066e-07,-0.3030799969962031,0.9529651080393144,0.0],[0.5859395265579224,-0.1838594526052475,-0.15396998822689056,1.0]]",2652145.362266538
368,capture_closed_mid_open_mid_closed,8,611,612,0.0,0.0,-0.2745875418186188,2.000002384185791,"[6.612390279769897e-08,-7.62641429901123e-05,-2.1904706954956055e-06,1.6589301310432347e-07,9.406081602492122e-08,1.0660108351601139e-08,0.9999999403953552]","[0.5859394073486328,-0.18385957181453705,-0.15396739542484283,0.13686293363571167,9.463467876003051e-08,-2.313628399974732e-09,0.99058997631073]","[[0.9999999999999821,2.1320246640482706e-08,-1.881216173000444e-07,0.0],[-2.132018422435396e-08,0.9999999999999447,3.317860084380557e-07,0.0],[1.8812162437379438e-07,-3.3178600442726173e-07,0.9999999999999273,0.0],[6.612390279769897e-08,-7.62641429901123e-05,-2.1904706954956055e-06,1.0]]","[[0.9999999999999821,2.1320245313696293e-08,-1.881216283224712e-07,0.0],[3.04876737213875e-08,0.9625370747932536,0.2711501003760328,0.0],[1.8685502844181745e-07,-0.2711501003760337,0.9625370747932357,0.0],[0.5859394073486328,-0.18385957181453705,-0.15396739542484283,1.0]]",2652145.408100389
369,capture_closed_mid_open_mid_closed,9,612,613,0.0,0.0,-0.24125277996063232,2.0000016689300537,"[-1.2665987014770508e-07,-7.638335227966309e-05,4.6193599700927734e-07,3.6397207736627024e-07,1.1456067738890852e-07,-1.9145911522855386e-08,1.0]","[0.5859394669532776,-0.1838596612215042,-0.15396501123905182,0.12033433467149734,1.11424313331554e-07,-3.279232885233796e-08,0.9927334189414978]","[[0.999999999999973,-3.82917396519353e-08,-2.2912136871497142e-07,0.0],[3.829190643948624e-08,0.9999999999997343,7.279441503458033e-07,0.0],[2.2912134084066264e-07,-7.279441591192776e-07,0.9999999999997088,0.0],[-1.2665987014770508e-07,-7.638335227966309e-05,4.6193599700927734e-07,1.0]]","[[0.999999999999973,-3.8291740251308766e-08,-2.291213652032347e-07,0.0],[9.192442269523278e-08,0.971039295798334,0.23891983094896466,0.0],[2.1333719290413457e-07,-0.23891983094897926,0.9710392957983113,0.0],[0.5859394669532776,-0.1838596612215042,-0.15396501123905182,1.0]]",2652145.452523492
370,capture_closed_mid_open_mid_closed,10,613,614,0.0,0.0,-0.20794562995433807,2.000001907348633,"[-2.514570951461792e-08,-7.627904415130615e-05,3.069639205932617e-06,8.829301734181172e-09,4.7411912618144925e-08,1.5860356583630164e-08,1.0]","[0.5859396457672119,-0.18385964632034302,-0.1539621651172638,0.1037854552268982,4.880195092482609e-08,1.0854039445007402e-08,0.9945996999740601]","[[0.999999999999995,3.172071400448849e-08,-9.48238249562181e-08,0.0],[-3.1720712330032164e-08,0.9999999999999993,1.7658604972302025e-08,0.0],[9.48238255163616e-08,-1.7658601964422662e-08,0.9999999999999953,0.0],[-2.514570951461792e-08,-7.627904415130615e-05,3.069639205932617e-06,1.0]]","[[0.999999999999995,3.172071413640959e-08,-9.482382864626005e-08,0.0],[-1.1460983365634309e-08,0.9784571585666908,0.20644996526068943,0.0],[9.932979434566326e-08,-0.20644996526068732,0.9784571585666862,0.0],[0.5859396457672119,-0.18385964632034302,-0.1539621651172638,1.0]]",2652145.495487246
371,capture_closed_mid_open_mid_closed,11,614,615,0.0,0.0,-0.17519450187683105,1.9263311624526978,"[2.60770320892334e-08,-7.869303226470947e-05,3.7997961044311523e-06,-6.812050742155407e-06,-6.144529152152245e-07,9.531199225421005e-07,1.0]","[0.5859402418136597,-0.1838630586862564,-0.15395812690258026,0.08747844398021698,-5.287130875331059e-07,1.0032209729615715e-06,0.9961664080619812]","[[0.9999999999974281,1.9062482164530752e-06,1.2288928450278977e-06,0.0],[-1.906231473715327e-06,0.999999999905375,-1.3624102655605444e-05,0.0],[-1.2289188158330003e-06,1.3624100313016183e-05,0.9999999999064368,0.0],[2.60770320892334e-08,-7.869303226470947e-05,3.7997961044311523e-06,1.0]]","[[0.9999999999974281,1.9062480698364046e-06,1.228892853972423e-06,0.0],[-2.091252062673894e-06,0.9846950436755871,0.17428617464418714,0.0],[-8.778520152404326e-07,-0.17428617464630883,0.984695043677041,0.0],[0.5859402418136597,-0.1838630586862564,-0.15395812690258026,1.0]]",2652145.542616082
372,capture_closed_mid_open_mid_closed,12,615,616,0.0,0.0,-0.14300909638404846,1.841882348060608,"[2.8312206268310547e-07,-7.034838199615479e-05,2.5331974029541016e-06,-1.6365167539333925e-05,-1.5889672795310616e-06,2.360802227485692e-06,1.0]","[0.5859408974647522,-0.18385601043701172,-0.15395453572273254,0.07142715156078339,-1.4162428669806104e-06,2.46829063144105e-06,0.9974457621574402]","[[0.9999999999838036,4.7216564624028725e-06,3.177857289214163e-06,0.0],[-4.721552447539896e-06,0.9999999994532158,-3.2730342581142836e-05,0.0],[-3.1780118289100836e-06,3.273032757619286e-05,0.999999999459313,0.0],[2.8312206268310547e-07,-7.034838199615479e-05,2.5331974029541016e-06,1.0]]","[[0.9999999999838036,4.72165567239417e-06,3.1778568297670295e-06,0.0],[-5.12628844802098e-06,0.9897963240276408,0.14248941924756975,0.0],[-2.472644953655023e-06,-0.14248941926155256,0.9897963240358143,0.0],[0.5859408974647522,-0.18385601043701172,-0.15395453572273254,1.0]]",2652145.589764095
373,capture_closed_mid_open_mid_closed,13,616,617,0.0,0.0,-0.1116776317358017,1.7451303005218506,"[1.94646418094635e-07,-6.349384784698486e-05,5.811452865600586e-07,-2.306667374796234e-05,-1.9220472040615277e-06,3.3198532491951482e-06,1.0]","[0.5859413146972656,-0.18385009467601776,-0.1539536416530609,0.05578678846359253,-1.7337708868581103e-06,3.421947894821642e-06,0.9984426498413086]","[[0.9999999999705687,6.639795168861865e-06,3.843941252179475e-06,0.0],[-6.639617827918728e-06,0.9999999989138143,-4.6133360257753994e-05,0.0],[-3.844247564066636e-06,4.613333473409537e-05,0.9999999989284686,0.0],[1.94646418094635e-07,-6.349384784698486e-05,5.811452865600586e-07,1.0]]","[[0.9999999999705687,6.639794428030238e-06,3.843940563668356e-06,0.0],[-7.026680466868193e-06,0.9937756684424173,0.111399817787586,0.0],[-3.080342630300953e-06,-0.11139981781131748,0.9937756684598248,0.0],[0.5859413146972656,-0.18385009467601776,-0.1539536416530609,1.0]]",2652145.634875138
374,capture_closed_mid_open_mid_closed,14,617,618,0.0,0.0,-0.08266045153141022,1.573988914489746,"[2.0302832126617432e-07,-5.905330181121826e-05,9.387731552124023e-07,-3.071260289289057e-05,-2.481462615833152e-06,4.465128313313471e-06,0.9999999403953552]","[0.5859421491622925,-0.1838466078042984,-0.15395000576972961,0.041287727653980255,-2.2948513560550055e-06,4.563845322991256e-06,0.9991472363471985]","[[0.99999999994781,8.930408518693995e-06,4.962650664427403e-06,0.0],[-8.930103669990342e-06,0.9999999980735973,-6.142522428465155e-05,0.0],[-4.963199207278414e-06,6.14251799644556e-05,0.9999999981011567,0.0],[2.0302832126617432e-07,-5.905330181121826e-05,9.387731552124023e-07,1.0]]","[[0.99999999994781,8.930408487575268e-06,4.962650385961068e-06,0.0],[-9.309405278755934e-06,0.9965906470486842,0.08250503794011366,0.0],[-4.20892717495885e-06,-0.08250503798200703,0.9965906470798088,0.0],[0.5859421491622925,-0.1838466078042984,-0.15395000576972961,1.0]]",2652145.680566958
375,capture_closed_mid_open_mid_closed,15,618,619,0.0,0.0,-0.05685536935925484,1.3655750751495361,"[6.183981895446777e-07,-4.838407039642334e-05,4.172325134277344e-07,-3.584782825782895e-05,-2.756768481049221e-06,5.1617917051771656e-06,0.9999999403953552]","[0.5859426856040955,-0.18383671343326569,-0.15394820272922516,0.028387917205691338,-2.6089371658599703e-06,5.238063749857247e-06,0.9995969533920288]","[[0.9999999999315122,1.0323780443346919e-05,5.51316655542093e-06,0.0],[-1.03233851466947e-05,0.9999999973765782,-7.169568070199311e-05,0.0],[-5.5139067115111295e-06,7.169562378253441e-05,0.9999999974146668,0.0],[6.183981895446777e-07,-4.838407039642334e-05,4.172325134277344e-07,1.0]]","[[0.9999999999315122,1.0323780547542493e-05,5.513166725267882e-06,0.0],[-1.0620029716579627e-05,0.998388252258571,0.05675295107657687,0.0],[-4.91837584507156e-06,-0.056752951131239994,0.9983882522998325,0.0],[0.5859426856040955,-0.18383671343326569,-0.15394820272922516,1.0]]",2652145.726484436
376,capture_closed_mid_open_mid_closed,16,619,620,0.0,0.0,-0.03465217351913452,1.1455656290054321,"[2.5425106287002563e-07,-3.71783971786499e-05,-9.238719940185547e-07,-3.551958070602268e-05,-2.980563522214652e-06,5.281468475004658e-06,1.0]","[0.5859424471855164,-0.1838253140449524,-0.15394935011863708,0.017289547249674797,-2.8886142899864353e-06,5.332313776307274e-06,0.9998504519462585]","[[0.9999999999264446,1.056314868674247e-05,5.960751853337816e-06,0.0],[-1.0562725213276162e-05,0.9999999974209309,-7.103919289554992e-05,0.0],[-5.9615022355207925e-06,7.10391299285408e-05,0.9999999974589513,0.0],[2.5425106287002563e-07,-3.71783971786499e-05,-9.238719940185547e-07,1.0]]","[[0.9999999999264447,1.0563147011814564e-05,5.960751188653829e-06,0.0],[-1.0762918344825789e-05,0.9994021430549354,0.03457392323226108,0.0],[-5.591978024711603e-06,-0.03457392329387307,0.9994021430951143,0.0],[0.5859424471855164,-0.1838253140449524,-0.15394935011863708,1.0]]",2652145.773231396
377,capture_closed_mid_open_mid_closed,17,620,621,0.0,0.0,-0.0160883329808712,0.9315596222877502,"[1.2759119272232056e-07,-2.6717782020568848e-05,-2.518296241760254e-06,-3.4686974686337635e-05,-3.2402110718976473e-06,5.27270231032162e-06,0.9999999403953552]","[0.5859425067901611,-0.18381455540657043,-0.15395109355449677,0.008009325712919235,-3.1976928767107893e-06,5.298596079228446e-06,0.9999679327011108]","[[0.9999999999233993,1.0545628778327002e-05,6.480055969348901e-06,0.0],[-1.0545179205849284e-05,0.9999999975380248,-6.937397940700247e-05,0.0],[-6.4807875457151684e-06,6.937391106832885e-05,0.9999999975726296,0.0],[1.2759119272232056e-07,-2.6717782020568848e-05,-2.518296241760254e-06,1.0]]","[[0.9999999999233993,1.0545629607569644e-05,6.480057034314587e-06,0.0],[-1.0648075062687477e-05,0.9998717013470985,0.01601813771706883,0.0],[-6.310304307035637e-06,-0.016018137784841964,0.9998717013827982,0.0],[0.5859425067901611,-0.18381455540657043,-0.15395109355449677,1.0]]",2652145.814149353
378,capture_closed_mid_open_mid_closed,18,621,622,0.0,0.0,-0.0009654379682615399,0.7340943813323975,"[-1.6763806343078613e-07,-1.7628073692321777e-05,-4.112720489501953e-06,-3.330896652187221e-05,-3.375055484866607e-06,5.206437890592497e-06,0.9999999403953552]","[0.5859423279762268,-0.18380512297153473,-0.15395303070545197,0.00044926226837560534,-3.372542778379284e-06,5.208066340856021e-06,0.9999998807907104]","[[0.999999999923004,1.0413099999749541e-05,6.749763725264455e-06,0.0],[-1.0412650321308922e-05,0.9999999977268115,-6.66179642170397e-05,0.0],[-6.75045740952604e-06,6.661789392897266e-05,0.9999999977582436,0.0],[-1.6763806343078613e-07,-1.7628073692321777e-05,-4.112720489501953e-06,1.0]]","[[0.999999999923004,1.0413101127574649e-05,6.749764328077998e-06,0.0],[-1.0419161752449882e-05,0.9999995962725805,0.000898524394509886,0.0],[-6.740405177285423e-06,-0.0008985244647675921,0.9999995963040803,0.0],[0.5859423279762268,-0.18380512297153473,-0.15395303070545197,1.0]]",2652145.855361271
379,capture_closed_mid_open_mid_closed,19,622,623,0.0,0.0,0.011049151420593262,0.5590423941612244,"[9.685754776000977e-08,-1.0773539543151855e-05,-4.798173904418945e-06,-3.1518517062067986e-05,-2.7721794140234124e-06,4.769738552568015e-06,1.0]","[0.5859423875808716,-0.18379828333854675,-0.15395516157150269,-0.005556119605898857,-2.7984881398879224e-06,4.7543508117087185e-06,0.9999845623970032]","[[0.9999999999391292,9.53965185510435e-06,5.544058157874924e-06,0.0],[-9.539302355167709e-06,0.9999999979676654,-6.303706056927803e-05,0.0],[-5.544659498218726e-06,6.303700767899392e-05,0.9999999979977962,0.0],[9.685754776000977e-08,-1.0773539543151855e-05,-4.798173904418945e-06,1.0]]","[[0.9999999999391292,9.539652301498574e-06,5.544058392361543e-06,0.0],[-9.477457362214945e-06,0.9999382590246422,-0.011112067692070345,0.0],[-5.649721359394567e-06,0.011112067638850368,0.9999382590541869,0.0],[0.5859423875808716,-0.18379828333854675,-0.15395516157150269,1.0]]",2652145.898420016
380,capture_closed_mid_open_mid_closed,20,623,624,0.0,0.0,0.020354153588414192,0.40884673595428467,"[2.8777867555618286e-07,-6.064772605895996e-06,-5.513429641723633e-06,-2.961155587399844e-05,-2.7240826057095546e-06,4.6569739424739964e-06,1.0]","[0.5859421491622925,-0.1837931126356125,-0.15395638346672058,-0.010206500999629498,-2.7713349481928162e-06,4.629009708878584e-06,0.9999478459358215]","[[0.9999999999417839,9.314109213596562e-06,5.4478894109309065e-06,0.0],[-9.313786556299424e-06,0.9999999982029367,-5.92231371199603e-05,0.0],[-5.448441011907312e-06,5.922308637603346e-05,0.9999999982314702,0.0],[2.8777867555618286e-07,-6.064772605895996e-06,-5.513429641723633e-06,1.0]]","[[0.9999999999417839,9.314107840256365e-06,5.4478888391822085e-06,0.0],[-9.200965308580213e-06,0.9997916546318336,-0.020411937403899724,0.0],[-5.636872808066064e-06,0.020411937352585577,0.9997916546593285,0.0],[0.5859421491622925,-0.1837931126356125,-0.15395638346672058,1.0]]",2652145.940202841
381,capture_closed_mid_open_mid_closed,21,624,625,0.0,0.0,0.027368012815713882,0.28357699513435364,"[5.122274160385132e-08,-3.2335519790649414e-06,-5.558133125305176e-06,-2.7159656383446418e-05,-2.478012675055652e-06,4.2704205043264665e-06,1.0]","[0.585941731929779,-0.18378996849060059,-0.15395760536193848,-0.01371061336249113,-2.5362146516272333e-06,4.236112545186188e-06,0.9999059438705444]","[[0.9999999999512459,8.54097561259847e-06,4.9557933838042835e-06,0.0],[-8.540706404707396e-06,0.9999999984882332,-5.431933393120511e-05,0.0],[-4.956257316418324e-06,5.431929160258056e-05,0.999999998512425,0.0],[5.122274160385132e-08,-3.2335519790649414e-06,-5.558133125305176e-06,1.0]]","[[0.9999999999512459,8.54097434265799e-06,4.955792807653173e-06,0.0],[-8.401882108687008e-06,0.9996240381265593,-0.027418647612018968,0.0],[-5.1881116127213575e-06,0.027418647569044205,0.9996240381495838,0.0],[0.585941731929779,-0.18378996849060059,-0.15395760536193848,1.0]]",2652145.984389794
382,capture_closed_mid_open_mid_closed,22,625,626,0.0,0.0,0.03249525651335716,0.18180088698863983,"[5.587935447692871e-09,-1.430511474609375e-06,-5.319714546203613e-06,-2.505039628886152e-05,-2.2917529349797405e-06,4.00697626901092e-06,1.0]","[0.5859416723251343,-0.18378783762454987,-0.1539584994316101,-0.01627187244594097,-2.35655102187593e-06,3.969213594245957e-06,0.9998675584793091]","[[0.999999999957384,8.014067356660275e-06,4.583305117272564e-06,0.0],[-8.013837719383406e-06,0.9999999987128436,-5.0100810943722294e-05,0.0],[-4.583706622646398e-06,5.010077421172379e-05,0.999999998734451,0.0],[5.587935447692871e-09,-1.430511474609375e-06,-5.319714546203613e-06,1.0]]","[[0.999999999957384,8.014066806403811e-06,4.583304758717484e-06,0.0],[-7.860684815842542e-06,0.9994704523026967,-0.03253943476752679,0.0],[-4.841650907982544e-06,0.03253943473011218,0.9994704523230994,0.0],[0.5859416723251343,-0.18378783762454987,-0.1539584994316101,1.0]]",2652146.031399032
383,capture_closed_mid_open_mid_closed,23,626,627,0.0,0.0,0.03610889986157417,0.10116574168205261,"[1.1082738637924194e-07,-5.662441253662109e-07,-5.230307579040527e-06,-2.2969958081375808e-05,-2.0871873402938945e-06,3.689274763019057e-06,1.0]","[0.5859415531158447,-0.18378669023513794,-0.15395939350128174,-0.018076332286000252,-2.153451077901991e-06,3.6509925394057063e-06,0.9998365640640259]","[[0.9999999999640659,7.378645411249543e-06,4.174205195614474e-06,0.0],[-7.378453640826685e-06,0.9999999989175405,-4.593993156316678e-05,0.0],[-4.174544165561104e-06,4.593990076233645e-05,0.9999999989360493,0.0],[1.1082738637924194e-07,-5.662441253662109e-07,-5.230307579040527e-06,1.0]]","[[0.9999999999640659,7.378644666537192e-06,4.1742051445869886e-06,0.0],[-7.2229386775539845e-06,0.9993464923955128,-0.03614675594315269,0.0],[-4.43819136185101e-06,0.03614675591170375,0.9993464924128975,0.0],[0.5859415531158447,-0.18378669023513794,-0.15395939350128174,1.0]]",2652146.078487081
384,capture_closed_mid_open_mid_closed,24,627,628,0.0,0.0,0.038538381457328796,0.0389016792178154,"[2.60770320892334e-07,-2.5331974029541016e-07,-5.0961971282958984e-06,-2.0980596673325635e-05,-1.9300855456094723e-06,3.3744586289685685e-06,1.0]","[0.5859411954879761,-0.18378615379333496,-0.1539599895477295,-0.01928885653614998,-1.9947456166846678e-06,3.3366434308845783e-06,0.9998138546943665]","[[0.9999999999697756,6.748998246629892e-06,3.860029494907974e-06,0.0],[-6.748836269244382e-06,0.9999999990968552,-4.196120637263892e-05,0.0],[-3.860312687529915e-06,4.196118032066362e-05,0.9999999991121786,0.0],[2.60770320892334e-07,-2.5331974029541016e-07,-5.0961971282958984e-06,1.0]]","[[0.9999999999697756,6.748997384799381e-06,3.860028535403138e-06,0.0],[-6.595091936694003e-06,0.9992558800047893,-0.03857053202542098,0.0],[-4.117468681205617e-06,0.03857053199879796,0.9992558800190976,0.0],[0.5859411954879761,-0.18378615379333496,-0.1539599895477295,1.0]]",2652146.122710964
385,capture_closed_mid_open_mid_closed,25,628,629,0.0,0.0,0.04006539657711983,-0.007872549816966057,"[-1.8533319234848022e-07,-3.129243850708008e-07,-4.589557647705078e-06,-1.9304112356621772e-05,-1.8204248135589296e-06,3.135512088192627e-06,1.0]","[0.5859410166740417,-0.18378597497940063,-0.15396040678024292,-0.020050477236509323,-1.8828673091775272e-06,3.0984172099124407e-06,0.9997988939285278]","[[0.9999999999737093,6.271094459755529e-06,3.6407285705625673e-06,0.0],[-6.270953893014978e-06,0.9999999992350396,-3.860823612917156e-05,0.0],[-3.640970683673151e-06,3.860821329731553e-05,0.9999999992480746,0.0],[-1.8533319234848022e-07,-3.129243850708008e-07,-4.589557647705078e-06,1.0]]","[[0.9999999999737093,6.27109297504321e-06,3.640727818786634e-06,0.0],[-6.120083422555084e-06,0.999195956705976,-0.04009288993927011,0.0],[-3.8892267937328665e-06,0.040092889915934474,0.999195956718086,0.0],[0.5859410166740417,-0.18378597497940063,-0.15396040678024292,1.0]]",2652146.166455575
386,capture_closed_mid_open_mid_closed,26,629,630,0.0,0.0,0.040924325585365295,-0.04193246737122536,"[1.5366822481155396e-07,-3.129243850708008e-07,-4.0978193283081055e-06,-1.813866947486531e-05,-1.3927906366006937e-06,2.884666173486039e-06,1.0]","[0.5859413743019104,-0.18378591537475586,-0.15396100282669067,-0.02047879435122013,-1.4515212569676805e-06,2.8555648441397352e-06,0.9997903108596802]","[[0.9999999999794776,5.769382873710088e-06,2.785476625188855e-06,0.0],[-5.769281820234068e-06,0.9999999993253348,-3.6277346985202695e-05,0.0],[-2.78568592121392e-06,3.6277330914258545e-05,0.9999999993380976,0.0],[1.5366822481155396e-07,-3.129243850708008e-07,-4.0978193283081055e-06,1.0]]","[[0.9999999999794776,5.7693829370406114e-06,2.785476727046879e-06,0.0],[-5.650481315769149e-06,0.9991612379475324,-0.0409490003491655,0.0],[-3.0193908278457253e-06,0.04094900033258585,0.9991612379596271,0.0],[0.5859413743019104,-0.18378591537475586,-0.15396100282669067,1.0]]",2652146.211679844
387,capture_closed_mid_open_mid_closed,27,630,631,0.0,0.0,0.04130524396896362,-0.06581629067659378,"[2.598389983177185e-07,-5.066394805908203e-07,-4.32133674621582e-06,-1.6826552382553928e-05,-1.471952828069334e-06,2.6925499696517363e-06,1.0]","[0.5859410762786865,-0.18378591537475586,-0.15396136045455933,-0.02066788263618946,-1.5272428299795138e-06,2.6615782644512365e-06,0.9997863173484802]","[[0.9999999999811671,5.3851494750862046e-06,2.943815043472454e-06,0.0],[-5.385050403520741e-06,0.9999999994192346,-3.365311269172094e-05,0.0],[-2.9439962688048817e-06,3.365309683849477e-05,0.999999999429401,0.0],[2.598389983177185e-07,-5.066394805908203e-07,-4.32133674621582e-06,1.0]]","[[0.9999999999811671,5.385148813834879e-06,2.9438145949707564e-06,0.0],[-5.258889311566965e-06,0.9991456772405054,-0.041326932544582674,0.0],[-3.1638513437576003e-06,0.04132693252832317,0.9991456772500085,0.0],[0.5859410762786865,-0.18378591537475586,-0.15396136045455933,1.0]]",2652146.255513234
388,capture_closed_mid_open_mid_closed,28,631,632,0.0,0.0,0.041358575224876404,-0.08177770674228668,"[2.169981598854065e-07,-5.21540641784668e-07,-3.5315752029418945e-06,-1.6298423361149617e-05,-9.368712312607386e-07,2.5362239739479264e-06,1.0]","[0.5859411358833313,-0.18378596007823944,-0.15396162867546082,-0.020693941041827202,-9.89114028016047e-07,2.516309450584231e-06,0.999785840511322]","[[0.9999999999853797,5.072478486943777e-06,1.873659789617345e-06,0.0],[-5.072417408847929e-06,0.9999999994558579,-3.259685147452979e-05,0.0],[-1.8738251354256093e-06,3.2596841970068675e-05,0.9999999994669674,0.0],[2.169981598854065e-07,-5.21540641784668e-07,-3.5315752029418945e-06,1.0]]","[[0.9999999999853797,5.072478452836693e-06,1.8736596808963606e-06,0.0],[-4.99060378331906e-06,0.9991435215956511,-0.041379018480967734,0.0],[-2.0819491185498913e-06,0.04137901847101207,0.9991435216063581,0.0],[0.5859411358833313,-0.18378596007823944,-0.15396162867546082,1.0]]",2652146.301662204
389,capture_closed_mid_open_mid_closed,29,632,633,0.0,0.0,0.041199348866939545,-0.09170868247747421,"[5.62518835067749e-07,-7.301568984985352e-07,-3.7997961044311523e-06,-1.5377478121081367e-05,-9.70871269601048e-07,2.392656369920587e-06,1.0]","[0.5859410762786865,-0.1837860643863678,-0.15396195650100708,-0.020613450556993484,-1.019949309011281e-06,2.372150447627064e-06,0.999787449836731]","[[0.9999999999866652,4.785342598944588e-06,1.9416689531601366e-06,0.0],[-4.785282880737761e-06,0.9999999995156167,-3.075496088808539e-05,0.0],[-1.9418161252440553e-06,3.075495159624008e-05,0.9999999995251811,0.0],[5.62518835067749e-07,-7.301568984985352e-07,-3.7997961044311523e-06,1.0]]","[[0.9999999999866652,4.785341842628131e-06,1.941668625306428e-06,0.0],[-4.7012431440203565e-06,0.9991501713010146,-0.04121813833426306,0.0],[-2.13726144917007e-06,0.041218138324585166,0.9991501713101881,0.0],[0.5859410762786865,-0.1837860643863678,-0.15396195650100708,1.0]]",2652146.345669074
390,capture_closed_mid_open_mid_closed,30,633,634,0.0,0.0,0.04091448709368706,-0.09719516336917877,"[1.6391277313232422e-07,-7.748603820800781e-07,-3.4421682357788086e-06,-1.5045421605464071e-05,-9.30527676246129e-07,2.3579937078466173e-06,1.0]","[0.5859408378601074,-0.1837860494852066,-0.1539619117975235,-0.020470645278692245,-9.785670727069373e-07,2.3384654923575e-06,0.999790370464325]","[[0.999999999987148,4.716015416055644e-06,1.8609843984733027e-06,0.0],[-4.715959415330825e-06,0.9999999995361503,-3.0090847599284953e-05,0.0],[-1.8611263065112132e-06,3.009083882257133e-05,0.9999999995455389,0.0],[1.6391277313232422e-07,-7.748603820800781e-07,-3.4421682357788086e-06,1.0]]","[[0.999999999987148,4.716014360697874e-06,1.8609840771106922e-06,0.0],[-4.635886762990706e-06,0.999161905352811,-0.0409327080582317,0.0],[-2.0524636674727433e-06,0.040932708049078316,0.9991619053618327,0.0],[0.5859408378601074,-0.1837860494852066,-0.1539619117975235,1.0]]",2652146.391108562
391,capture_closed_mid_open_mid_closed,31,634,635,0.0,0.0,0.04056676849722862,-0.09952135384082794,"[4.852190613746643e-07,-7.301568984985352e-07,-3.3974647521972656e-06,-1.4893364095769357e-05,-8.339051191796898e-07,2.3260145098902285e-06,1.0]","[0.585940957069397,-0.18378598988056183,-0.1539619266986847,-0.02029675431549549,-8.809094538264617e-07,2.3086226974555757e-06,0.9997939467430115]","[[0.9999999999877885,4.6520538590855795e-06,1.6677409539974039e-06,0.0],[-4.6520041804753346e-06,0.9999999995455547,-2.9786732070889527e-05,0.0],[-1.6678795227213553e-06,2.97867243121879e-05,0.9999999995549846,0.0],[4.852190613746643e-07,-7.301568984985352e-07,-3.3974647521972656e-06,1.0]]","[[0.9999999999877885,4.652053201976241e-06,1.667740783733913e-06,0.0],[-4.5805347909421884e-06,0.9991760835178534,-0.04058514421039235,0.0],[-1.8551709745236421e-06,0.040585144202257596,0.9991760835269609,0.0],[0.585940957069397,-0.18378598988056183,-0.1539619266986847,1.0]]",2652146.433407931
392,capture_closed_mid_open_mid_closed,32,635,636,0.0,0.0,0.04020017012953758,-0.09969277679920197,"[4.2282044887542725e-07,-7.003545761108398e-07,-3.293156623840332e-06,-1.4728068890690338e-05,-7.754213129373966e-07,2.29340957957902e-06,1.0]","[0.5859407782554626,-0.18378594517707825,-0.1539619415998459,-0.020113300532102585,-8.213589239858266e-07,2.277361318192561e-06,0.9997976422309875]","[[0.999999999988278,4.586842000075072e-06,1.550775070886228e-06,0.0],[-4.586796318241007e-06,0.9999999995556486,-2.945614133809801e-05,0.0],[-1.5509101808633584e-06,2.945613422466334e-05,0.9999999995649654,0.0],[4.2282044887542725e-07,-7.003545761108398e-07,-3.293156623840332e-06,1.0]]","[[0.999999999988278,4.586841430639655e-06,1.550774926026836e-06,0.0],[-4.520760475108251e-06,0.9991909102730379,-0.040218460902699926,0.0],[-1.7339959364788052e-06,0.0402184608952178,0.9991909102820614,0.0],[0.5859407782554626,-0.18378594517707825,-0.1539619415998459,1.0]]",2652146.47874266
393,capture_closed_mid_open_mid_closed,33,636,637,0.0,0.0,0.039843492209911346,-0.09847840666770935,"[2.039596438407898e-07,-7.599592208862305e-07,-3.084540367126465e-06,-1.456732479709899e-05,-7.408314672829874e-07,2.263325768581126e-06,1.0]","[0.585940957069397,-0.18378597497940063,-0.15396201610565186,-0.01993490941822529,-7.857706805225462e-07,2.2481190171674825e-06,0.9998012781143188]","[[0.9999999999886571,4.5266731210274596e-06,1.4815969933627896e-06,0.0],[-4.526629953297044e-06,0.9999999995653408,-2.913465294768388e-05,0.0],[-1.48172887576916e-06,2.9134646240712083e-05,0.9999999995744885,0.0],[2.039596438407898e-07,-7.599592208862305e-07,-3.084540367126465e-06,1.0]]","[[0.9999999999886571,4.526673068113739e-06,1.4815969634451527e-06,0.0],[-4.464015998754882e-06,0.9992051987628662,-0.039861895834402646,0.0],[-1.6608611593196464e-06,0.03986189582733662,0.9992051987717394,0.0],[0.585940957069397,-0.18378597497940063,-0.15396201610565186,1.0]]",2652146.523770204
394,capture_closed_mid_open_mid_closed,34,637,638,0.0,0.0,0.039514560252428055,-0.09644891321659088,"[4.861503839492798e-07,-7.301568984985352e-07,-3.382563591003418e-06,-1.4421713785850443e-05,-7.224572868835821e-07,2.2370795704773627e-06,1.0]","[0.5859410166740417,-0.18378593027591705,-0.15396225452423096,-0.019770195707678795,-7.66511504934897e-07,2.2223700852919137e-06,0.9998044967651367]","[[0.9999999999889471,4.4741799790991534e-06,1.444850048724601e-06,0.0],[-4.4741383028102974e-06,0.9999999995740193,-2.884343080408976e-05,0.0],[-1.4449790988097274e-06,2.884342433931201e-05,0.9999999995829845,0.0],[4.861503839492798e-07,-7.301568984985352e-07,-3.382563591003418e-06,1.0]]","[[0.9999999999889471,4.474179374431852e-06,1.4448499158700206e-06,0.0],[-4.413563044572851e-06,0.9992182787134823,-0.03953266114433507,0.0],[-1.6205966819544684e-06,0.039532661137521186,0.999218278722185,0.0],[0.5859410166740417,-0.18378593027591705,-0.15396225452423096,1.0]]",2652146.569605737
395,capture_closed_mid_open_mid_closed,35,638,639,0.0,0.0,0.039223555475473404,-0.09402911365032196,"[3.67872416973114e-07,-7.301568984985352e-07,-3.11434268951416e-06,-1.4475172974925954e-05,-7.257135052896047e-07,2.2634860670223134e-06,1.0]","[0.5859410166740417,-0.18378591537475586,-0.15396210551261902,-0.019624780863523483,-7.699616162426537e-07,2.2488193280878477e-06,0.9998074173927307]","[[0.9999999999886999,4.526993143701665e-06,1.4513614818745163e-06,0.0],[-4.526951124387588e-06,0.999999999570692,-2.8950349235136723e-05,0.0],[-1.4514925392839023e-06,2.8950342664567093e-05,0.9999999995798854,0.0],[3.67872416973114e-07,-7.301568984985352e-07,-3.11434268951416e-06,1.0]]","[[0.9999999999886999,4.526993145180907e-06,1.4513614970234405e-06,0.0],[-4.466551833212561e-06,0.999229735942003,-0.0392420029475784,0.0],[-1.627891843084961e-06,0.03924200294065239,0.9992297359509317,0.0],[0.5859410166740417,-0.18378591537475586,-0.15396210551261902,1.0]]",2652146.6141392
396,capture_closed_mid_open_mid_closed,36,639,640,0.0,0.0,0.038974031805992126,-0.09149900078773499,"[3.082677721977234e-07,-7.450580596923828e-07,-3.203749656677246e-06,-1.4338331311591901e-05,-7.10679614712717e-07,2.226303877250757e-06,1.0]","[0.5859410762786865,-0.18378593027591705,-0.15396234393119812,-0.01949995383620262,-7.539256330346689e-07,2.2120332232589135e-06,0.9998098611831665]","[[0.999999999989077,4.4526281344210585e-06,1.4212953864602494e-06,0.0],[-4.45258737458197e-06,0.9999999995789116,-2.8676665787561365e-05,0.0],[-1.4214230723906187e-06,2.867665945880624e-05,0.9999999995878144,0.0],[3.082677721977234e-07,-7.450580596923828e-07,-3.203749656677246e-06,1.0]]","[[0.999999999989077,4.452628289838305e-06,1.4212954735382558e-06,0.0],[-4.3938222296778816e-06,0.9992395035909858,-0.03899249227943921,0.0],[-1.593833656489037e-06,0.03899249227276838,0.9992395035996351,0.0],[0.5859410762786865,-0.18378593027591705,-0.15396234393119812,1.0]]",2652146.65820328
397,capture_closed_mid_open_mid_closed,37,640,641,0.0,0.0,0.03876613825559616,-0.08905621618032455,"[3.9674341678619385e-07,-7.152557373046875e-07,-3.2633543014526367e-06,-1.4407044545805547e-05,-7.205871384030615e-07,2.25154963118257e-06,1.0]","[0.5859411954879761,-0.18378590047359467,-0.15396234393119812,-0.019396115094423294,-7.640906574124529e-07,2.2371605155058205e-06,0.9998118877410889]","[[0.9999999999888226,4.5031200254271446e-06,1.4411094004544561e-06,0.0],[-4.5030784993031355e-06,0.9999999995747352,-2.8814092336486505e-05,0.0],[-1.44123915315779e-06,2.8814085846735684e-05,0.9999999995838357,0.0],[3.9674341678619385e-07,-7.152557373046875e-07,-3.2633543014526367e-06,1.0]]","[[0.9999999999888226,4.503120137042894e-06,1.4411093994988477e-06,0.0],[-4.443838575707913e-06,0.999247581428478,-0.03878493289821635,0.0],[-1.6146782908726487e-06,0.03878493289137878,0.9992475814373201,0.0],[0.5859411954879761,-0.18378590047359467,-0.15396234393119812,1.0]]",2652146.702812096
398,capture_closed_mid_open_mid_closed,38,641,642,0.0,0.0,0.03859752416610718,-0.08681952953338623,"[6.370246410369873e-07,-6.109476089477539e-07,-3.427267074584961e-06,-1.4467700566456188e-05,-7.249216196214547e-07,2.265160219394602e-06,1.0]","[0.5859410762786865,-0.1837858110666275,-0.15396223962306976,-0.019311925396323204,-7.684984666411765e-07,2.2507490484713344e-06,0.999813437461853]","[[0.999999999988687,4.530341414687057e-06,1.4497776959233309e-06,0.0],[-4.53029946289135e-06,0.9999999995711094,-2.8935404417039604e-05,0.0],[-1.449908782562488e-06,2.8935397848785146e-05,0.9999999995803203,0.0],[6.370246410369873e-07,-6.109476089477539e-07,-3.427267074584961e-06,1.0]]","[[0.999999999988687,4.530340656142166e-06,1.449777591813508e-06,0.0],[-4.470975915922313e-06,0.999254099064842,-0.038616645032468915,0.0],[-1.6236427826532034e-06,0.03861664502555013,0.9992540990737925,0.0],[0.5859410762786865,-0.1837858110666275,-0.15396223962306976,1.0]]",2652146.743551424
399,capture_closed_mid_open_mid_closed,39,642,643,0.0,0.0,0.03846411779522896,-0.08484602719545364,"[4.293397068977356e-07,-8.195638656616211e-07,-3.2633543014526367e-06,-1.4343104339786805e-05,-7.087728590704501e-07,2.226198603239027e-06,1.0]","[0.5859408974647522,-0.18378600478172302,-0.15396222472190857,-0.0192449651658535,-7.514530011576426e-07,2.2121569145383546e-06,0.9998148083686829]","[[0.9999999999890834,4.452417538484195e-06,1.4174818569432055e-06,0.0],[-4.452376874471912e-06,0.9999999995786388,-2.868621183531191e-05,0.0],[-1.4176095793385948e-06,2.8686205523835312e-05,0.999999999587546,0.0],[4.293397068977356e-07,-8.195638656616211e-07,-3.2633543014526367e-06,1.0]]","[[0.9999999999890834,4.452417856843354e-06,1.4174819111776149e-06,0.0],[-4.394571109519133e-06,0.9992592626217429,-0.038482802322044256,0.0],[-1.5877734422243852e-06,0.03848280231539492,0.9992592626304008,0.0],[0.5859408974647522,-0.18378600478172302,-0.15396222472190857,1.0]]",2652146.785994436
400,capture_closed_mid_open_mid_closed,40,643,644,0.0,0.0,0.03836100921034813,-0.0831555426120758,"[4.55416738986969e-07,-5.364418029785156e-07,-3.3229589462280273e-06,-1.460431121813599e-05,-6.747739575985179e-07,2.272385700052837e-06,1.0]","[0.5859408378601074,-0.18378575146198273,-0.1539621204137802,-0.0191937368363142,-7.18232229246496e-07,2.259025905004819e-06,0.9998157024383545]","[[0.9999999999887619,4.544791109323431e-06,1.3494815419410934e-06,0.0],[-4.544751690887917e-06,0.9999999995631007,-2.9208625502965364e-05,0.0],[-1.349614288452978e-06,2.9208619369578597e-05,0.9999999995725175,0.0],[4.55416738986969e-07,-5.364418029785156e-07,-3.3229589462280273e-06,1.0]]","[[0.9999999999887619,4.544790264868698e-06,1.3494814241417432e-06,0.0],[-4.489648023286632e-06,0.9992632009223102,-0.038380398958077815,0.0],[-1.5229180190500593e-06,0.0383803989515878,0.9992632009314849,0.0],[0.5859408378601074,-0.18378575146198273,-0.1539621204137802,1.0]]",2652146.831551538
401,capture_closed_mid_open_mid_closed,41,644,645,0.0,0.0,0.03828376904129982,-0.08176130801439285,"[4.2747706174850464e-07,-7.152557373046875e-07,-3.203749656677246e-06,-1.4462610124610364e-05,-6.883579430905229e-07,2.2392782739188988e-06,1.0]","[0.5859408974647522,-0.18378593027591705,-0.1539621353149414,-0.019155029207468033,-7.310929390769161e-07,2.2256924694374902e-06,0.9998165369033813]","[[0.9999999999890236,4.478576458742912e-06,1.3766511145637735e-06,0.0],[-4.478536636932683e-06,0.9999999995716371,-2.8925223332070704e-05,0.0],[-1.376780657798318e-06,2.8925217166370754e-05,0.9999999995807182,0.0],[4.2747706174850464e-07,-7.152557373046875e-07,-3.203749656677246e-06,1.0]]","[[0.9999999999890236,4.478576487212637e-06,1.3766512124869604e-06,0.0],[-4.4225600608070684e-06,0.9992661697022147,-0.038303029936241996,0.0],[-1.5471840295226276e-06,0.038303029929733244,0.9992661697110531,0.0],[0.5859408974647522,-0.18378593027591705,-0.1539621353149414,1.0]]",2652146.871539304
402,capture_closed_mid_open_mid_closed,42,645,646,0.0,0.0,0.03822730481624603,-0.08062339574098587,"[2.0116567611694336e-07,-6.705522537231445e-07,-3.1888484954833984e-06,-1.453094319003867e-05,-7.161641519815021e-07,2.267691343149636e-06,1.0]","[0.585940957069397,-0.18378587067127228,-0.15396225452423096,-0.019126828759908676,-7.593741315758962e-07,2.253589855172322e-06,0.9998170733451843]","[[0.9999999999886894,4.535403499380486e-06,1.4322624005748444e-06,0.0],[-4.5353618732180575e-06,0.9999999995674186,-2.9061889628155836e-05,0.0],[-1.4323942073511639e-06,2.9061883131998844e-05,0.9999999995766776,0.0],[2.0116567611694336e-07,-6.705522537231445e-07,-3.1888484954833984e-06,1.0]]","[[0.9999999999886894,4.5354040649962905e-06,1.43226238910261e-06,0.0],[-4.477306389078865e-06,0.999268328833021,-0.038246659909635425,0.0],[-1.6046784981224037e-06,0.03824665990279015,0.999268328842025,0.0],[0.585940957069397,-0.18378587067127228,-0.15396225452423096,1.0]]",2652146.915069847
403,capture_closed_mid_open_mid_closed,43,646,647,0.0,0.0,0.03818777576088905,-0.07972840219736099,"[6.342306733131409e-07,-5.662441253662109e-07,-3.4570693969726562e-06,-1.4592469597118907e-05,-7.301247819668788e-07,2.2832030026620487e-06,1.0]","[0.5859410762786865,-0.18378578126430511,-0.15396222472190857,-0.019107230007648468,-7.735840199529775e-07,2.268846628794563e-06,0.9998173713684082]","[[0.9999999999885077,4.566427313971463e-06,1.4601829287929568e-06,0.0],[-4.5663846966767315e-06,0.9999999995636937,-2.9184942528284e-05,0.0],[-1.4603161990745584e-06,2.9184935860191626e-05,0.9999999995730535,0.0],[6.342306733131409e-07,-5.662441253662109e-07,-3.4570693969726562e-06,1.0]]","[[0.9999999999885079,4.566426640477875e-06,1.4601827339470734e-06,0.0],[-4.5073024492799435e-06,0.9992698275125743,-0.03820748096426761,0.0],[-1.6335882315008956e-06,0.038207480957247034,0.9992698275216728,0.0],[0.5859410762786865,-0.18378578126430511,-0.15396222472190857,1.0]]",2652146.95870534
404,capture_closed_mid_open_mid_closed,44,647,648,0.0,0.0,0.03816160559654236,-0.07904181629419327,"[4.5727938413619995e-07,-6.109476089477539e-07,-3.3229589462280273e-06,-1.4647291209257673e-05,-7.336562362070254e-07,2.2930998966330662e-06,1.0]","[0.5859408378601074,-0.1837858259677887,-0.15396204590797424,-0.019094178453087807,-7.77273953644908e-07,2.2786846329836408e-06,0.9998176097869873]","[[0.9999999999884068,4.586221285419211e-06,1.467245297010135e-06,0.0],[-4.586178301113054e-06,0.9999999995603971,-2.9294585783209426e-05,0.0],[-1.4673796478179665e-06,2.9294579053821268e-05,0.9999999995698372,0.0],[4.5727938413619995e-07,-6.109476089477539e-07,-3.3229589462280273e-06,1.0]]","[[0.9999999999884068,4.58622086157175e-06,1.46724515092487e-06,0.0],[-4.526855231260418e-06,0.9992708246880184,-0.03818139172716722,0.0],[-1.641283595006864e-06,0.038181391720082565,0.999270824697195,0.0],[0.5859408378601074,-0.1837858259677887,-0.15396204590797424,1.0]]",2652147.004052624
405,capture_closed_mid_open_mid_closed,45,648,649,0.0,0.0,0.038145218044519424,-0.07852768898010254,"[2.468004822731018e-07,-7.301568984985352e-07,-3.1888484954833984e-06,-1.4515295333694667e-05,-7.209661134766066e-07,2.2534090931003448e-06,1.0]","[0.585940957069397,-0.18378594517707825,-0.15396222472190857,-0.019085809588432312,-7.638104193574691e-07,2.239249624835793e-06,0.9998178482055664]","[[0.9999999999888047,4.506839116272815e-06,1.4418668091562252e-06,0.0],[-4.506797256128564e-06,0.9999999995684566,-2.9030593916652524e-05,0.0],[-1.441997644750201e-06,2.9030587418126143e-05,0.9999999995775728,0.0],[2.468004822731018e-07,-7.301568984985352e-07,-3.1888484954833984e-06,1.0]]","[[0.9999999999888047,4.506839363447923e-06,1.4418667959167832e-06,0.0],[-4.448527602545854e-06,0.9992714637346798,-0.038164666151355844,0.0],[-1.612818363759121e-06,0.0381646661445144,0.9992714637435414,0.0],[0.585940957069397,-0.18378594517707825,-0.15396222472190857,1.0]]",2652147.046369836
406,capture_closed_mid_open_mid_closed,46,649,650,0.0,0.0,0.03813595697283745,-0.07814616709947586,"[6.351619958877563e-07,-5.960464477539062e-07,-3.56137752532959e-06,-1.4588606063625775e-05,-7.353915520980081e-07,2.2790429738961393e-06,1.0]","[0.585940957069397,-0.1837858110666275,-0.15396226942539215,-0.019081201404333115,-7.787114100210601e-07,2.2646070192422485e-06,0.9998178482055664]","[[0.9999999999885303,4.558107404467591e-06,1.4707166080757197e-06,0.0],[-4.5580644911169664e-06,0.999999999563957,-2.917721547922945e-05,0.0],[-1.4708496003163127e-06,2.9177208775273652e-05,0.9999999995732636,0.0],[6.351619958877563e-07,-5.960464477539062e-07,-3.56137752532959e-06,1.0]]","[[0.9999999999885303,4.558106532520941e-06,1.4707162874091022e-06,0.0],[-4.498671535519085e-06,0.9992718154956777,-0.03815545146204168,0.0],[-1.6435619779524134e-06,0.038155451454987784,0.9992718155047218,0.0],[0.585940957069397,-0.1837858110666275,-0.15396226942539215,1.0]]",2652147.091553627
407,capture_closed_mid_open_mid_closed,47,650,651,0.0,0.0,0.038132332265377045,-0.077892005443573,"[2.0489096641540527e-07,-6.705522537231445e-07,-3.129243850708008e-06,-1.465156765334541e-05,-7.382231501651404e-07,2.292790441060788e-06,1.0]","[0.585940957069397,-0.18378588557243347,-0.15396204590797424,-0.019079582765698433,-7.818009066795639e-07,2.27829946197744e-06,0.999817967414856]","[[0.9999999999883963,4.585602514374432e-06,1.4763791143817565e-06,0.0],[-4.58555924986872e-06,0.9999999995601494,-2.9303138691872782e-05,0.0],[-1.476513486278805e-06,2.9303131921508857e-05,0.9999999995695732,0.0],[2.0489096641540527e-07,-6.705522537231445e-07,-3.129243850708008e-06,1.0]]","[[0.9999999999883963,4.58560234468387e-06,1.4763791805792166e-06,0.0],[-4.525936604262706e-06,0.9992719390325925,-0.0381522193234106,0.0],[-1.6502551931785957e-06,0.038152219316285894,0.9992719390417513,0.0],[0.585940957069397,-0.18378588557243347,-0.15396204590797424,1.0]]",2652147.136577424
408,capture_closed_mid_open_mid_closed,48,651,652,0.0,0.0,0.03813191503286362,-0.07771222293376923,"[4.256144165992737e-07,-7.003545761108398e-07,-3.3676624298095703e-06,-1.4525096048600972e-05,-7.270841138051765e-07,2.2550480025529396e-06,1.0]","[0.5859411358833313,-0.18378591537475586,-0.1539623737335205,-0.01907908171415329,-7.699434263486182e-07,2.2407766664400697e-06,0.999817967414856]","[[0.9999999999887722,4.510117127039056e-06,1.4541027180326903e-06,0.0],[-4.510074883172702e-06,0.9999999995678727,-2.90501953764211e-05,0.0],[-1.4542337371880156e-06,2.9050188817982786e-05,0.9999999995769858,0.0],[4.256144165992737e-07,-7.003545761108398e-07,-3.3676624298095703e-06,1.0]]","[[0.9999999999887722,4.510117171234655e-06,1.4541026208682545e-06,0.0],[-4.451357917048333e-06,0.9992719772718471,-0.03815121740262392,0.0],[-1.6251104653569669e-06,0.03815121739572283,0.9992719772807037,0.0],[0.5859411358833313,-0.18378591537475586,-0.1539623737335205,1.0]]",2652147.183069687
409,capture_closed_mid_open_mid_closed,49,652,653,0.0,0.0,0.038133908063173294,-0.07760511338710785,"[5.457550287246704e-07,-6.705522537231445e-07,-3.3676624298095703e-06,-1.4601757357013412e-05,-7.377930160146207e-07,2.2809529127698625e-06,1.0]","[0.5859410762786865,-0.18378587067127228,-0.15396222472190857,-0.019080281257629395,-7.811469231455703e-07,2.266471938128234e-06,0.999817967414856]","[[0.9999999999885059,4.561927371688924e-06,1.4755194201872913e-06,0.0],[-4.561884279390526e-06,0.9999999995631719,-2.9203518079769082e-05,0.0],[-1.4756526438711913e-06,2.9203511348284565e-05,0.9999999995724886,0.0],[5.457550287246704e-07,-6.705522537231445e-07,-3.3676624298095703e-06,1.0]]","[[0.9999999999885059,4.5619277387586585e-06,1.4755196138195234e-06,0.0],[-4.502309726770061e-06,0.9992718857239857,-0.03815361605295448,0.0],[-1.6484993019875679e-06,0.03815361604587269,0.9992718857330392,0.0],[0.5859410762786865,-0.18378587067127228,-0.15396222472190857,1.0]]",2652147.226616892
410,capture_closed_mid_open_mid_closed,50,653,654,0.0,0.0,0.038137342780828476,-0.07754795253276825,"[4.4051557779312134e-07,-5.662441253662109e-07,-3.4570693969726562e-06,-1.4666427887277678e-05,-7.419029657285137e-07,2.2954650376050267e-06,1.0]","[0.5859408378601074,-0.18378578126430511,-0.1539621651172638,-0.019082030281424522,-7.855365424802585e-07,2.2809015263192123e-06,0.9998178482055664]","[[0.9999999999883609,4.590951837342746e-06,1.4837385989121436e-06,0.0],[-4.590908313077361e-06,0.9999999995592534,-2.9332859180579994e-05,0.0],[-1.483873264001911e-06,2.9332852368530717e-05,0.9999999995686909,0.0],[4.4051557779312134e-07,-5.662441253662109e-07,-3.4570693969726562e-06,1.0]]","[[0.9999999999883609,4.590951376208082e-06,1.4837384471905639e-06,0.0],[-4.530992847844986e-06,0.9992717522302725,-0.03815710891431811,0.0],[-1.6578353751672464e-06,0.03815710890715119,0.9992717522394434,0.0],[0.5859408378601074,-0.18378578126430511,-0.1539621651172638,1.0]]",2652147.271827695
411,capture_closed_mid_open_mid_closed,51,654,655,0.0,0.0,0.03814146667718887,-0.07752785831689835,"[4.880130290985107e-07,-6.854534149169922e-07,-3.4421682357788086e-06,-1.4540135452989489e-05,-7.264632699843787e-07,2.2572344278160017e-06,1.0]","[0.5859407782554626,-0.18378590047359467,-0.1539621353149414,-0.019083961844444275,-7.693752763771045e-07,2.2429705950344214e-06,0.9998177886009216]","[[0.9999999999887543,4.514489981380698e-06,1.4528608989800981e-06,0.0],[-4.514447729883309e-06,0.9999999995669787,-2.9080274185574784e-05,0.0],[-1.4529921809574167e-06,2.908026762638317e-05,0.9999999995761134,0.0],[4.880130290985107e-07,-6.854534149169922e-07,-3.4421682357788086e-06,1.0]]","[[0.9999999999887543,4.514489257285296e-06,1.4528606443554642e-06,0.0],[-4.455758343611538e-06,0.9992716047905777,-0.03816096906156465,0.0],[-1.6240797053708537e-06,0.03816096905466191,0.9992716047994558,0.0],[0.5859407782554626,-0.18378590047359467,-0.1539621353149414,1.0]]",2652147.316208567
412,capture_closed_mid_open_mid_closed,52,655,656,0.0,0.0,0.03814562037587166,-0.07752653956413269,"[1.7229467630386353e-07,-6.854534149169922e-07,-3.11434268951416e-06,-1.4615879990742542e-05,-7.375802510978247e-07,2.2830063244327903e-06,1.0]","[0.585940957069397,-0.18378591537475586,-0.15396207571029663,-0.019086098298430443,-7.809863973307074e-07,2.26852444029646e-06,0.9998178482055664]","[[0.9999999999884878,4.566034209634448e-06,1.4750937659027372e-06,0.0],[-4.565991088096713e-06,0.9999999995623279,-2.923176334928584e-05,0.0],[-1.4752272384885614e-06,2.923175661368433e-05,0.9999999995716641,0.0],[1.7229467630386353e-07,-6.854534149169922e-07,-3.11434268951416e-06,1.0]]","[[0.9999999999884878,4.566034415296269e-06,1.4750937175942305e-06,0.0],[-4.506410482699505e-06,0.9992714416931929,-0.03816524346629667,0.0],[-1.648282839433791e-06,0.03816524345920992,0.9992714417022655,0.0],[0.585940957069397,-0.18378591537475586,-0.15396207571029663,1.0]]",2652147.362293084
413,capture_closed_mid_open_mid_closed,53,656,657,0.0,0.0,0.03814951330423355,-0.07753805816173553,"[6.351619958877563e-07,-5.960464477539062e-07,-3.5315752029418945e-06,-1.4678514162369538e-05,-7.445486858159711e-07,2.2978883862379007e-06,1.0]","[0.5859410166740417,-0.1837858110666275,-0.15396220982074738,-0.019088031724095345,-7.882416070970066e-07,2.2832691684016027e-06,0.9998177289962769]","[[0.9999999999883307,4.59579863021266e-06,1.4890299124575004e-06,0.0],[-4.595754914738943e-06,0.9999999995585218,-2.9357031746518632e-05,0.0],[-1.489164830806384e-06,2.935702490295952e-05,0.9999999995679737,0.0],[6.351619958877563e-07,-5.960464477539062e-07,-3.5315752029418945e-06,1.0]]","[[0.9999999999883307,4.595797950882055e-06,1.4890296383740123e-06,0.0],[-4.535614027671977e-06,0.9992712940793732,-0.038169105062387326,0.0],[-1.6633620956584066e-06,0.03816910505518825,0.9992712940885572,0.0],[0.5859410166740417,-0.1837858110666275,-0.15396220982074738,1.0]]",2652147.408416084
414,capture_closed_mid_open_mid_closed,54,657,658,0.0,0.0,0.03815344348549843,-0.07756762206554413,"[4.284083843231201e-07,-6.556510925292969e-07,-3.3676624298095703e-06,-1.4551285858033225e-05,-7.275442612808547e-07,2.259113216496189e-06,1.0]","[0.5859407186508179,-0.18378588557243347,-0.15396206080913544,-0.019089965149760246,-7.705053235440573e-07,2.2448236904892838e-06,0.9998176693916321]","[[0.9999999999887341,4.5182476064014185e-06,1.4550227765573115e-06,0.0],[-4.518205259583338e-06,0.999999999566313,-2.9102575003276164e-05,0.0],[-1.4551542685661072e-06,2.9102568428856736e-05,0.9999999995754615,0.0],[4.284083843231201e-07,-6.556510925292969e-07,-3.3676624298095703e-06,1.0]]","[[0.9999999999887341,4.518246620388558e-06,1.4550224616417364e-06,0.0],[-4.4594109412919145e-06,0.9992711464510834,-0.03817296893306083,0.0],[-1.6264368857169228e-06,0.03817296892614224,0.9992711464599745,0.0],[0.5859407186508179,-0.18378588557243347,-0.15396206080913544,1.0]]",2652147.452474212
415,capture_closed_mid_open_mid_closed,55,658,659,0.0,0.0,0.03815661743283272,-0.07759253680706024,"[2.1979212760925293e-07,-7.003545761108398e-07,-3.203749656677246e-06,-1.4625457879446913e-05,-7.381083833024604e-07,2.2847300442663254e-06,1.0]","[0.585940957069397,-0.18378591537475586,-0.15396210551261902,-0.019091539084911346,-7.815596632099187e-07,2.2702333808410913e-06,0.9998177289962769]","[[0.9999999999884704,4.5694816788787915e-06,1.4761499361588642e-06,0.0],[-4.56943849818651e-06,0.999999999561752,-2.9250919131650624e-05,0.0],[-1.4762835970509775e-06,2.9250912386137026e-05,0.9999999995711023,0.0],[2.1979212760925293e-07,-7.003545761108398e-07,-3.203749656677246e-06,1.0]]","[[0.9999999999884704,4.569481519962884e-06,1.4761499164468755e-06,0.0],[-4.5097968125334345e-06,0.9992710262604307,-0.03817611850538809,0.0],[-1.649518913735668e-06,0.03817611849829079,0.9992710262695169,0.0],[0.585940957069397,-0.18378591537475586,-0.15396210551261902,1.0]]",2652147.496410438
416,capture_closed_mid_open_mid_closed,56,659,660,0.0,0.0,0.038159359246492386,-0.07762183248996735,"[6.789341568946838e-07,-5.513429641723633e-07,-3.4868717193603516e-06,-1.4686426766274963e-05,-7.449958161487302e-07,2.2994358914729673e-06,1.0]","[0.585940957069397,-0.18378578126430511,-0.15396210551261902,-0.019093094393610954,-7.887297215347644e-07,2.284803713337169e-06,0.9998176097869873]","[[0.9999999999883151,4.598893665598925e-06,1.4899240913038127e-06,0.0],[-4.598849900292945e-06,0.999999999558043,-2.9372856958690163e-05,0.0],[-1.4900591732911082e-06,2.9372850106409687e-05,0.9999999995675077,0.0],[6.789341568946838e-07,-5.513429641723633e-07,-3.4868717193603516e-06,1.0]]","[[0.9999999999883151,4.598892557051022e-06,1.4899237839664497e-06,0.0],[-4.538655392953783e-06,0.9992709074825127,-0.03817922400371905,0.0],[-1.6644196758449272e-06,0.03817922399651068,0.9992709074917091,0.0],[0.585940957069397,-0.18378578126430511,-0.15396210551261902,1.0]]",2652147.543516841
417,capture_closed_mid_open_mid_closed,57,660,661,0.0,0.0,0.03816184028983116,-0.07765410840511322,"[3.6694109439849854e-07,-7.152557373046875e-07,-3.3527612686157227e-06,-1.4557871509168763e-05,-7.266831971719512e-07,2.2601784621656407e-06,1.0]","[0.5859407186508179,-0.18378594517707825,-0.15396210551261902,-0.019094089046120644,-7.696740453866369e-07,2.245902123831911e-06,0.9998176097869873]","[[0.999999999988727,4.520378082252506e-06,1.4533005875686224e-06,0.0],[-4.520335766410056e-06,0.9999999995659199,-2.9115746303204946e-05,0.0],[-1.4534322011191824e-06,2.9115739733470105e-05,0.9999999995750806,0.0],[3.6694109439849854e-07,-7.152557373046875e-07,-3.3527612686157227e-06,1.0]]","[[0.999999999988727,4.52037743604848e-06,1.453300418464461e-06,0.0],[-4.461592537012079e-06,0.9992708315169094,-0.038181212945761704,0.0],[-1.6248342390297329e-06,0.03818121293884725,0.9992708315258129,0.0],[0.5859407186508179,-0.18378594517707825,-0.15396210551261902,1.0]]",2652147.591278522
418,capture_closed_mid_open_mid_closed,58,661,662,0.0,0.0,0.038163647055625916,-0.07767345756292343,"[2.3189932107925415e-07,-7.003545761108398e-07,-3.159046173095703e-06,-1.463031458115438e-05,-7.389645020339231e-07,2.285859409312252e-06,1.0]","[0.585940957069397,-0.18378590047359467,-0.1539621204137802,-0.019095098599791527,-7.8244528367577e-07,2.271343419124605e-06,0.9998176693916321]","[[0.9999999999884576,4.571740441190762e-06,1.477862118383353e-06,0.0],[-4.5716971960582456e-06,0.9999999995614575,-2.926063254064668e-05,0.0],[-1.4779958897523392e-06,2.926062578397084e-05,0.9999999995708156,0.0],[2.3189932107925415e-07,-7.003545761108398e-07,-3.159046173095703e-06,1.0]]","[[0.9999999999884576,4.5717403070758285e-06,1.4778621868180218e-06,0.0],[-4.511976827712906e-06,0.9992707544086105,-0.03818323396124837,0.0],[-1.6513482929867096e-06,0.038183233954139556,0.9992707544177041,0.0],[0.585940957069397,-0.18378590047359467,-0.1539621204137802,1.0]]",2652147.636288673
419,capture_closed_mid_open_mid_closed,59,662,663,0.0,0.0,0.038165051490068436,-0.07769646495580673,"[6.193295121192932e-07,-6.109476089477539e-07,-3.4421682357788086e-06,-1.469036487833364e-05,-7.452597969859198e-07,2.3002296529739397e-06,1.0]","[0.5859410762786865,-0.1837858110666275,-0.15396222472190857,-0.019095908850431442,-7.8901535971454e-07,2.2855904262542026e-06,0.9998176693916321]","[[0.999999999988307,4.6004812022245735e-06,1.4904520115460273e-06,0.0],[-4.600437409671185e-06,0.9999999995578043,-2.9380733185204647e-05,0.0],[-1.490587176397652e-06,2.938072632812991e-05,0.9999999995672756,0.0],[6.193295121192932e-07,-6.109476089477539e-07,-3.4421682357788086e-06,1.0]]","[[0.999999999988307,4.6004813171040065e-06,1.4904521432296451e-06,0.0],[-4.540213455541209e-06,0.9992706925199042,-0.03818485416711354,0.0],[-1.6650338490263211e-06,0.03818485415990008,0.9992706925291069,0.0],[0.5859410762786865,-0.1837858110666275,-0.15396222472190857,1.0]]",2652147.678943878
420,capture_closed_mid_open_mid_closed,60,663,664,0.0,0.0,0.038166344165802,-0.07771964371204376,"[4.423782229423523e-07,-6.109476089477539e-07,-3.5017728805541992e-06,-1.4560559066012502e-05,-7.282289402610331e-07,2.2609797269979026e-06,1.0]","[0.5859407186508179,-0.1837858408689499,-0.15396219491958618,-0.019096339121460915,-7.712397973591578e-07,2.246672011096962e-06,0.9998175501823425]","[[0.9999999999887154,4.5219806608368014e-06,1.4563920382643423e-06,0.0],[-4.521938247154809e-06,0.9999999995657561,-2.9121121425046746e-05,0.0],[-1.4565237227797902e-06,2.912111483900326e-05,0.9999999995749196,0.0],[4.423782229423523e-07,-6.109476089477539e-07,-3.5017728805541992e-06,1.0]]","[[0.9999999999887154,4.521979925825076e-06,1.4563917483603145e-06,0.0],[-4.463068498967728e-06,0.9992706596542212,-0.038185709999206,0.0],[-1.6280045908347233e-06,0.038185709992275114,0.9992706596631267,0.0],[0.5859407186508179,-0.1837858408689499,-0.15396219491958618,1.0]]",2652147.724035635
421,capture_closed_mid_open_mid_closed,61,664,665,0.0,0.0,0.038167208433151245,-0.0777360051870346,"[3.9581209421157837e-07,-6.407499313354492e-07,-3.293156623840332e-06,-1.4632488273491617e-05,-7.374291612904926e-07,2.2860890567244496e-06,1.0]","[0.5859407782554626,-0.18378585577011108,-0.15396198630332947,-0.019096972420811653,-7.80918753662263e-07,2.271600806125207e-06,0.9998175501823425]","[[0.99999999998846,4.572199694296009e-06,1.474791420238356e-06,0.0],[-4.572156532601789e-06,0.9999999995613281,-2.9264979918640707e-05,0.0],[-1.4749252249236145e-06,2.9264973175325762e-05,0.999999999570693,0.0],[3.9581209421157837e-07,-6.407499313354492e-07,-3.293156623840332e-06,1.0]]","[[0.99999999998846,4.572199073747843e-06,1.474791154464771e-06,0.0],[-4.512546338141512e-06,0.9992706112783972,-0.0381869763668992,0.0],[-1.6483139462474373e-06,0.03818697635980346,0.9992706112874978,0.0],[0.5859407782554626,-0.18378585577011108,-0.15396198630332947,1.0]]",2652147.767732955
422,capture_closed_mid_open_mid_closed,62,665,666,0.0,0.0,0.038167793303728104,-0.07774829119443893,"[4.4330954551696777e-07,-6.109476089477539e-07,-3.3527612686157227e-06,-1.4692060176457744e-05,-7.425979902109248e-07,2.300007281519356e-06,1.0]","[0.5859408378601074,-0.1837858259677887,-0.15396201610565186,-0.01909721828997135,-7.863526434448431e-07,2.2854176222608658e-06,0.9998175501823425]","[[0.999999999988317,4.600036383627431e-06,1.4851283967310767e-06,0.0],[-4.599992742449994e-06,0.9999999995577067,-2.9384123768877056e-05,0.0],[-1.4852635641126223e-06,2.938411693695392e-05,0.9999999995671839,0.0],[4.4330954551696777e-07,-6.109476089477539e-07,-3.3527612686157227e-06,1.0]]","[[0.999999999988317,4.600035592634351e-06,1.4851281086647382e-06,0.0],[-4.539967000295301e-06,0.9992705924967241,-0.038187468015547454,0.0],[-1.6597085855289904e-06,0.03818746800835887,0.9992705925059336,0.0],[0.5859408378601074,-0.1837858259677887,-0.15396201610565186,1.0]]",2652147.811703306
423,capture_closed_mid_open_mid_closed,63,666,667,0.0,0.0,0.03816825523972511,-0.07775923609733582,"[4.4330954551696777e-07,-6.705522537231445e-07,-3.3527612686157227e-06,-1.4561483112629503e-05,-7.278574685187778e-07,2.261016334159649e-06,1.0]","[0.5859407186508179,-0.18378590047359467,-0.15396210551261902,-0.019097276031970978,-7.708712246312643e-07,2.2467149847216206e-06,0.9998175501823425]","[[0.999999999988716,4.5220538656877705e-06,1.455649089535221e-06,0.0],[-4.522011470950825e-06,0.9999999995657021,-2.9122969516654255e-05,0.0],[-1.45578078453989e-06,2.9122962933863757e-05,0.9999999995748668,0.0],[4.4330954551696777e-07,-6.705522537231445e-07,-3.3527612686157227e-06,1.0]]","[[0.999999999988716,4.522053225088433e-06,1.4556488861769975e-06,0.0],[-4.463167062840886e-06,0.9992705880862219,-0.038187583478346235,0.0],[-1.6272734310905744e-06,0.038187583471418526,0.9992705880951289,0.0],[0.5859407186508179,-0.18378590047359467,-0.15396210551261902,1.0]]",2652147.857638949
424,capture_closed_mid_open_mid_closed,64,667,668,0.0,0.0,0.03816845268011093,-0.07776236534118652,"[3.6694109439849854e-07,-6.407499313354492e-07,-3.3229589462280273e-06,-1.4633195860369597e-05,-7.384584819192241e-07,2.2862957393954275e-06,1.0]","[0.5859407782554626,-0.18378585577011108,-0.15396204590797424,-0.01909753493964672,-7.819531333552732e-07,2.2717872525390703e-06,0.9998175501823425]","[[0.999999999988455,4.572613090806057e-06,1.4768500522117496e-06,0.0],[-4.572569866775653e-06,0.9999999995612848,-2.9266395097408157e-05,0.0],[-1.476983875465147e-06,2.926638834407023e-05,0.9999999995706486,0.0],[3.6694109439849854e-07,-6.407499313354492e-07,-3.3229589462280273e-06,1.0]]","[[0.999999999988455,4.572612285309013e-06,1.4768498594357338e-06,0.0],[-4.512878776167339e-06,0.9992705683081359,-0.03818810119931141,0.0],[-1.6503920051589695e-06,0.03818810119220569,0.999270568317235,0.0],[0.5859407782554626,-0.18378585577011108,-0.15396204590797424,1.0]]",2652147.90606229
425,capture_closed_mid_open_mid_closed,65,668,669,0.0,0.0,0.03816864266991615,-0.07777073234319687,"[3.6600977182388306e-07,-6.109476089477539e-07,-3.293156623840332e-06,-1.4692379409098066e-05,-7.431451649608789e-07,2.3001859972282546e-06,1.0]","[0.5859408378601074,-0.1837858259677887,-0.15396201610565186,-0.01909778080880642,-7.869044793551438e-07,2.285585424033343e-06,0.9998175501823425]","[[0.9999999999883138,4.600393831597949e-06,1.4862227395109922e-06,0.0],[-4.6003501573150695e-06,0.9999999995576863,-2.9384762236940336e-05,0.0],[-1.4863579203325234e-06,2.938475539945193e-05,0.9999999995671635,0.0],[3.6600977182388306e-07,-6.109476089477539e-07,-3.293156623840332e-06,1.0]]","[[0.9999999999883138,4.60039309730736e-06,1.48622259865676e-06,0.0],[-4.5402805802505894e-06,0.9992705495259098,-0.038188592847957455,0.0],[-1.6608210364487266e-06,0.03818859284076331,0.9992705495351192,0.0],[0.5859408378601074,-0.1837858259677887,-0.15396201610565186,1.0]]",2652147.951180457
426,capture_closed_mid_open_mid_closed,66,669,670,0.0,0.0,0.03816874325275421,-0.07777460664510727,"[4.7031790018081665e-07,-6.556510925292969e-07,-3.382563591003418e-06,-1.4561603165930137e-05,-7.284916705430078e-07,2.2611716303799767e-06,1.0]","[0.5859408378601074,-0.18378588557243347,-0.1539621651172638,-0.019097650423645973,-7.715091214777203e-07,2.2468580027634744e-06,0.9998175501823425]","[[0.9999999999887128,4.522364476773186e-06,1.4569174885180723e-06,0.0],[-4.522322044746721e-06,0.9999999995656936,-2.912320962634967e-05,0.0],[-1.4570491936539588e-06,2.9123203037370878e-05,0.9999999995748581,0.0],[4.7031790018081665e-07,-6.556510925292969e-07,-3.382563591003418e-06,1.0]]","[[0.9999999999887128,4.522364150862407e-06,1.4569173021816749e-06,0.0],[-4.4634281048598644e-06,0.9992705594864957,-0.03818833212508393,0.0],[-1.6285561369350677e-06,0.038188332118150044,0.999270559495402,0.0],[0.5859408378601074,-0.18378588557243347,-0.1539621651172638,1.0]]",2652147.993892631
427,capture_closed_mid_open_mid_closed,67,670,671,0.0,0.0,0.038168735802173615,-0.07777605205774307,"[4.0978193283081055e-07,-6.556510925292969e-07,-3.337860107421875e-06,-1.4633445971412584e-05,-7.38227413421555e-07,2.2863305275677703e-06,1.0]","[0.5859408378601074,-0.18378587067127228,-0.15396209061145782,-0.019097723066806793,-7.817232017259812e-07,2.2718263608112466e-06,0.9998175501823425]","[[0.9999999999884555,4.572682660757478e-06,1.476387913054614e-06,0.0],[-4.572639449513603e-06,0.99999999956127,-2.926689531848891e-05,0.0],[-1.4765217406316058e-06,2.9266888567161427e-05,0.9999999995706346,0.0],[4.0978193283081055e-07,-6.556510925292969e-07,-3.337860107421875e-06,1.0]]","[[0.9999999999884555,4.572681999454855e-06,1.476387731551446e-06,0.0],[-4.5129654665690136e-06,0.9992705539370047,-0.038188477384983044,0.0],[-1.6499345743300247e-06,0.03818847737787928,0.999270553946105,0.0],[0.5859408378601074,-0.18378587067127228,-0.15396209061145782,1.0]]",2652148.037789231
428,capture_closed_mid_open_mid_closed,68,671,672,0.0,0.0,0.038168780505657196,-0.07777950912714005,"[3.8370490074157715e-07,-6.109476089477539e-07,-3.3229589462280273e-06,-1.469300241296878e-05,-7.432762458847719e-07,2.3001214231044287e-06,1.0]","[0.5859408378601074,-0.1837858259677887,-0.15396204590797424,-0.01909778267145157,-7.870342528804031e-07,2.285518348799087e-06,0.9998175501823425]","[[0.999999999988314,4.600264688128206e-06,1.4864849003903043e-06,0.0],[-4.600221004289509e-06,0.9999999995576503,-2.9386008245188796e-05,0.0],[-1.4866200831487834e-06,2.9386001406686328e-05,0.9999999995671265,0.0],[3.8370490074157715e-07,-6.109476089477539e-07,-3.3229589462280273e-06,1.0]]","[[0.999999999988314,4.600263931019188e-06,1.48648465181499e-06,0.0],[-4.5401414945531954e-06,0.9992705493836208,-0.03818859657256856,0.0],[-1.6610779826829093e-06,0.03818859656537344,0.9992705493928291,0.0],[0.5859408378601074,-0.1837858259677887,-0.15396204590797424,1.0]]",2652148.08316068
429,capture_closed_mid_open_mid_closed,69,672,673,0.0,0.0,0.0381687767803669,-0.07778136432170868,"[4.5355409383773804e-07,-6.556510925292969e-07,-3.3676624298095703e-06,-1.4561980606231373e-05,-7.284934895324113e-07,2.2611802705796435e-06,1.0]","[0.5859408378601074,-0.18378588557243347,-0.1539621502161026,-0.019097650423645973,-7.715111109973805e-07,2.246866642963141e-06,0.9998175501823425]","[[0.9999999999887127,4.52238175777542e-06,1.456921124538328e-06,0.0],[-4.522339324543155e-06,0.9999999995656715,-2.912396450697296e-05,0.0],[-1.4570528335913174e-06,2.9123957917952532e-05,0.999999999574836,0.0],[4.5355409383773804e-07,-6.556510925292969e-07,-3.3676624298095703e-06,1.0]]","[[0.9999999999887127,4.5223815040992375e-06,1.4569209504799945e-06,0.0],[-4.46344530611609e-06,0.9992705594864956,-0.03818833212508395,0.0],[-1.6285604452634386e-06,0.03818833211815002,0.999270559495402,0.0],[0.5859408378601074,-0.18378588557243347,-0.1539621502161026,1.0]]",2652148.12750398
430,capture_closed_mid_open_mid_closed,70,673,674,0.0,0.0,0.03816866874694824,-0.07777971774339676,"[4.2654573917388916e-07,-6.556510925292969e-07,-3.337860107421875e-06,-1.4633713362854905e-05,-7.382940339084598e-07,2.286378048665938e-06,1.0]","[0.5859408378601074,-0.18378587067127228,-0.15396209061145782,-0.019097723066806793,-7.817907317075878e-07,2.2718725176673615e-06,0.9998175501823425]","[[0.9999999999884548,4.572777705298415e-06,1.476521151414913e-06,0.0],[-4.572734489365337e-06,0.9999999995612538,-2.9267430101748355e-05,0.0],[-1.4766549842189262e-06,2.9267423349671267e-05,0.9999999995706187,0.0],[4.2654573917388916e-07,-6.556510925292969e-07,-3.337860107421875e-06,1.0]]","[[0.9999999999884548,4.57277687566224e-06,1.4765210038912822e-06,0.0],[-4.513055184100849e-06,0.9992705539370043,-0.03818847738498342,0.0],[-1.6500713726332838e-06,0.03818847737787891,0.9992705539461048,0.0],[0.5859408378601074,-0.18378587067127228,-0.15396209061145782,1.0]]",2652148.171336919
431,capture_closed_mid_open_mid_closed,71,674,675,0.0,0.0,0.03816866874694824,-0.0777815580368042,"[3.7066638469696045e-07,-6.109476089477539e-07,-3.3229589462280273e-06,-1.4693208868266083e-05,-7.432061011058977e-07,2.300153937540017e-06,1.0]","[0.5859408378601074,-0.1837858259677887,-0.15396204590797424,-0.01909778267145157,-7.869647333791363e-07,2.285552227476728e-06,0.9998175501823425]","[[0.9999999999883139,4.600329715244986e-06,1.4863446089273286e-06,0.0],[-4.6002860349150825e-06,0.9999999995576379,-2.9386421155509047e-05,0.0],[-1.4864797954962622e-06,2.9386414317555287e-05,0.9999999995671145,0.0],[3.7066638469696045e-07,-6.109476089477539e-07,-3.3229589462280273e-06,1.0]]","[[0.9999999999883139,4.6003290206755e-06,1.4863443441648517e-06,0.0],[-4.540211894882814e-06,0.9992705493836205,-0.0381885965725683,0.0],[-1.660940263063262e-06,0.038188596565373704,0.9992705493928293,0.0],[0.5859408378601074,-0.1837858259677887,-0.15396204590797424,1.0]]",2652148.218331178
432,capture_closed_mid_open_mid_closed,72,675,676,0.0,0.0,0.03816864639520645,-0.07778238505125046,"[4.721805453300476e-07,-6.556510925292969e-07,-3.3676624298095703e-06,-1.4562095202563796e-05,-7.285183869498724e-07,2.261215286125662e-06,1.0]","[0.5859408378601074,-0.18378588557243347,-0.1539621502161026,-0.019097652286291122,-7.715366905358678e-07,2.2469012037618086e-06,0.9998175501823425]","[[0.9999999999887124,4.5224517897595385e-06,1.4569709178352046e-06,0.0],[-4.522409354743109e-06,0.9999999995656645,-2.912419369980142e-05,0.0],[-1.4571026299642849e-06,2.9124187110453766e-05,0.9999999995748293,0.0],[4.721805453300476e-07,-6.556510925292969e-07,-3.3676624298095703e-06,1.0]]","[[0.9999999999887124,4.522451592977716e-06,1.456970771792543e-06,0.0],[-4.463513435209836e-06,0.9992705593442067,-0.03818833584969474,0.0],[-1.628612923436911e-06,0.03818833584276047,0.9992705593531133,0.0],[0.5859408378601074,-0.18378588557243347,-0.1539621502161026,1.0]]",2652148.265933355
433,capture_closed_mid_open_mid_closed,73,676,677,0.0,0.0,0.0381685271859169,-0.07777979969978333,"[4.0885061025619507e-07,-6.556510925292969e-07,-3.4123659133911133e-06,-1.4633826140197925e-05,-7.382113267340173e-07,2.286380549776368e-06,1.0]","[0.5859408378601074,-0.18378587067127228,-0.1539621353149414,-0.01909753493964672,-7.817076266292133e-07,2.271876837767195e-06,0.9998175501823425]","[[0.999999999988455,4.572782705265156e-06,1.4763557364771232e-06,0.0],[-4.572739493840315e-06,0.9999999995612472,-2.9267655656059887e-05,0.0],[-1.4764895704589462e-06,2.9267648904731814e-05,0.9999999995706124,0.0],[4.0885061025619507e-07,-6.556510925292969e-07,-3.4123659133911133e-06,1.0]]","[[0.999999999988455,4.572782045929088e-06,1.4763555138548805e-06,0.0],[-4.513067291080528e-06,0.9992705683081351,-0.03818810119931044,0.0],[-1.649904503006213e-06,0.03818810119220666,0.9992705683172358,0.0],[0.5859408378601074,-0.18378587067127228,-0.1539621353149414,1.0]]",2652148.312846861
434,capture_closed_mid_open_mid_closed,74,677,678,0.0,0.0,0.038168586790561676,-0.07778265327215195,"[4.2654573917388916e-07,-6.109476089477539e-07,-3.337860107421875e-06,-1.469318158342503e-05,-7.432805659846053e-07,2.3001900899544125e-06,1.0]","[0.5859408378601074,-0.1837858259677887,-0.15396203100681305,-0.019097594544291496,-7.870394824749383e-07,2.285587015649071e-06,0.9998175501823425]","[[0.9999999999883133,4.600402022221472e-06,1.4864935377478744e-06,0.0],[-4.600358337596178e-06,0.9999999995576391,-2.9386366586223243e-05,0.0],[-1.486628726190547e-06,2.9386359747476877e-05,0.9999999995671159,0.0],[4.2654573917388916e-07,-6.109476089477539e-07,-3.337860107421875e-06,1.0]]","[[0.9999999999883133,4.600401143282962e-06,1.4864933462886166e-06,0.0],[-4.54027889957634e-06,0.9992705637547958,-0.03818822038689608,0.0],[-1.6610902027708693e-06,0.038188220379700696,0.9992705637640048,0.0],[0.5859408378601074,-0.1837858259677887,-0.15396203100681305,1.0]]",2652148.357848625
435,capture_closed_mid_open_mid_closed,75,678,679,0.0,0.0,0.038168568164110184,-0.07778292894363403,"[4.4330954551696777e-07,-6.705522537231445e-07,-3.3229589462280273e-06,-1.4562131582351867e-05,-7.282131377905898e-07,2.261167765027494e-06,1.0]","[0.5859408378601074,-0.18378590047359467,-0.15396210551261902,-0.01909746415913105,-7.712301339779515e-07,2.2468595943792025e-06,0.9998175501823425]","[[0.9999999999887137,4.5223567387260534e-06,1.4563604207361315e-06,0.0],[-4.522314321383923e-06,0.9999999995656629,-2.912426645792788e-05,0.0],[-1.4564921304262278e-06,2.9124259871479588e-05,0.9999999995748281,0.0],[4.4330954551696777e-07,-6.705522537231445e-07,-3.3229589462280273e-06,1.0]]","[[0.9999999999887137,4.522356390195984e-06,1.4563602052127574e-06,0.0],[-4.4634422308276405e-06,0.9992705737152846,-0.038187959664020686,0.0],[-1.6279974875097836e-06,0.0381879596570893,0.9992705737241918,0.0],[0.5859408378601074,-0.18378590047359467,-0.15396210551261902,1.0]]",2652148.404358181
436,capture_closed_mid_open_mid_closed,76,679,680,0.0,0.0,0.038168419152498245,-0.07777739316225052,"[4.4051557779312134e-07,-6.407499313354492e-07,-3.3527612686157227e-06,-1.463357693864964e-05,-7.386076958937338e-07,2.2863994217914296e-06,1.0]","[0.5859408378601074,-0.18378585577011108,-0.15396207571029663,-0.01909753493964672,-7.821042800060241e-07,2.271888206450967e-06,0.9998175501823425]","[[0.9999999999884537,4.57282046052795e-06,1.477148475383765e-06,0.0],[-4.572777226637768e-06,0.9999999995612616,-2.9267157254803698e-05,0.0],[-1.47728230819117e-06,2.926715049979486e-05,0.9999999995706258,0.0],[4.4051557779312134e-07,-6.407499313354492e-07,-3.3527612686157227e-06,1.0]]","[[0.9999999999884537,4.5728199293516485e-06,1.4771482416421583e-06,0.0],[-4.513074874096199e-06,0.999270568308135,-0.038188101199312256,0.0],[-1.650698099248833e-06,0.038188101192204844,0.9992705683172346,0.0],[0.5859408378601074,-0.18378585577011108,-0.15396207571029663,1.0]]",2652148.447852886
437,capture_closed_mid_open_mid_closed,77,680,681,0.0,0.0,0.03816843405365944,-0.07778041064739227,"[4.414469003677368e-07,-6.109476089477539e-07,-3.3229589462280273e-06,-1.4693237062601838e-05,-7.428570256706735e-07,2.3000966393738054e-06,1.0]","[0.5859408378601074,-0.1837858259677887,-0.15396201610565186,-0.019097594544291496,-7.866142368584406e-07,2.2855017505207798e-06,0.9998175501823425]","[[0.9999999999883155,4.600215108696374e-06,1.4856464596109686e-06,0.0],[-4.600171448798847e-06,0.9999999995576366,-2.9386477542489574e-05,0.0],[-1.4857816430717253e-06,2.938647070791778e-05,0.9999999995671139,0.0],[4.414469003677368e-07,-6.109476089477539e-07,-3.3229589462280273e-06,1.0]]","[[0.9999999999883155,4.600214401802862e-06,1.4856462669452893e-06,0.0],[-4.540124642769703e-06,0.9992705637547966,-0.038188220386894005,0.0],[-1.6602366099921466e-06,0.03818822037970277,0.9992705637640061,0.0],[0.5859408378601074,-0.1837858259677887,-0.15396201610565186,1.0]]",2652148.492016204
438,capture_closed_mid_open_mid_closed,78,681,682,0.0,0.0,0.03816843032836914,-0.07778085768222809,"[4.414469003677368e-07,-6.705522537231445e-07,-3.3527612686157227e-06,-1.4562259821104817e-05,-7.279845135599317e-07,2.26112706513959e-06,1.0]","[0.5859408378601074,-0.18378590047359467,-0.1539621353149414,-0.01909746415913105,-7.710007707828481e-07,2.2468232145911315e-06,0.9998175501823425]","[[0.9999999999887147,4.522275332478444e-06,1.455903172880241e-06,0.0],[-4.5222329280799155e-06,0.9999999995656558,-2.9124522934340606e-05,0.0],[-1.4560348813594856e-06,2.9124516350078662e-05,0.9999999995748212,0.0],[4.414469003677368e-07,-6.705522537231445e-07,-3.3527612686157227e-06,1.0]]","[[0.9999999999887147,4.522274883384017e-06,1.4559029520404945e-06,0.0],[-4.463378245037266e-06,0.9992705737152849,-0.0381879596640196,0.0],[-1.6275374552907255e-06,0.03818795965709039,0.9992705737241925,0.0],[0.5859408378601074,-0.18378590047359467,-0.1539621353149414,1.0]]",2652148.53555362
439,capture_closed_mid_open_mid_closed,79,682,683,0.0,0.0,0.03816833347082138,-0.07777608186006546,"[4.423782229423523e-07,-6.407499313354492e-07,-3.337860107421875e-06,-1.4633675164077431e-05,-7.384903142337862e-07,2.2863941921968944e-06,1.0]","[0.5859408378601074,-0.18378585577011108,-0.15396206080913544,-0.01909753493964672,-7.819868415026576e-07,2.271885023219511e-06,0.9998175501823425]","[[0.999999999988454,4.57280999804853e-06,1.4769137117677611e-06,0.0],[-4.572766770739048e-06,0.999999999561256,-2.926735370511479e-05,0.0],[-1.4770475451673837e-06,2.9267346951194933e-05,0.9999999995706204,0.0],[4.423782229423523e-07,-6.407499313354492e-07,-3.337860107421875e-06,1.0]]","[[0.9999999999884541,4.572809078478454e-06,1.4769135290724404e-06,0.0],[-4.513072994366689e-06,0.999270568308135,-0.03818810119931172,0.0],[-1.6504631435116193e-06,0.03818810119220538,0.9992705683172349,0.0],[0.5859408378601074,-0.18378585577011108,-0.15396206080913544,1.0]]",2652148.57962872
440,capture_closed_mid_open_mid_closed,80,683,684,0.0,0.0,0.03816836327314377,-0.07777899503707886,"[4.414469003677368e-07,-6.109476089477539e-07,-3.3527612686157227e-06,-1.4692785953229759e-05,-7.427283890137915e-07,2.3001489353191573e-06,1.0]","[0.5859408378601074,-0.1837858259677887,-0.15396204590797424,-0.019097594544291496,-7.86486623383098e-07,2.2855565475765616e-06,0.9998175501823425]","[[0.9999999999883153,4.600319696136797e-06,1.4853891868356486e-06,0.0],[-4.6002760451398325e-06,0.9999999995576627,-2.9385575323231344e-05,0.0],[-1.4855243692195173e-06,2.938556848968769e-05,0.9999999995671408,0.0],[4.414469003677368e-07,-6.109476089477539e-07,-3.3527612686157227e-06,1.0]]","[[0.9999999999883153,4.600319101698179e-06,1.4853889935768078e-06,0.0],[-4.540239091106662e-06,0.9992705637547962,-0.038188220386893505,0.0],[-1.6599835225914792e-06,0.03818822037970327,0.9992705637640066,0.0],[0.5859408378601074,-0.1837858259677887,-0.15396204590797424,1.0]]",2652148.623219667
441,capture_closed_mid_open_mid_closed,81,684,685,0.0,0.0,0.038168393075466156,-0.07778041809797287,"[4.423782229423523e-07,-6.705522537231445e-07,-3.3527612686157227e-06,-1.4561883290298283e-05,-7.278954399225768e-07,2.2610929590882733e-06,1.0]","[0.5859408378601074,-0.18378590047359467,-0.1539621353149414,-0.0190974622964859,-7.709110718678858e-07,2.2467909275292186e-06,0.9998175501823425]","[[0.9999999999887152,4.522207117233434e-06,1.455725028301596e-06,0.0],[-4.52216471911966e-06,0.999999999565678,-2.9123769872275074e-05,0.0],[-1.455856731388711e-06,2.912376328891806e-05,0.9999999995748434,0.0],[4.423782229423523e-07,-6.705522537231445e-07,-3.3527612686157227e-06,1.0]]","[[0.9999999999887152,4.522206892126234e-06,1.455724828513635e-06,0.0],[-4.463317111610472e-06,0.9992705738575725,-0.038187955939408526,0.0],[-1.6273568486199384e-06,0.03818795593248022,0.99927057386648,0.0],[0.5859408378601074,-0.18378590047359467,-0.1539621353149414,1.0]]",2652148.668050236
442,capture_closed_mid_open_mid_closed,82,685,686,0.0,0.0,0.03816830366849899,-0.07777576148509979,"[4.414469003677368e-07,-6.407499313354492e-07,-3.3527612686157227e-06,-1.4633369573857635e-05,-7.3844671533152e-07,2.286346216351376e-06,1.0]","[0.5859408378601074,-0.18378585577011108,-0.15396207571029663,-0.01909753493964672,-7.819423331056896e-07,2.271837956868694e-06,0.9998175501823425]","[[0.9999999999884547,4.572714044630144e-06,1.4768265167647247e-06,0.0],[-4.5726708207753594e-06,0.9999999995612743,-2.926674252440498e-05,0.0],[-1.4769603445613551e-06,2.9266735771025562e-05,0.9999999995706383,0.0],[4.414469003677368e-07,-6.407499313354492e-07,-3.3527612686157227e-06,1.0]]","[[0.9999999999884547,4.572713262949982e-06,1.4768263262221606e-06,0.0],[-4.512980578840883e-06,0.9992705683081354,-0.038188101199311444,0.0],[-1.6503723452562227e-06,0.038188101192205656,0.999270568317235,0.0],[0.5859408378601074,-0.18378585577011108,-0.15396207571029663,1.0]]",2652148.715240779
443,capture_closed_mid_open_mid_closed,83,686,687,0.0,0.0,0.03816835209727287,-0.07777903974056244,"[4.4051557779312134e-07,-6.109476089477539e-07,-3.3527612686157227e-06,-1.4692562217533123e-05,-7.426990578096593e-07,2.300104142705095e-06,1.0]","[0.5859408378601074,-0.1837858259677887,-0.15396204590797424,-0.019097594544291496,-7.86456439527683e-07,2.28551220970985e-06,0.9998175501823425]","[[0.9999999999883158,4.600230109714422e-06,1.4853305267728716e-06,0.0],[-4.600186461105958e-06,0.9999999995576763,-2.9385127851636603e-05,0.0],[-1.4854657044657655e-06,2.9385121018495888e-05,0.999999999567154,0.0],[4.4051557779312134e-07,-6.109476089477539e-07,-3.3527612686157227e-06,1.0]]","[[0.9999999999883158,4.600229289265563e-06,1.4853303303732583e-06,0.0],[-4.540151584430176e-06,0.9992705637547966,-0.0381882203868933,0.0],[-1.659921472401524e-06,0.03818822037970348,0.9992705637640067,0.0],[0.5859408378601074,-0.1837858259677887,-0.15396204590797424,1.0]]",2652148.760269735
444,capture_closed_mid_open_mid_closed,84,687,688,0.0,0.0,0.03816838562488556,-0.07778029143810272,"[4.4330954551696777e-07,-6.705522537231445e-07,-3.3527612686157227e-06,-1.4561697753379121e-05,-7.278692351064819e-07,2.261070221720729e-06,1.0]","[0.5859408378601074,-0.18378590047359467,-0.1539621353149414,-0.0190974622964859,-7.708844691478589e-07,2.246768644909025e-06,0.9998175501823425]","[[0.9999999999887156,4.522161641465069e-06,1.455672620170628e-06,0.0],[-4.522119245417847e-06,0.9999999995656891,-2.912339879828515e-05,0.0],[-1.4558043202552996e-06,2.9123392215231337e-05,0.9999999995748543,0.0],[4.4330954551696777e-07,-6.705522537231445e-07,-3.3527612686157227e-06,1.0]]","[[0.9999999999887156,4.5221613189278816e-06,1.4556724838639022e-06,0.0],[-4.46327357058989e-06,0.9992705738575727,-0.03818795593940837,0.0],[-1.6273028018042095e-06,0.03818795593248037,0.9992705738664801,0.0],[0.5859408378601074,-0.18378590047359467,-0.1539621353149414,1.0]]",2652148.804509489
445,capture_closed_mid_open_mid_closed,85,688,689,0.0,0.0,0.038168299943208694,-0.07777565717697144,"[4.414469003677368e-07,-6.407499313354492e-07,-3.3527612686157227e-06,-1.4633229511673562e-05,-7.384257401099603e-07,2.286318476762972e-06,1.0]","[0.5859408378601074,-0.18378585577011108,-0.15396207571029663,-0.01909753493964672,-7.819208462933602e-07,2.271810672027641e-06,0.9998175501823425]","[[0.9999999999884549,4.5726585646326086e-06,1.476784567773906e-06,0.0],[-4.572615342419279e-06,0.9999999995612827,-2.9266462399899953e-05,0.0],[-1.4769183926659352e-06,2.9266455646794296e-05,0.9999999995706467,0.0],[4.414469003677368e-07,-6.407499313354492e-07,-3.3527612686157227e-06,1.0]]","[[0.9999999999884549,4.572657882533806e-06,1.4767844025844425e-06,0.0],[-4.512926839805303e-06,0.9992705683081357,-0.038188101199311306,0.0],[-1.6503283373256832e-06,0.038188101192205795,0.9992705683172352,0.0],[0.5859408378601074,-0.18378585577011108,-0.15396207571029663,1.0]]",2652148.851707556
446,capture_closed_mid_open_mid_closed,86,689,690,0.0,0.0,0.03816835209727287,-0.07777892053127289,"[4.4051557779312134e-07,-6.109476089477539e-07,-3.3527612686157227e-06,-1.4692454897158314e-05,-7.426875185956305e-07,2.300082542205928e-06,1.0]","[0.5859408378601074,-0.1837858259677887,-0.15396204590797424,-0.019097594544291496,-7.864445024097222e-07,2.2854908365843585e-06,0.9998175501823425]","[[0.9999999999883161,4.600186908217595e-06,1.4853074494732388e-06,0.0],[-4.6001432606061165e-06,0.9999999995576828,-2.9384913210801817e-05,0.0],[-1.4854426249092833e-06,2.9384906377831437e-05,0.9999999995671603,0.0],[4.4051557779312134e-07,-6.109476089477539e-07,-3.3527612686157227e-06,1.0]]","[[0.9999999999883161,4.600186094873147e-06,1.4853072768437563e-06,0.0],[-4.540109301918716e-06,0.9992705637547967,-0.038188220386893214,0.0],[-1.659896786170883e-06,0.03818822037970356,0.9992705637640067,0.0],[0.5859408378601074,-0.1837858259677887,-0.15396204590797424,1.0]]",2652148.895337999
447,capture_closed_mid_open_mid_closed,87,690,691,0.0,0.0,0.03816838562488556,-0.07778021693229675,"[4.4330954551696777e-07,-6.705522537231445e-07,-3.3527612686157227e-06,-1.4561612260877155e-05,-7.278639486685279e-07,2.2610529413213953e-06,1.0]","[0.5859408378601074,-0.18378590047359467,-0.1539621353149414,-0.0190974622964859,-7.708788416493917e-07,2.2467513645096915e-06,0.9998175501823425]","[[0.9999999999887157,4.522127080387989e-06,1.4556620481845901e-06,0.0],[-4.5220846848975926e-06,0.9999999995656942,-2.9123227813232155e-05,0.0],[-1.4557937464895214e-06,2.9123221230276464e-05,0.9999999995748593,0.0],[4.4330954551696777e-07,-6.705522537231445e-07,-3.3527612686157227e-06,1.0]]","[[0.9999999999887157,4.522126549492946e-06,1.4556618909439893e-06,0.0],[-4.463239231038714e-06,0.9992705738575728,-0.03818795593940832,0.0],[-1.6272908888371977e-06,0.03818795593248043,0.9992705738664801,0.0],[0.5859408378601074,-0.18378590047359467,-0.1539621353149414,1.0]]",2652148.941458955
448,capture_closed_mid_open_mid_closed,88,691,692,0.0,0.0,0.038168299943208694,-0.07777561992406845,"[4.414469003677368e-07,-6.407499313354492e-07,-3.3527612686157227e-06,-1.4633160390076227e-05,-7.384292075585108e-07,2.2863064259581733e-06,1.0]","[0.5859408378601074,-0.18378585577011108,-0.15396207571029663,-0.01909753493964672,-7.819240863682353e-07,2.271798393849167e-06,0.9998175501823425]","[[0.999999999988455,4.5726344630224085e-06,1.4767915033397578e-06,0.0],[-4.572591240810285e-06,0.9999999995612868,-2.926632415670334e-05,0.0],[-1.4769253268942855e-06,2.926631740360157e-05,0.9999999995706507,0.0],[4.414469003677368e-07,-6.407499313354492e-07,-3.3527612686157227e-06,1.0]]","[[0.999999999988455,4.572633454412047e-06,1.4767913505177753e-06,0.0],[-4.512902164173772e-06,0.9992705683081358,-0.0381881011993113,0.0],[-1.6503343473272464e-06,0.0381881011922058,0.9992705683172352,0.0],[0.5859408378601074,-0.18378585577011108,-0.15396207571029663,1.0]]",2652148.985791415
449,capture_closed_mid_open_mid_closed,89,692,693,0.0,0.0,0.03816835209727287,-0.07777892798185349,"[4.4051557779312134e-07,-6.109476089477539e-07,-3.3527612686157227e-06,-1.4692389413539786e-05,-7.426779120578431e-07,2.3000807232165243e-06,1.0]","[0.5859408378601074,-0.1837858259677887,-0.15396204590797424,-0.019097592681646347,-7.864348390285159e-07,2.2854892449686304e-06,0.9998175501823425]","[[0.9999999999883161,4.600183269859234e-06,1.48528823675235e-06,0.0],[-4.600139623006863e-06,0.9999999995576866,-2.938478224351787e-05,0.0],[-1.4854234114790222e-06,2.9384775410641273e-05,0.9999999995671642,0.0],[4.4051557779312134e-07,-6.109476089477539e-07,-3.3527612686157227e-06,1.0]]","[[0.9999999999883161,4.600182540198101e-06,1.4852880229136825e-06,0.0],[-4.54010649129241e-06,0.9992705638970849,-0.038188216662282545,0.0],[-1.65987739362846e-06,0.03818821665509299,0.9992705639062949,0.0],[0.5859408378601074,-0.1837858259677887,-0.15396204590797424,1.0]]",2652149.031971674
