relative_path,git_blob_sha,bytes,sha256,before_relative_path,content_matches_before
04_PhysX-3D/.gitattributes,84d1e5c479670651376f77f52af6c3ee833c52e0,115,d15553cbdd326a221fc086670aa6c6d421bdeb47d6b0165fb9679d150e5e1176,04_PhysX-3D/.gitattributes,true
04_PhysX-3D/00_결과보기/README.md,9ffc71caab82dddf826898f0b34273a609a9d3d9,1430,7922eed9ed2b10c63a6ba65cd31fde10822ef66f8c38488cf5353d8ddb3cd1b1,04_PhysX-3D/00_결과보기/README.md,false
04_PhysX-3D/00_결과보기/결과영상/01_원본_table_예제/README.md,dc476bb8f45d4644e9dade98de5c2b16e10dd0d5,1117,3c29a0fb8fe671161b9b296ca817d72ace379674976bc6d72614442ab6baa77a,04_PhysX-3D/00_결과보기/결과영상/01_원본_table_예제/README.md,true
04_PhysX-3D/00_결과보기/결과영상/01_원본_table_예제/affordance.mp4,17928dcd358fb0dced6eeb6649fe55c25c8fba5e,80233,a87415fd6ddbf1db4c5edce5e8c3cf2a8f8bab10b2ab97489f594a6e132b3950,04_PhysX-3D/00_결과보기/결과영상/01_원본_table_예제/affordance.mp4,true
04_PhysX-3D/00_결과보기/결과영상/01_원본_table_예제/description.mp4,8b87cf4b482b4236483bc7af2339ebdcd49ae9d5,66816,48c10e4bd5f01c68be956051f9046a76377737c9c46d1ff4cdc85878997f0b67,04_PhysX-3D/00_결과보기/결과영상/01_원본_table_예제/description.mp4,true
04_PhysX-3D/00_결과보기/결과영상/01_원본_table_예제/material.mp4,e464e97fb45fb6a9e21ab4b0f7f0c8173c04f177,85137,ac6ff1aa2ce7a7e80337ec8233cfe11f1ae4ef2b6f898d2fcd6b79296c3c6330,04_PhysX-3D/00_결과보기/결과영상/01_원본_table_예제/material.mp4,true
04_PhysX-3D/00_결과보기/결과영상/01_원본_table_예제/rgb.mp4,bc6577f9c3a6cdd453e51b73ed3a87d2d290a3c0,31444,192a42d0db0c1123f9b5a68ca075d01039159cb403e852636b537d8e722ecb2c,04_PhysX-3D/00_결과보기/결과영상/01_원본_table_예제/rgb.mp4,true
04_PhysX-3D/00_결과보기/결과영상/02_노트북_힌지_10163/README.md,bffb231464994ff6fa84188b107acc06739ada00,4287,5b6043f0d7b4804dbde2354dc755e72d1c0c7fcdfa7af5c22acb406edd36f5d6,04_PhysX-3D/00_결과보기/결과영상/02_노트북_힌지_10163/README.md,true
04_PhysX-3D/00_결과보기/결과영상/02_노트북_힌지_10163/laptop_hinge_comparison.mp4,5dde797b4c1d57c71b68f148061369ee45ca988f,99540,4299165aae7bf3e6b6d8d763ec32fada07e58bd9f703b2336bc5eabc439e437f,04_PhysX-3D/00_결과보기/결과영상/02_노트북_힌지_10163/laptop_hinge_comparison.mp4,true
04_PhysX-3D/00_결과보기/결과영상/02_노트북_힌지_10163/laptop_hinge_comparison_poster.png,9706aed66dba7c0b1358bd09f8cde32d3a1db545,34055,0d53075c02ee1247fade0a7cf85e1be30b956ff1b668c9a9dc5d348b3174713e,04_PhysX-3D/00_결과보기/결과영상/02_노트북_힌지_10163/laptop_hinge_comparison_poster.png,true
04_PhysX-3D/00_결과보기/결과영상/03_수납장_힌지_29806/01_힌지구조_GT_설명/README.md,f649b3439d22971614c2ac7ec730f4a5fc2c4ab7,1330,aaa0b056ffbcdaf27ee5c048960286e62b20028dd2308e68dd55bee65094bdb1,04_PhysX-3D/00_결과보기/결과영상/03_수납장_힌지_29806/01_힌지구조_GT_설명/README.md,true
04_PhysX-3D/00_결과보기/결과영상/03_수납장_힌지_29806/01_힌지구조_GT_설명/cabinet_hinge_reference.mp4,79e6d24af4659e0c6bababd74fe78ccc2d385f14,49591,2997363246c926388bbaff40171de20ff157091e281f682bbe856266eeaf1854,04_PhysX-3D/00_결과보기/결과영상/03_수납장_힌지_29806/01_힌지구조_GT_설명/cabinet_hinge_reference.mp4,true
04_PhysX-3D/00_결과보기/결과영상/03_수납장_힌지_29806/01_힌지구조_GT_설명/cabinet_hinge_reference_poster.png,8037c39c4a655536f9bbbd3e10cd381f2ac42dd4,69791,0722b1a427c886c80fb61dda114ed1694830a9df8e589f00128d14e6f13f2911,04_PhysX-3D/00_결과보기/결과영상/03_수납장_힌지_29806/01_힌지구조_GT_설명/cabinet_hinge_reference_poster.png,true
04_PhysX-3D/00_결과보기/결과영상/03_수납장_힌지_29806/02_AI_생성결과_비교/README.md,929fea19c97b1e78fec2e67b6bf0f76099b89cca,2108,bd2aead1badeb72497501e39748123164114516e154006c71595a536bfcf5afe,04_PhysX-3D/00_결과보기/결과영상/03_수납장_힌지_29806/02_AI_생성결과_비교/README.md,true
04_PhysX-3D/00_결과보기/결과영상/03_수납장_힌지_29806/02_AI_생성결과_비교/cabinet_hinge_comparison.mp4,7d45abda7e5f9ec5641099ff1c5506ebc6b4a095,163211,1c5ddfb237fc8dc65a71ef6d7dc7e20f9acab8890456a2279516adeaf9f31669,04_PhysX-3D/00_결과보기/결과영상/03_수납장_힌지_29806/02_AI_생성결과_비교/cabinet_hinge_comparison.mp4,true
04_PhysX-3D/00_결과보기/결과영상/03_수납장_힌지_29806/02_AI_생성결과_비교/cabinet_hinge_comparison_poster.png,aae09363b1d9d7536fb19eeee553bca23abd9546,94007,86696c726b076b100f0ec50d0078b38d8ccf6dc2bc98058e8a624bcaa23705ad,04_PhysX-3D/00_결과보기/결과영상/03_수납장_힌지_29806/02_AI_생성결과_비교/cabinet_hinge_comparison_poster.png,true
04_PhysX-3D/00_결과보기/결과영상/04_로봇팔_응용개념시연/README.md,2705021fe07aa55a38171a7e0b8f3930c880fc93,2741,4e54128728acee4eeb0fdf68f00aabdb0f95b358323605756782813ba22e5845,04_PhysX-3D/00_결과보기/결과영상/04_로봇팔_응용개념시연/README.md,true
04_PhysX-3D/00_결과보기/결과영상/04_로봇팔_응용개념시연/robot_arm_manufacturing_concept.mp4,84d0b8636e717a597d064f65d2989be17bc9fe7f,72925,27be8cc796140bcb94cc8c7a86775fe27ed2107c41405b2076892a733a77fcf5,04_PhysX-3D/00_결과보기/결과영상/04_로봇팔_응용개념시연/robot_arm_manufacturing_concept.mp4,true
04_PhysX-3D/00_결과보기/결과영상/04_로봇팔_응용개념시연/robot_arm_manufacturing_concept_poster.png,d63d00f1f8047b78c95e4174e4994dd37702c79d,130389,94b302dee61125d862ba8b48ae2c09e0cda7a7aa4e632aa84ce26cf00e33bb35,04_PhysX-3D/00_결과보기/결과영상/04_로봇팔_응용개념시연/robot_arm_manufacturing_concept_poster.png,true
04_PhysX-3D/00_결과보기/결과이미지/02_노트북_힌지_10163/conditioning_000.png,cbb3f02f5ce115b773a1b721b75aec25064260e0,617066,1ab5c5ca9ec79bb22f0ce3a20943020de6bcbd57386d5b44f9624e53e4b19574,04_PhysX-3D/00_결과보기/결과이미지/02_노트북_힌지_10163/conditioning_000.png,true
04_PhysX-3D/00_결과보기/결과이미지/02_노트북_힌지_10163/mesh_preview.png,64e338dab2e61a731cce9e10ea733d4acbb4c303,78517,76a1ac3932f9904fe1f08733afa951fb8b9d8896e834dac408aa64f2a6fa7624,04_PhysX-3D/00_결과보기/결과이미지/02_노트북_힌지_10163/mesh_preview.png,true
04_PhysX-3D/00_결과보기/결과이미지/02_노트북_힌지_10163/predicted_group_preview.png,4c2210456b33fe7c8d176d72b01f4eed31a1d46f,342506,a34ae38d5f42b157476f5e330a59b4925bb1c65eb35f16254243dd07e9bb36b7,04_PhysX-3D/00_결과보기/결과이미지/02_노트북_힌지_10163/predicted_group_preview.png,true
04_PhysX-3D/00_결과보기/파일무결성_SHA256.csv,0fb8a10a8c084d74f834c017c2ff5030d4ba2b6c,6154,6e985dbd0f04f5f19a51e249309ced08992778c58f34d18658acea362a3b4e77,04_PhysX-3D/00_결과보기/파일무결성_SHA256.csv,false
04_PhysX-3D/90_실험기록_아카이브/PhysX-3D_통합검증_증거.json,ac82df01d1046e854c31c6c26c07d442aa200656,2620,e23712529b564b9a3108b9f64c3fc412eae684bc81fa7103771fbfecdd9b1652,04_PhysX-3D/PhysX-3D_통합검증_증거.json,true
04_PhysX-3D/90_실험기록_아카이브/PhysX-3D_통합검증_진단.py,718f76d2a88768fce84cb67fb960f2cbe598284e,2679,0c96e04f8237174694d45a1bf04ce369b511d59a9bf578b4bb40bbfde47a23d5,04_PhysX-3D/PhysX-3D_통합검증_진단.py,true
04_PhysX-3D/90_실험기록_아카이브/PhysX-3D_팀원비교_통합실행계획.md,b7f919c4f4fbac5d9739f6524da273f17369bf1e,24718,4b0890ad05b5720a63605875249a8f62dd5934a6c30d5978b90e915cb191fa6f,04_PhysX-3D/PhysX-3D_팀원비교_통합실행계획.md,true
04_PhysX-3D/README.md,6a2ab041f5b4733b1580239e8a9a2ff37c7088fd,1362,cf8fa47bd0c19d88560a136e278010766880de9f10b66641a48172168afdec0b,04_PhysX-3D/README.md,false
04_PhysX-3D/03_평가및최종보고서/evaluation/2026-09-27_final-integrated-report/README.md,3847535fea45ae91f900605e01c19b4d382ba0c1,10461,b201eb3ad179a2b36834a8d7e260dac1be193c9fd5db97d56712386cbcb85341,04_PhysX-3D/evaluation/2026-09-27_final-integrated-report/README.md,true
04_PhysX-3D/03_평가및최종보고서/evaluation/2026-09-27_final-integrated-report/sample_inventory.csv,9690b16186cba4a82cb7e1c1a306870d36b9e337,1292,7afdb51b416aad3c4b97667c12743ec60ebe4f624031ddb091348279a0b7f4e4,04_PhysX-3D/evaluation/2026-09-27_final-integrated-report/sample_inventory.csv,true
04_PhysX-3D/03_평가및최종보고서/evaluation/2026-09-27_final-integrated-report/summary.json,c78b7ab108a7b870c2ac8a912ecee9eee7458eb2,2772,72a24c93a044b515c12bcce2764d427c733c02874ab2f0f1f94c45d74ba4e8fc,04_PhysX-3D/evaluation/2026-09-27_final-integrated-report/summary.json,true
04_PhysX-3D/03_평가및최종보고서/evaluation/2026-09-27_generated-urdf-usd-isaac-pilot/README.md,46aaa996f6fbe3f8970be98b51604a6233ced4d9,3129,ea7c4dc4c939a575f552d7c9b265a5bae849b23994154ec4407df9bff88d6ae9,04_PhysX-3D/evaluation/2026-09-27_generated-urdf-usd-isaac-pilot/README.md,true
04_PhysX-3D/03_평가및최종보고서/evaluation/2026-09-27_generated-urdf-usd-isaac-pilot/contract_manifest.json,775002a03d947dfe45f13b0c3bece46cacecc1af,696,266302fe48ac0f2bed03c6f0241297246677ae355234eea4d52f20356568f21c,04_PhysX-3D/evaluation/2026-09-27_generated-urdf-usd-isaac-pilot/contract_manifest.json,true
04_PhysX-3D/03_평가및최종보고서/evaluation/2026-09-27_physx-bench-compatibility/README.md,ca9d048e59adef428c793a42b3f7439ba205cd6e,2157,fae64b5940638e8b4ba24dd2fad0de1cadcb869d2bc163311c7bffaa4a036ad8,04_PhysX-3D/evaluation/2026-09-27_physx-bench-compatibility/README.md,true
04_PhysX-3D/03_평가및최종보고서/evaluation/2026-09-27_physx-bench-compatibility/audit_summary.json,4a714738279998379eceb7834958574ba236794c,1245,ceaebc7e82ac86e22610ccba7c0ba0067e7cf1ac0b987f2920c5634cbe0e435e,04_PhysX-3D/evaluation/2026-09-27_physx-bench-compatibility/audit_summary.json,true
04_PhysX-3D/03_평가및최종보고서/evaluation/2026-09-27_physx-bench-dqs-preparation/README.md,4e3e80ad4908de9e62e08b2a2312d1d157ac749e,1753,1fb8b77de8e1b621d2cd7b952f3e513c279012618e970ab257f14f6c894619e4,04_PhysX-3D/evaluation/2026-09-27_physx-bench-dqs-preparation/README.md,true
04_PhysX-3D/03_평가및최종보고서/evaluation/2026-09-27_physx-bench-dqs-preparation/conversion_hash_manifest.json,b3e5fd2a9c15e29142b30b8f7eaa2a4113e4cdf9,18874,b853b9e58ebbe7464dbf761b6121166371e6c4b7a0331a78f04795232c0000be,04_PhysX-3D/evaluation/2026-09-27_physx-bench-dqs-preparation/conversion_hash_manifest.json,true
04_PhysX-3D/03_평가및최종보고서/evaluation/2026-09-27_physx-bench-dqs-preparation/dqs.csv,d44bdf1d394d42c781204d7aa39f65d1e388d8f6,10045,ca2dd2413b5dd8b6eb8e100de068a2fa1cc09d70311d0d0093e5814d95c61168,04_PhysX-3D/evaluation/2026-09-27_physx-bench-dqs-preparation/dqs.csv,true
04_PhysX-3D/03_평가및최종보고서/evaluation/2026-09-27_physx-bench-dqs-preparation/dqs.jsonl,012753ec546dc3dc059ae6f84a380c5e38db703d,22811,5392b12c088c5ef21cc45cb355e9e1425ac345138ae658294a11125f2b17e158,04_PhysX-3D/evaluation/2026-09-27_physx-bench-dqs-preparation/dqs.jsonl,true
04_PhysX-3D/03_평가및최종보고서/evaluation/2026-09-27_public-only-v1-04379243-batch20/FREEZE.md,9554b554c514b7d518f0908daea4b0819e99cf19,2256,876e9c6c1e2554bf738236fd7abf4ff8438f30600b9a7e69d4b48e0ed74cbe7f,04_PhysX-3D/evaluation/2026-09-27_public-only-v1-04379243-batch20/FREEZE.md,true
04_PhysX-3D/03_평가및최종보고서/evaluation/2026-09-27_public-only-v1-04379243-batch20/README.md,2cd32e84ae64ae61ff678096193fe7142f03635c,2093,c41b25c6e1529d4de3bffd127a850a26cc59cc80339de8eb2c0bb7f133cc44c4,04_PhysX-3D/evaluation/2026-09-27_public-only-v1-04379243-batch20/README.md,true
04_PhysX-3D/03_평가및최종보고서/evaluation/2026-09-27_public-only-v1-04379243-batch20/batch_summary.json,0a1738d004cc2970758e317346eae45755bba4ed,18054,fafb5ee87f7d48b4964254178b5e22813a29ab9fdc1a2b21fd6c806906e9a63a,04_PhysX-3D/evaluation/2026-09-27_public-only-v1-04379243-batch20/batch_summary.json,false
04_PhysX-3D/03_평가및최종보고서/evaluation/2026-09-27_public-only-v1-04379243-batch20/eight_sample_report.json,14cad1497121228c874067a2be830840c5016e0c,135853,99c4dd6e3c659a48b98c7ed89f1a748a46b54c776230b01dadb607e84937c16e,04_PhysX-3D/evaluation/2026-09-27_public-only-v1-04379243-batch20/eight_sample_report.json,false
04_PhysX-3D/03_평가및최종보고서/evaluation/2026-09-27_public-only-v1-04379243-batch20/eight_sample_summary.csv,58a2efc9bed73a6f983b2320b01fe643fc324f69,3357,6db383c0df514af51598060778312c49139fceb7b19aee3e81ef87b84dd258b7,04_PhysX-3D/evaluation/2026-09-27_public-only-v1-04379243-batch20/eight_sample_summary.csv,true
04_PhysX-3D/03_평가및최종보고서/evaluation/2026-09-27_public-only-v1-04379243-batch20/failure_ledger.json,548a9ea83d6f41b7ddc1b29fb55e499d6c37670b,739,4b10a0c962de366dec9fc3da8d93cbc8e46462587a0d905de950dde39d89b1b2,04_PhysX-3D/evaluation/2026-09-27_public-only-v1-04379243-batch20/failure_ledger.json,true
04_PhysX-3D/03_평가및최종보고서/evaluation/2026-09-27_public-only-v1-04379243-batch20/manifest.json,1614adb0ce3aad8b7d62cb8ace6a6f32c94703bd,37599,13bdbf3f408b9e9b4d6b4ded87c39bc7c9671075e11fb43c1a6c35da0d0e29ed,04_PhysX-3D/evaluation/2026-09-27_public-only-v1-04379243-batch20/manifest.json,false
04_PhysX-3D/03_평가및최종보고서/evaluation/2026-09-27_public-only-v1-04379243-batch20/metric_audit.json,79849a27b790cc2644df65071e8f3e146f518d28,2256,ae622b2b97658dbae0a6b2375ed13639dec512dda3a0455a288f7ace56849249,04_PhysX-3D/evaluation/2026-09-27_public-only-v1-04379243-batch20/metric_audit.json,true
04_PhysX-3D/03_평가및최종보고서/evaluation/2026-09-27_public-only-v1-04379243-batch20/records.csv,825fcba5b5117c77da9ade52d43b7c5a63edc8f5,17794,250efc789ee7456f659d3cf0023f3a8ce3203246029108e861effaba9e00d01c,04_PhysX-3D/evaluation/2026-09-27_public-only-v1-04379243-batch20/records.csv,true
04_PhysX-3D/03_평가및최종보고서/evaluation/2026-09-27_public-only-v1-04379243-batch20/results.json,ebb7cb729a09f4ddfc66e22b5d42233c5a601559,112519,376faeb9fc6f56cedc4b6d794d51f26ec851b2cc3ff911faf8c66d182cf36774,04_PhysX-3D/evaluation/2026-09-27_public-only-v1-04379243-batch20/results.json,true
04_PhysX-3D/03_평가및최종보고서/evaluation/2026-09-27_public-only-v1-04379243-batch20/selection_manifest.json,7339b6ecd4f9835d420f54cf7741059b679a0bfd,23271,21459f739bd33087c5b2404aa1169f6eedcb73f536021d580e660a79def0df37,04_PhysX-3D/evaluation/2026-09-27_public-only-v1-04379243-batch20/selection_manifest.json,true
04_PhysX-3D/03_평가및최종보고서/evaluation/2026-09-27_public-only-v1-articulation-balance/README.md,01daca12fec53484bc858d6106018b026a775eea,1037,770593b130aa4aea24f9c89e12b5271bf865d3ff9117f4e8af580730147c8cc2,04_PhysX-3D/evaluation/2026-09-27_public-only-v1-articulation-balance/README.md,true
04_PhysX-3D/03_평가및최종보고서/evaluation/2026-09-27_public-only-v1-articulation-balance/batch_result.json,7a8fc36ff90b4c5c587f3cd31ba8bdb481b690c9,9787,b9f592586c78eece5a26c6b3fa96482e7b85129494d96a851513a378cfd892af,04_PhysX-3D/evaluation/2026-09-27_public-only-v1-articulation-balance/batch_result.json,true
04_PhysX-3D/03_평가및최종보고서/evaluation/2026-09-27_public-only-v1-articulation-balance/eight_sample_report.json,8df42d2eac92f439b381b1d93854b0953784b6e6,170436,4a91ca65aada32ecb531fdbc84c96e0d1fef36b2d25defdab615a66f47253b42,04_PhysX-3D/evaluation/2026-09-27_public-only-v1-articulation-balance/eight_sample_report.json,false
04_PhysX-3D/03_평가및최종보고서/evaluation/2026-09-27_public-only-v1-articulation-balance/eight_sample_summary.csv,5cbb84f67121a8f44684c1166e59e05bea2f4bde,4122,8843bb43d94e245a7f3e293f9e71c7dcd91a9c84011b13e1645256e60519bfba,04_PhysX-3D/evaluation/2026-09-27_public-only-v1-articulation-balance/eight_sample_summary.csv,true
04_PhysX-3D/03_평가및최종보고서/evaluation/2026-09-27_public-only-v1-articulation-balance/metric_audit.json,79849a27b790cc2644df65071e8f3e146f518d28,2256,ae622b2b97658dbae0a6b2375ed13639dec512dda3a0455a288f7ace56849249,04_PhysX-3D/evaluation/2026-09-27_public-only-v1-articulation-balance/metric_audit.json,true
04_PhysX-3D/03_평가및최종보고서/evaluation/2026-09-27_public-only-v1-articulation-balance/records.csv,c1801989e566f372619a0cc77c29941303eca4b8,22222,1d08b6a10271811fcce033479fe626ac93e188f55bef18bab4c29ffb51e52b5c,04_PhysX-3D/evaluation/2026-09-27_public-only-v1-articulation-balance/records.csv,true
04_PhysX-3D/03_평가및최종보고서/evaluation/2026-09-27_public-only-v1-articulation-balance/results.json,3410f9bff61a22b19fb914d642935c2635e0da2e,140852,98c1ac2fe329d505ba1d5b000dfdcf092d433e3a6aee3344715ed4fc1a3830a0,04_PhysX-3D/evaluation/2026-09-27_public-only-v1-articulation-balance/results.json,true
04_PhysX-3D/03_평가및최종보고서/evaluation/2026-09-27_public-only-v1-articulation-balance/selection_and_preflight.json,435fae2098741b46c3be97452f3d1bc9f4f26138,32232,d47b25f47b4c873793d46cc84e4787c60d80995dba23cb6c969a2c4463d08471,04_PhysX-3D/evaluation/2026-09-27_public-only-v1-articulation-balance/selection_and_preflight.json,true
04_PhysX-3D/03_평가및최종보고서/evaluation/2026-09-27_public-only-v1-density-affordance-readiness-r2/README.md,a2ab4c0fb6107d68cbfe180475cd0f15daf77d28,1490,93c97f20db0780f8a781258c9e573f0248820571ed3b4048dd79752721ef1009,04_PhysX-3D/evaluation/2026-09-27_public-only-v1-density-affordance-readiness-r2/README.md,true
04_PhysX-3D/03_평가및최종보고서/evaluation/2026-09-27_public-only-v1-density-affordance-readiness-r2/camera_manifest.json,ede5d15164e9bd1b6adbf8a5b258e93ae1047770,11405,42428a1eed4f55d09618018faff570f4f01da74ba7e5f8a2eeea12b95c27a62f,04_PhysX-3D/evaluation/2026-09-27_public-only-v1-density-affordance-readiness-r2/camera_manifest.json,true
04_PhysX-3D/03_평가및최종보고서/evaluation/2026-09-27_public-only-v1-density-affordance-readiness-r2/conditions_comparison.csv,4c34865cf616bc4435b1d78dc2d7002a8664b547,596,d62f4e71feb69d6f92eca261c44457bd08fa55102336a5cd949c5fce42a8b9fc,04_PhysX-3D/evaluation/2026-09-27_public-only-v1-density-affordance-readiness-r2/conditions_comparison.csv,true
04_PhysX-3D/03_평가및최종보고서/evaluation/2026-09-27_public-only-v1-density-affordance-readiness-r2/failure_ledger.json,6331a4a2d1fde3758f0a8c72689419c873269e18,911,4c42799f7ab569734157d2a565ccd51947f10ff3a13528314a69ce87eca6afd0,04_PhysX-3D/evaluation/2026-09-27_public-only-v1-density-affordance-readiness-r2/failure_ledger.json,true
04_PhysX-3D/03_평가및최종보고서/evaluation/2026-09-27_public-only-v1-density-affordance-readiness-r2/map_results.csv,e35c83e26dd1cd9745457d3a0965fb20da9eafcb,11029,69639e7b439e9c3ae34788d824e5e772b75b3351d8d8da75f5a766e13b751792,04_PhysX-3D/evaluation/2026-09-27_public-only-v1-density-affordance-readiness-r2/map_results.csv,true
04_PhysX-3D/03_평가및최종보고서/evaluation/2026-09-27_public-only-v1-density-affordance-readiness-r2/map_results.json,849ef6d1ee58252fc4ac29ae5511ae1f222e4d93,14976,9442498cc483d6bfe99e33024f94fa606a93b17870f18e54d07ad1c0a0761990,04_PhysX-3D/evaluation/2026-09-27_public-only-v1-density-affordance-readiness-r2/map_results.json,true
04_PhysX-3D/03_평가및최종보고서/evaluation/2026-09-27_public-only-v1-density-affordance-readiness-r2/protocol.json,3c14b4aa08cf9e7605f031914036343b63ba613b,1343,f76ae89d11493910f208b739018bafc32b80352bfaeb08660aabf6188da4d41a,04_PhysX-3D/evaluation/2026-09-27_public-only-v1-density-affordance-readiness-r2/protocol.json,true
04_PhysX-3D/03_평가및최종보고서/evaluation/2026-09-27_public-only-v1-density-affordance-readiness-r2/source_audit.json,076dce5267b7366a1c9e2260b1ccbe96499bef0b,2421,77f03a141206c7e567a4e0787c58fb60108227937b64ee9ad336b61189976689,04_PhysX-3D/evaluation/2026-09-27_public-only-v1-density-affordance-readiness-r2/source_audit.json,true
04_PhysX-3D/03_평가및최종보고서/evaluation/2026-09-27_public-only-v1-density-affordance-readiness-r2/synthetic_validation.json,4dec4c42cd65a989d221374cb46b1901465bedba,1546,388b9a4dd2a6db4b3a61be460561f10c7bdfbdb8c17ff4cf80c39aa805763607,04_PhysX-3D/evaluation/2026-09-27_public-only-v1-density-affordance-readiness-r2/synthetic_validation.json,true
04_PhysX-3D/03_평가및최종보고서/evaluation/2026-09-27_public-only-v1-eight-actual/README.md,3fa1ba116990d132620e1e81373a9f4fca52ff12,1734,5c681c8d6f39ab8376360b7770a0619e8fc91b366ce8ccb7756bb940a1775625,04_PhysX-3D/evaluation/2026-09-27_public-only-v1-eight-actual/README.md,true
04_PhysX-3D/03_평가및최종보고서/evaluation/2026-09-27_public-only-v1-eight-actual/eight_sample_report.json,dcf130a8d9063d0ae0af5ece0a11c0ef34b941ad,61616,ef7b934405659a06fc64976937f5907eacb7e846069b50c2fc1554981138ddd6,04_PhysX-3D/evaluation/2026-09-27_public-only-v1-eight-actual/eight_sample_report.json,false
04_PhysX-3D/03_평가및최종보고서/evaluation/2026-09-27_public-only-v1-eight-actual/eight_sample_summary.csv,ac3b68241168c709a9518667cb82384851317011,1425,6104a225b0e8b28fe45efe8681b8093a9a0a7ddb2db5eef0480f964202dd726c,04_PhysX-3D/evaluation/2026-09-27_public-only-v1-eight-actual/eight_sample_summary.csv,true
04_PhysX-3D/03_평가및최종보고서/evaluation/2026-09-27_public-only-v1-eight-actual/failure_ledger.json,38a77ede36d4f59e1d48e0c7866b276f8e9036ea,380,17b7c596aa7b4ef7fd4676bceecdfbddc8b1eb7a7ba723cfdc695c422ac37298,04_PhysX-3D/evaluation/2026-09-27_public-only-v1-eight-actual/failure_ledger.json,true
04_PhysX-3D/03_평가및최종보고서/evaluation/2026-09-27_public-only-v1-eight-actual/manifest.json,ce092322c7d6eebb8f2aea3aec5588d7fa9ae517,15085,9def109711c48fd54837da85379f04199b7e6e9ac640c381f14ac989f1a92be0,04_PhysX-3D/evaluation/2026-09-27_public-only-v1-eight-actual/manifest.json,false
04_PhysX-3D/03_평가및최종보고서/evaluation/2026-09-27_public-only-v1-eight-actual/metric_audit.json,79849a27b790cc2644df65071e8f3e146f518d28,2256,ae622b2b97658dbae0a6b2375ed13639dec512dda3a0455a288f7ace56849249,04_PhysX-3D/evaluation/2026-09-27_public-only-v1-eight-actual/metric_audit.json,true
04_PhysX-3D/03_평가및최종보고서/evaluation/2026-09-27_public-only-v1-eight-actual/records.csv,7b1626ddb4f9e75019a6a05e56b5e683b82e81f2,7153,fb6a68548d577e287f938f3cc7a7e2a4a8bb652e5e16a5fcea911ef240d96e97,04_PhysX-3D/evaluation/2026-09-27_public-only-v1-eight-actual/records.csv,true
04_PhysX-3D/03_평가및최종보고서/evaluation/2026-09-27_public-only-v1-eight-actual/results.json,8c076d5404f6ab47ef70665a506a8aa05529ec12,46752,8e996b7c7ba7eff909dd302affcfe119d447672e45495639f3a43db4da7ad89b,04_PhysX-3D/evaluation/2026-09-27_public-only-v1-eight-actual/results.json,true
04_PhysX-3D/03_평가및최종보고서/evaluation/2026-09-27_public-only-v1-eleven-actual/CATEGORY_EXTENSION_RECOVERY.md,8770620f38d50225fc4d3162d19b7afe1f1b337c,1518,38ac3f1864b4318c1d220cd5c0b386c909e869ee7dc318f7dccde1e44ed68cb5,04_PhysX-3D/evaluation/2026-09-27_public-only-v1-eleven-actual/CATEGORY_EXTENSION_RECOVERY.md,true
04_PhysX-3D/03_평가및최종보고서/evaluation/2026-09-27_public-only-v1-eleven-actual/README.md,812e0e30db128bf0054d992d66a13d0f21e941f9,1093,2b6c724b4ff7a3f7dc9c13acb132f450f5e11c8d19c8010192e6805629d77063,04_PhysX-3D/evaluation/2026-09-27_public-only-v1-eleven-actual/README.md,true
04_PhysX-3D/03_평가및최종보고서/evaluation/2026-09-27_public-only-v1-eleven-actual/category_extension_recovery.json,f6fbceb03f9fe737c82cfa275ec5ba16a51b9fe2,3697,4621aad4eece7312a347ddff5f49e620b05e0af73451249f57fbcfead06a5cf6,04_PhysX-3D/evaluation/2026-09-27_public-only-v1-eleven-actual/category_extension_recovery.json,true
04_PhysX-3D/03_평가및최종보고서/evaluation/2026-09-27_public-only-v1-eleven-actual/eight_sample_report.json,50bde0dad1754783eee137685d591eed686f21b6,80705,fba8422b75c4f01d8ea26efa8d6580e866218bd78cd14d3eda4d43084457deb5,04_PhysX-3D/evaluation/2026-09-27_public-only-v1-eleven-actual/eight_sample_report.json,false
04_PhysX-3D/03_평가및최종보고서/evaluation/2026-09-27_public-only-v1-eleven-actual/eight_sample_summary.csv,26e1ee97a7b8ccb9918ae39761f434a5b8685035,1929,6ea5453645a6b5f2570f13bb231d4168140da2921edcb1e70f3d362ddc5d4963,04_PhysX-3D/evaluation/2026-09-27_public-only-v1-eleven-actual/eight_sample_summary.csv,true
04_PhysX-3D/03_평가및최종보고서/evaluation/2026-09-27_public-only-v1-eleven-actual/failure_ledger.json,0a2950069d540e75d17b901c198647bc8aba96b0,465,d5b7e55d6355c67bbb67f3ca002d18af108607efe5f564edfb8304f4d1076f38,04_PhysX-3D/evaluation/2026-09-27_public-only-v1-eleven-actual/failure_ledger.json,true
04_PhysX-3D/03_평가및최종보고서/evaluation/2026-09-27_public-only-v1-eleven-actual/manifest.json,8801ef6f7dcbb1c558d09c4bbbbde6e7d52669ee,20711,cf79fb1597356c65715d6a97e53caf7a5a1e208d42aaf1c3ceb45d853ef15ff4,04_PhysX-3D/evaluation/2026-09-27_public-only-v1-eleven-actual/manifest.json,false
04_PhysX-3D/03_평가및최종보고서/evaluation/2026-09-27_public-only-v1-eleven-actual/metric_audit.json,79849a27b790cc2644df65071e8f3e146f518d28,2256,ae622b2b97658dbae0a6b2375ed13639dec512dda3a0455a288f7ace56849249,04_PhysX-3D/evaluation/2026-09-27_public-only-v1-eleven-actual/metric_audit.json,true
04_PhysX-3D/03_평가및최종보고서/evaluation/2026-09-27_public-only-v1-eleven-actual/records.csv,4df5fb87289296996b2735e9d63a210179653033,9814,863a016f1a47dc6499b65bce28cc452e7363bb0b2e05487736249d55270314de,04_PhysX-3D/evaluation/2026-09-27_public-only-v1-eleven-actual/records.csv,true
04_PhysX-3D/03_평가및최종보고서/evaluation/2026-09-27_public-only-v1-eleven-actual/results.json,8242cd5b35b19c758ef8cf2e4a2d84a84fab6153,63554,eaed2c513bfa1a92fdfd0cf05a554c749e5ba3f822f92b6c22f235e746e390ff,04_PhysX-3D/evaluation/2026-09-27_public-only-v1-eleven-actual/results.json,true
04_PhysX-3D/03_평가및최종보고서/evaluation/2026-09-27_public-only-v1-eleven-actual/static_validation.json,1d1c64de288b8f694393b8952ab7a115bc6618e5,1315,5457eb90f530cce63a4f11bc787f775b6811cfb726dbc0a2e5e1e9d43d032792,04_PhysX-3D/evaluation/2026-09-27_public-only-v1-eleven-actual/static_validation.json,true
04_PhysX-3D/03_평가및최종보고서/evaluation/2026-09-27_public-only-v1-eleven-final-audit/INTERIM_REPRODUCTION_REPORT.md,73446108d027ce6697041b3dba6bf11ee069b141,3368,dca9757a12cea13a38904dff3ab7c40ecdc659a7f870aaf3c681499a91a4ffff,04_PhysX-3D/evaluation/2026-09-27_public-only-v1-eleven-final-audit/INTERIM_REPRODUCTION_REPORT.md,true
04_PhysX-3D/03_평가및최종보고서/evaluation/2026-09-27_public-only-v1-eleven-final-audit/README.md,d396270b2613c25c15a62fd3ce341746e7ef7f78,307,09f01e003fc5ab09e6bb27d63327a8f38fb4db753355f18914cfbddebd1e20a1,04_PhysX-3D/evaluation/2026-09-27_public-only-v1-eleven-final-audit/README.md,true
04_PhysX-3D/03_평가및최종보고서/evaluation/2026-09-27_public-only-v1-eleven-final-audit/audit.json,4365a624746b761d1ede9aecd8a59128de5d9c58,27206,fa7b423019b2d4e3f24eada8e8e4f65d99ae71f24bca1b4761393a38bc6a4c0e,04_PhysX-3D/evaluation/2026-09-27_public-only-v1-eleven-final-audit/audit.json,false
04_PhysX-3D/03_평가및최종보고서/evaluation/2026-09-27_public-only-v1-eleven-final-audit/overview_existing_previews.png,397697d48338e4b29b2805b9ac1d6f12e119d288,336770,2dd6b3e2d193834bcd8fe7a0c506d6cacc1badf7d230bc503ba65dca0387f931,04_PhysX-3D/evaluation/2026-09-27_public-only-v1-eleven-final-audit/overview_existing_previews.png,true
04_PhysX-3D/03_평가및최종보고서/evaluation/2026-09-27_public-only-v1-eligibility/README.md,e1fdcafb7f165668bbd76df4a13399193850857d,4789,ae5c98432d23c65a5c3e405591a0bd633bd52610028be75b66b684ad0232cfa9,04_PhysX-3D/evaluation/2026-09-27_public-only-v1-eligibility/README.md,true
04_PhysX-3D/03_평가및최종보고서/evaluation/2026-09-27_public-only-v1-eligibility/eligibility_manifest.json,720160d49cf37eb30470f8ba435ef79d858c91f4,1293408,105110030701cebfb8cdfd700c4702b8f0791f00f24c8d7ff98b04db42726edf,04_PhysX-3D/evaluation/2026-09-27_public-only-v1-eligibility/eligibility_manifest.json,false
04_PhysX-3D/03_평가및최종보고서/evaluation/2026-09-27_public-only-v1-eligibility/proposal_10_new_samples.csv,e2c94086f1abf081ed9d2f17e2ad485b81b99b65,1131,0a8dc1653963e08fe229608412968e3b36405b057893d10a10484d8c62b0855d,04_PhysX-3D/evaluation/2026-09-27_public-only-v1-eligibility/proposal_10_new_samples.csv,true
04_PhysX-3D/03_평가및최종보고서/evaluation/2026-09-27_public-only-v1-eligibility/required_files.csv,26c0c985c38d6f23d0537bdf7df79676561a2466,10649,d46f09ca365910f105c92395f57f0c59bccee82248351fa8c163ce712dce75b5,04_PhysX-3D/evaluation/2026-09-27_public-only-v1-eligibility/required_files.csv,true
04_PhysX-3D/03_평가및최종보고서/evaluation/2026-09-27_public-only-v1-eligibility/validation_result.json,61061e30ff496500fa8b8a4e413c6a1f97b638e5,459,2f7b20b209d5bc67928642df9d3887a099742f4d7abe3ca73b6f02351a7f6a1b,04_PhysX-3D/evaluation/2026-09-27_public-only-v1-eligibility/validation_result.json,true
04_PhysX-3D/03_평가및최종보고서/evaluation/2026-09-27_public-only-v1-extension-8/README.md,11a444d8319fa25b147d5201f2a8e1a4d63fc982,2352,460980099888bd920b90af4c1ac0841b87f346ec77f40c5707d66941a7f27a4b,04_PhysX-3D/evaluation/2026-09-27_public-only-v1-extension-8/README.md,true
04_PhysX-3D/03_평가및최종보고서/evaluation/2026-09-27_public-only-v1-extension-8/extension_execution_summary.json,c780ac65972af04ae10d11f20833f527aad7e9c3,1340,4dd04cecbf55a4f02ee0fa7c3aa78529921a9a086478821de8c349fc587d5a46,04_PhysX-3D/evaluation/2026-09-27_public-only-v1-extension-8/extension_execution_summary.json,true
04_PhysX-3D/03_평가및최종보고서/evaluation/2026-09-27_public-only-v1-extension-8/manifest.json,ce092322c7d6eebb8f2aea3aec5588d7fa9ae517,15085,9def109711c48fd54837da85379f04199b7e6e9ac640c381f14ac989f1a92be0,04_PhysX-3D/evaluation/2026-09-27_public-only-v1-extension-8/manifest.json,false
04_PhysX-3D/03_평가및최종보고서/evaluation/2026-09-27_public-only-v1-extension-8/metric_audit.json,79849a27b790cc2644df65071e8f3e146f518d28,2256,ae622b2b97658dbae0a6b2375ed13639dec512dda3a0455a288f7ace56849249,04_PhysX-3D/evaluation/2026-09-27_public-only-v1-extension-8/metric_audit.json,true
04_PhysX-3D/03_평가및최종보고서/evaluation/2026-09-27_public-only-v1-extension-8/records.csv,7b1626ddb4f9e75019a6a05e56b5e683b82e81f2,7153,fb6a68548d577e287f938f3cc7a7e2a4a8bb652e5e16a5fcea911ef240d96e97,04_PhysX-3D/evaluation/2026-09-27_public-only-v1-extension-8/records.csv,true
04_PhysX-3D/03_평가및최종보고서/evaluation/2026-09-27_public-only-v1-extension-8/results.json,8c076d5404f6ab47ef70665a506a8aa05529ec12,46752,8e996b7c7ba7eff909dd302affcfe119d447672e45495639f3a43db4da7ad89b,04_PhysX-3D/evaluation/2026-09-27_public-only-v1-extension-8/results.json,true
04_PhysX-3D/03_평가및최종보고서/evaluation/2026-09-27_public-only-v1-extension-download-blocked/README.md,b65798eb370d04264c50d6cc8c6c15f9c879c153,1189,896e910d0ea9eb3a41a981b01eac94197df7d54e36b5c8258855129c89985365,04_PhysX-3D/evaluation/2026-09-27_public-only-v1-extension-download-blocked/README.md,true
04_PhysX-3D/03_평가및최종보고서/evaluation/2026-09-27_public-only-v1-extension-download-blocked/download_failure_ledger.json,55a02da95c86f7b6c343e8f13f061f17f0271ed2,1909,bf19cf2a2203eeb97ba6b2311acea83658b63c99ae6a674a1e92be0e7f8dcc51,04_PhysX-3D/evaluation/2026-09-27_public-only-v1-extension-download-blocked/download_failure_ledger.json,true
04_PhysX-3D/03_평가및최종보고서/evaluation/2026-09-27_public-only-v1/README.md,91416d2da58708e7a05b103066084cd9d98ae60e,4383,420183207b630243b4095b9bb70aaa003b7f84734f218bbfcea5e3d505af54b3,04_PhysX-3D/evaluation/2026-09-27_public-only-v1/README.md,true
04_PhysX-3D/03_평가및최종보고서/evaluation/2026-09-27_public-only-v1/extension_manifest_rules.md,bb46781fd3e116412c9e1d161b3f026402ac6390,1658,bdfa293d481874ac27de97812a0e4545458de6ff7a7dbd10550b038b8f53bf88,04_PhysX-3D/evaluation/2026-09-27_public-only-v1/extension_manifest_rules.md,true
04_PhysX-3D/03_평가및최종보고서/evaluation/2026-09-27_public-only-v1/manifest.json,8e62ddb8fb230544e78def1d4708fb5cd0d7214d,5705,5e5ec3feb583e81393cac3670e2f9c3131d5fd91286aa21749a927e9e02f3562,04_PhysX-3D/evaluation/2026-09-27_public-only-v1/manifest.json,false
04_PhysX-3D/03_평가및최종보고서/evaluation/2026-09-27_public-only-v1/metric_audit.json,79849a27b790cc2644df65071e8f3e146f518d28,2256,ae622b2b97658dbae0a6b2375ed13639dec512dda3a0455a288f7ace56849249,04_PhysX-3D/evaluation/2026-09-27_public-only-v1/metric_audit.json,true
04_PhysX-3D/03_평가및최종보고서/evaluation/2026-09-27_public-only-v1/records.csv,dd3dd135f157348f8dd34dbfd61aff2b8670f95e,2721,bad1627cc30f10dda0a4a1c0f19282d051d32257a92cff2043c822e949121f13,04_PhysX-3D/evaluation/2026-09-27_public-only-v1/records.csv,true
04_PhysX-3D/03_평가및최종보고서/evaluation/2026-09-27_public-only-v1/results.json,7abf5d1254efe185727de2e7fec872f5cf90cffd,19791,52c900fd36f9f20118a6322207336cebafd3b040d4d000700787c4549d8e40bc,04_PhysX-3D/evaluation/2026-09-27_public-only-v1/results.json,true
04_PhysX-3D/03_평가및최종보고서/evaluation/2026-09-28_final-integrated-report-r2/README.md,786ff86ccfa83dc4a3d677fdcc26c0fad6e2016a,10109,a81c9a9e89679cc5d22bb0a67aefcba84dd7079228a31474058517788a13abd0,04_PhysX-3D/evaluation/2026-09-28_final-integrated-report-r2/README.md,true
04_PhysX-3D/03_평가및최종보고서/evaluation/2026-09-28_final-integrated-report-r2/reference_hashes.json,ec6b855b0554c55bc0572bccece779a4a6b2fa32,1624,cfba8728c61ca8eaff06f0de689995556bfb16806ad37ee3ee95b48d99fadef9,04_PhysX-3D/evaluation/2026-09-28_final-integrated-report-r2/reference_hashes.json,true
04_PhysX-3D/03_평가및최종보고서/evaluation/2026-09-28_final-integrated-report-r2/summary.json,d1e6db5ccb9fcff657cbff70d7a99975634da471,1879,eae5489b5100318fab3aaa2e73f012f9922c751c80a491459bf3b45bacbb147d,04_PhysX-3D/evaluation/2026-09-28_final-integrated-report-r2/summary.json,true
04_PhysX-3D/03_평가및최종보고서/evaluation/README.md,be07a9501ad97d9808c6079baaae1874951e4b93,10157,6ffac5c2c09daea68010fe078364eae59f8eefe617e05543233ad1cbe047a2b0,04_PhysX-3D/evaluation/README.md,false
04_PhysX-3D/03_평가및최종보고서/evaluation/audit_density_affordance_public_only_v1.py,603c1d863c904d5a7cc2ca84622c584bcbfc1585,14064,01a0dcab82fed3b3a3fb0ac50a9a986881d732d07051940088e3f62b3186bc4a,04_PhysX-3D/evaluation/audit_density_affordance_public_only_v1.py,true
04_PhysX-3D/03_평가및최종보고서/evaluation/build_eligibility_manifest_v1.py,db9d3c8003546e59559ece3dfcfc416785b5562f,15074,6be7972999ea0163ba40bb8eea8b6aa489c6fcc6b49e70e5fe982b0153eba7d2,04_PhysX-3D/evaluation/build_eligibility_manifest_v1.py,true
04_PhysX-3D/03_평가및최종보고서/evaluation/cli.py,832c8f9df1b0e1b11c59920242e15801de7a27df,3094,8c346a0bf09d609b33b8b70296d756bec41f43d3c5cec44455f2a5854d9c365c,04_PhysX-3D/evaluation/cli.py,true
04_PhysX-3D/03_평가및최종보고서/evaluation/configs/synthetic-scale.json,d1e992d459e9ccadd94f356c05e5f564ebd069e6,546,9dfdbd8f9cfea90e8fd31696cae8e7ea026f0ce7edadf341d778b0c29f8caa30,04_PhysX-3D/evaluation/configs/synthetic-scale.json,true
04_PhysX-3D/03_평가및최종보고서/evaluation/configs/unresolved.json,58ab5d7afbe55bde9530551078ff0042d8a81367,1870,92c41528362f8d8802d12bb1ec6c0115d944df7ad5de207d7c75d6c9c3f77f1d,04_PhysX-3D/evaluation/configs/unresolved.json,true
04_PhysX-3D/03_평가및최종보고서/evaluation/eligibility_v1.py,a915e90807cde02ea9d0a86b341363377ef32733,842,0dc36beb99c1a4abfeaa1d7c8bdc5326edd88bc43e25c0e2d06ed20a3c9765c5,04_PhysX-3D/evaluation/eligibility_v1.py,true
04_PhysX-3D/03_평가및최종보고서/evaluation/evidence/2026-09-21/01-namespace-blocked/code-hashes.json,b4d8c373d57600a375c11d16563d2467c1355528,987,68486eef6d9925718ab8075c9880a0a390ab32fd32ff238ad82e7d57726ac5cf,04_PhysX-3D/evaluation/evidence/2026-09-21/01-namespace-blocked/code-hashes.json,true
04_PhysX-3D/03_평가및최종보고서/evaluation/evidence/2026-09-21/01-namespace-blocked/command.json,8d023d5cf0b27f792b0fffe93b3a1ba1e584dca7,2937,dd8d6f314a7452bf9a2f6397b348633def374ed4d87b7d2815fbfadee1f44483,04_PhysX-3D/evaluation/evidence/2026-09-21/01-namespace-blocked/command.json,false
04_PhysX-3D/03_평가및최종보고서/evaluation/evidence/2026-09-21/01-namespace-blocked/result.json,8b879ec95c53e334cc078ca9d11a6282ec841e90,304,067776e2b5d4813e4154a832b763dbf640b3c6ad2fb7eeb2a195313c86bb8b12,04_PhysX-3D/evaluation/evidence/2026-09-21/01-namespace-blocked/result.json,true
04_PhysX-3D/03_평가및최종보고서/evaluation/evidence/2026-09-21/01-namespace-blocked/stderr.log,80e5f0140395f088e4d43af56df8f073760b838a,208,f584d723d6016799815da1fe797c1cb4d40b556ab350e3d7b78d3d12d7febf46,04_PhysX-3D/evaluation/evidence/2026-09-21/01-namespace-blocked/stderr.log,true
04_PhysX-3D/03_평가및최종보고서/evaluation/evidence/2026-09-21/01-namespace-blocked/stdout.log,e69de29bb2d1d6434b8b29ae775ad8c2e48c5391,0,e3b0c44298fc1c149afbf4c8996fb92427ae41e4649b934ca495991b7852b855,04_PhysX-3D/evaluation/evidence/2026-09-21/01-namespace-blocked/stdout.log,true
04_PhysX-3D/03_평가및최종보고서/evaluation/evidence/2026-09-21/02-initial-42/checks.json,bd2be1168302d8a8354ccb84a5dcfab412fb7e87,8638,d8a1ab6b8c82de4b81e5ca300eed1c4822b6cddc34d307a518bb85b937bc83c0,04_PhysX-3D/evaluation/evidence/2026-09-21/02-initial-42/checks.json,true
04_PhysX-3D/03_평가및최종보고서/evaluation/evidence/2026-09-21/02-initial-42/code-hashes.json,b4d8c373d57600a375c11d16563d2467c1355528,987,68486eef6d9925718ab8075c9880a0a390ab32fd32ff238ad82e7d57726ac5cf,04_PhysX-3D/evaluation/evidence/2026-09-21/02-initial-42/code-hashes.json,true
04_PhysX-3D/03_평가및최종보고서/evaluation/evidence/2026-09-21/02-initial-42/command.json,f67e43360ded28735bbc2d8898aa363b4703b86c,2937,d37797e8972db71a4fc1b94240f6d2e3bdef5eee649af3fc70b6a0a9c4429a1d,04_PhysX-3D/evaluation/evidence/2026-09-21/02-initial-42/command.json,false
04_PhysX-3D/03_평가및최종보고서/evaluation/evidence/2026-09-21/02-initial-42/manifest-summary.json,4ed4fc0bbe477a43ff38017ccc95a855511a2e72,448,e135735bb86e1d318f43ba9add49ee79ed33328eb06a4dfcb7846aa78169101e,04_PhysX-3D/evaluation/evidence/2026-09-21/02-initial-42/manifest-summary.json,false
04_PhysX-3D/03_평가및최종보고서/evaluation/evidence/2026-09-21/02-initial-42/result.json,791ab5d88f8c826fa131dcac75ee8ccb141f3305,304,3afba5f362eb9549375499650817ac36c46b10b03cb09188c53483cd6559d310,04_PhysX-3D/evaluation/evidence/2026-09-21/02-initial-42/result.json,true
04_PhysX-3D/03_평가및최종보고서/evaluation/evidence/2026-09-21/02-initial-42/stderr.log,a68bbc9b1fee19d42dddcb356f060e14222f19db,3817,a2262f56f6fa58b1f1570567fd1fbfc76f436203cb1f588deed77df941f9eb58,04_PhysX-3D/evaluation/evidence/2026-09-21/02-initial-42/stderr.log,true
04_PhysX-3D/03_평가및최종보고서/evaluation/evidence/2026-09-21/02-initial-42/stdout.log,bfafa257560d7417553c211e499b36d28b2c2587,98,1e36aa2e1f396ad52edf1084adba8f8225eaf5cab190f4e263c4dc67676535e8,04_PhysX-3D/evaluation/evidence/2026-09-21/02-initial-42/stdout.log,true
04_PhysX-3D/03_평가및최종보고서/evaluation/evidence/2026-09-21/02-initial-42/versions.json,f3b7847172ee45869ce0993c38632f4cd899fda4,284,9e9bad0504cb5ef3aec2cfa8ac00f7438bd4c68c44179233c673e323312230d8,04_PhysX-3D/evaluation/evidence/2026-09-21/02-initial-42/versions.json,true
04_PhysX-3D/03_평가및최종보고서/evaluation/evidence/2026-09-21/03-expanded-51/checks.json,813e877503c5214cc3af8a9d5c9dfeff697bb93b,10527,f5f66040eaa25a75c8c5780485e6b360894ae9f402133b24230c9d6756427ad0,04_PhysX-3D/evaluation/evidence/2026-09-21/03-expanded-51/checks.json,true
04_PhysX-3D/03_평가및최종보고서/evaluation/evidence/2026-09-21/03-expanded-51/code-hashes.json,2302fab2a6ff8f5c4dc6ce4e3f97839604f3431f,1085,ed146410f05e95bea01aad706b43df9dc42719ba58a318030fc7d0118075cacd,04_PhysX-3D/evaluation/evidence/2026-09-21/03-expanded-51/code-hashes.json,true
04_PhysX-3D/03_평가및최종보고서/evaluation/evidence/2026-09-21/03-expanded-51/command.json,17a4b1224c3057a7666f10fa112af317ad0fb752,2937,9f63aa8aeffbabad5402292699316e8040b64dda8f763343eb6783be2bf8944b,04_PhysX-3D/evaluation/evidence/2026-09-21/03-expanded-51/command.json,false
04_PhysX-3D/03_평가및최종보고서/evaluation/evidence/2026-09-21/03-expanded-51/manifest-summary.json,4ed4fc0bbe477a43ff38017ccc95a855511a2e72,448,e135735bb86e1d318f43ba9add49ee79ed33328eb06a4dfcb7846aa78169101e,04_PhysX-3D/evaluation/evidence/2026-09-21/03-expanded-51/manifest-summary.json,false
04_PhysX-3D/03_평가및최종보고서/evaluation/evidence/2026-09-21/03-expanded-51/result.json,70da8e69e68add22acf99cd4fb09e167dbaa0aae,304,67104effbf03d4f6c197f71e865e23fdbeb3e570be76cc4b38e2e975569645fd,04_PhysX-3D/evaluation/evidence/2026-09-21/03-expanded-51/result.json,true
04_PhysX-3D/03_평가및최종보고서/evaluation/evidence/2026-09-21/03-expanded-51/stderr.log,138e4be3266424236f6cd339f1aa05028026b789,4680,14353942e4718cb34781bfe69c722a3ba9c8e6c60a690dc59938ec05da861fff,04_PhysX-3D/evaluation/evidence/2026-09-21/03-expanded-51/stderr.log,true
04_PhysX-3D/03_평가및최종보고서/evaluation/evidence/2026-09-21/03-expanded-51/stdout.log,bfafa257560d7417553c211e499b36d28b2c2587,98,1e36aa2e1f396ad52edf1084adba8f8225eaf5cab190f4e263c4dc67676535e8,04_PhysX-3D/evaluation/evidence/2026-09-21/03-expanded-51/stdout.log,true
04_PhysX-3D/03_평가및최종보고서/evaluation/evidence/2026-09-21/03-expanded-51/versions.json,f3b7847172ee45869ce0993c38632f4cd899fda4,284,9e9bad0504cb5ef3aec2cfa8ac00f7438bd4c68c44179233c673e323312230d8,04_PhysX-3D/evaluation/evidence/2026-09-21/03-expanded-51/versions.json,true
04_PhysX-3D/03_평가및최종보고서/evaluation/evidence/2026-09-21/04-final-53/checks.json,a91e54725cbf38dd1e89f46b37d9eeb9c8ef06a7,10946,d85567a9ca2798e4288e49ecfe18704946c8cbcbb26f836a53bd317f6f79b05e,04_PhysX-3D/evaluation/evidence/2026-09-21/04-final-53/checks.json,true
04_PhysX-3D/03_평가및최종보고서/evaluation/evidence/2026-09-21/04-final-53/code-hashes.json,270e92466ee97d0bfbaf69f5072ed4deefb2f863,1085,afe8dac219cc423fdf09cb61b7f4b2ed0601fe01923e5b98b5c394d32178318e,04_PhysX-3D/evaluation/evidence/2026-09-21/04-final-53/code-hashes.json,true
04_PhysX-3D/03_평가및최종보고서/evaluation/evidence/2026-09-21/04-final-53/command.json,fff40e81084f1e9eb9ba2f86c43f717d74dd23aa,2937,b18e9cd402df88dee9a78bc01fae7f19679c8cf572251aed3b41b821d4e15638,04_PhysX-3D/evaluation/evidence/2026-09-21/04-final-53/command.json,false
04_PhysX-3D/03_평가및최종보고서/evaluation/evidence/2026-09-21/04-final-53/manifest-summary.json,4ed4fc0bbe477a43ff38017ccc95a855511a2e72,448,e135735bb86e1d318f43ba9add49ee79ed33328eb06a4dfcb7846aa78169101e,04_PhysX-3D/evaluation/evidence/2026-09-21/04-final-53/manifest-summary.json,false
04_PhysX-3D/03_평가및최종보고서/evaluation/evidence/2026-09-21/04-final-53/result.json,805bc148ae4b438e78f7230cefa8af2d6270fc97,304,e18c865ea99d587e32492cb846157cb6d2688fedc7d09699201ee6f22173e55e,04_PhysX-3D/evaluation/evidence/2026-09-21/04-final-53/result.json,true
04_PhysX-3D/03_평가및최종보고서/evaluation/evidence/2026-09-21/04-final-53/stderr.log,82504ea4fc5ced1f698a69ceae1aea182eb81ae9,4871,f90a630f146cc5cd95ab1f4f1462da2f869f1b8442b4abb806756c4fc22676e5,04_PhysX-3D/evaluation/evidence/2026-09-21/04-final-53/stderr.log,true
04_PhysX-3D/03_평가및최종보고서/evaluation/evidence/2026-09-21/04-final-53/stdout.log,bfafa257560d7417553c211e499b36d28b2c2587,98,1e36aa2e1f396ad52edf1084adba8f8225eaf5cab190f4e263c4dc67676535e8,04_PhysX-3D/evaluation/evidence/2026-09-21/04-final-53/stdout.log,true
04_PhysX-3D/03_평가및최종보고서/evaluation/evidence/2026-09-21/04-final-53/versions.json,f3b7847172ee45869ce0993c38632f4cd899fda4,284,9e9bad0504cb5ef3aec2cfa8ac00f7438bd4c68c44179233c673e323312230d8,04_PhysX-3D/evaluation/evidence/2026-09-21/04-final-53/versions.json,true
04_PhysX-3D/03_평가및최종보고서/evaluation/evidence/2026-09-21/evidence-index.json,8e1c9a699a23bdedf23468cac1c72a727342e0ee,6010,8322222f966a1d698d326e5691a6f65bc977740414aa9c3d7c166264d296b46b,04_PhysX-3D/evaluation/evidence/2026-09-21/evidence-index.json,true
04_PhysX-3D/03_평가및최종보고서/evaluation/evidence/2026-09-21/retry-example/attempt-000001-20260921T135448712809Z-3243a9ae/command.json,4825595a622b4fd3bf691ac742e2756b041bc973,519,ecc3b9a998213f35260dc8fc1af70eb0e4df7bc1295144f96fc9db6ed9d04233,04_PhysX-3D/evaluation/evidence/2026-09-21/retry-example/attempt-000001-20260921T135448712809Z-3243a9ae/command.json,true
04_PhysX-3D/03_평가및최종보고서/evaluation/evidence/2026-09-21/retry-example/attempt-000001-20260921T135448712809Z-3243a9ae/completion.json,36ce831ae066c69a3463e0a426b14f490e5c18df,85,959a399912a8d47454306fe7ff23f9284b69566e5a83373c41253b346783da7a,04_PhysX-3D/evaluation/evidence/2026-09-21/retry-example/attempt-000001-20260921T135448712809Z-3243a9ae/completion.json,true
04_PhysX-3D/03_평가및최종보고서/evaluation/evidence/2026-09-21/retry-example/attempt-000001-20260921T135448712809Z-3243a9ae/result.json,4c6ced9bdc2394251e79576e2ce969de7a63c60a,605,abe95120a3e7c9b6a7ae0b38c7bae0540767d62afad1144d9a7df05d2c8ea8de,04_PhysX-3D/evaluation/evidence/2026-09-21/retry-example/attempt-000001-20260921T135448712809Z-3243a9ae/result.json,true
04_PhysX-3D/03_평가및최종보고서/evaluation/evidence/2026-09-21/retry-example/attempt-000001-20260921T135448712809Z-3243a9ae/stderr.log,a323bdee99172f2f46fff5c17dc3c9cf171baadd,739,f737659ae0a73989039c7825f81e965b23c45db055b93e5eece3ab4e1d49a51e,04_PhysX-3D/evaluation/evidence/2026-09-21/retry-example/attempt-000001-20260921T135448712809Z-3243a9ae/stderr.log,false
04_PhysX-3D/03_평가및최종보고서/evaluation/evidence/2026-09-21/retry-example/attempt-000001-20260921T135448712809Z-3243a9ae/stdout.log,e69de29bb2d1d6434b8b29ae775ad8c2e48c5391,0,e3b0c44298fc1c149afbf4c8996fb92427ae41e4649b934ca495991b7852b855,04_PhysX-3D/evaluation/evidence/2026-09-21/retry-example/attempt-000001-20260921T135448712809Z-3243a9ae/stdout.log,true
04_PhysX-3D/03_평가및최종보고서/evaluation/evidence/2026-09-21/retry-example/attempt-000002-20260921T135448721771Z-5bd2489d/command.json,dfa484896ba5cb05cb54a8260e6eacf284d08aad,523,14d6cc60f2d79ef55f0ec1f4c9dbd60d5843730cd290b808985209b724137754,04_PhysX-3D/evaluation/evidence/2026-09-21/retry-example/attempt-000002-20260921T135448721771Z-5bd2489d/command.json,true
04_PhysX-3D/03_평가및최종보고서/evaluation/evidence/2026-09-21/retry-example/attempt-000002-20260921T135448721771Z-5bd2489d/completion.json,c10ea8eced3a5699ee4ca816efb571fbbe3c5da8,85,72d278048b6906a16af073e94cf17daeb739eb472e4dc722de1341714f47d04f,04_PhysX-3D/evaluation/evidence/2026-09-21/retry-example/attempt-000002-20260921T135448721771Z-5bd2489d/completion.json,true
04_PhysX-3D/03_평가및최종보고서/evaluation/evidence/2026-09-21/retry-example/attempt-000002-20260921T135448721771Z-5bd2489d/result.json,a4ab67be70fb6e65fe6bf073e14be664de3fb737,684,79fbe03e25e828846cff18353dc0e3e73e9340d976f0835ee44ccf426122f2b4,04_PhysX-3D/evaluation/evidence/2026-09-21/retry-example/attempt-000002-20260921T135448721771Z-5bd2489d/result.json,true
04_PhysX-3D/03_평가및최종보고서/evaluation/evidence/2026-09-21/retry-example/attempt-000002-20260921T135448721771Z-5bd2489d/stderr.log,e69de29bb2d1d6434b8b29ae775ad8c2e48c5391,0,e3b0c44298fc1c149afbf4c8996fb92427ae41e4649b934ca495991b7852b855,04_PhysX-3D/evaluation/evidence/2026-09-21/retry-example/attempt-000002-20260921T135448721771Z-5bd2489d/stderr.log,true
04_PhysX-3D/03_평가및최종보고서/evaluation/evidence/2026-09-21/retry-example/attempt-000002-20260921T135448721771Z-5bd2489d/stdout.log,7026c9db2c55eb585f8931c5837d5d6ad4efc9a2,47,6f98fc55de973b4f8aba13594710438cab91981e53a3b920a97a7e9633e24665,04_PhysX-3D/evaluation/evidence/2026-09-21/retry-example/attempt-000002-20260921T135448721771Z-5bd2489d/stdout.log,true
04_PhysX-3D/03_평가및최종보고서/evaluation/physx_eval/__init__.py,d26174bc9271b2bb1ebda680d86e542637f31b3a,82,7fb7f2714df88ea9ac953d735b45a09678727aac368a0c557bd83c6b2fd61022,04_PhysX-3D/evaluation/physx_eval/__init__.py,true
04_PhysX-3D/03_평가및최종보고서/evaluation/physx_eval/common.py,272671cacbffabc885da3dfbfd383858f872efb2,3242,b8b7145296eabbd315342d5250b57a7c2b4852c8742e90c1540e64fa4335f796,04_PhysX-3D/evaluation/physx_eval/common.py,true
04_PhysX-3D/03_평가및최종보고서/evaluation/physx_eval/contracts.py,69581e6f87d08f6628db0ac2368eb155fdc033d9,2483,40ea99a7d0513a76b4005187636703c517d2d14dbcb7b5124e137cf0e58949c4,04_PhysX-3D/evaluation/physx_eval/contracts.py,true
04_PhysX-3D/03_평가및최종보고서/evaluation/physx_eval/manifest.py,7f1aaf2182c6de9400c2ee12ded4dd9fcb5dddd2,5161,9c9eb03b032d4fc17f374cc18341f4ca3838d8c921d3b53f8de5459db75672c5,04_PhysX-3D/evaluation/physx_eval/manifest.py,true
04_PhysX-3D/03_평가및최종보고서/evaluation/physx_eval/mapping.py,5880efbd855a1f7bf8b15d6d6cf641d9d2c1e85d,7386,bca37db7925f6aaff3e45b1bff52f4e091c7f0a1d4c0c305fbbc95dd4aedec8a,04_PhysX-3D/evaluation/physx_eval/mapping.py,true
04_PhysX-3D/03_평가및최종보고서/evaluation/physx_eval/metrics.py,deed6efafc9bdd2aed00693f3fe513ae38066ae6,16203,58f2798989aff9481c347cf197061dbf6c5603dedf68d18dd98f99654011652c,04_PhysX-3D/evaluation/physx_eval/metrics.py,true
04_PhysX-3D/03_평가및최종보고서/evaluation/physx_eval/runner.py,5ca0d6312647ca085a275b43f4f9c1487cd8d3dd,10713,76d3c74da0715b1d2c3d97f479f24fbcc1f4c80a3e2869e4b0dabcc482c80cbf,04_PhysX-3D/evaluation/physx_eval/runner.py,true
04_PhysX-3D/03_평가및최종보고서/evaluation/public_only_v1.py,0c54dc9b9f11b976b1b5441273deb8c5bcbbd517,10430,11935a6a30af3360940c62b4693e63fda5c0cb5e8b80e63e72e9256c79f473d0,04_PhysX-3D/evaluation/public_only_v1.py,true
04_PhysX-3D/03_평가및최종보고서/evaluation/run_cpu_checks.py,5610a9415904d7283c32309d6b39da95ed848aad,6846,576865338e87f4dca82d09cea21e2aa70682a8b1d9081aa9cc0096deeb04383c,04_PhysX-3D/evaluation/run_cpu_checks.py,false
04_PhysX-3D/03_평가및최종보고서/evaluation/run_public_only_v1.py,d4899e7547a03ea3864e51c1826870f0ec908ddc,13128,db6f6f350554cdc3732ba21d96ba1f6c84d61e1d88a620bd42c0376080d62dee,04_PhysX-3D/evaluation/run_public_only_v1.py,false
04_PhysX-3D/03_평가및최종보고서/evaluation/run_public_only_v1_eight_actual.py,897366cd1ef9926c1a8e7d5ad44e16585800ecf2,9432,c4f05516342e568940154ed86683bce07eef1f9bbc7f7d4b71aa2b57e12e4d77,04_PhysX-3D/evaluation/run_public_only_v1_eight_actual.py,true
04_PhysX-3D/03_평가및최종보고서/evaluation/run_public_only_v1_eleven_actual.py,d15b41848cbffa44efbd62b4a8787237c403ea5b,805,c09f6c537ead7207451e043cec602296a2cfc561e52654b67fc195d3e3407720,04_PhysX-3D/evaluation/run_public_only_v1_eleven_actual.py,true
04_PhysX-3D/03_평가및최종보고서/evaluation/run_public_only_v1_extension_results.py,8299e3cf8130804168c93e4b3ec1b07715c3e6ac,4293,51b3512e36f196db9ca649a67c898485cab8208d3deba6d242d293e7778ae096,04_PhysX-3D/evaluation/run_public_only_v1_extension_results.py,true
04_PhysX-3D/03_평가및최종보고서/evaluation/run_public_only_v1_twenty_actual.py,e4600e766d857f2f1e028ac67c320a1b0e784f10,1715,bca462837d3a85e05b7da192e14f6a6c9a2147e457e0c5d8a8a206696121f1b5,04_PhysX-3D/evaluation/run_public_only_v1_twenty_actual.py,true
04_PhysX-3D/03_평가및최종보고서/evaluation/tests/test_eligibility_v1.py,4b57ce0be0b3608da656c53116034375bdba40dc,1774,6ec3a4bd5ef2bee44680d50869298fdc964c03b4f2651cd00e507b05eb36d28b,04_PhysX-3D/evaluation/tests/test_eligibility_v1.py,true
04_PhysX-3D/03_평가및최종보고서/evaluation/tests/test_metrics.py,1ed646bbd1f4cc505e7a653de5cc0d09de454967,16354,067d7ef94b2761f2adea1c2b7e2bf9178793441f00e01e1973e6f7053761317b,04_PhysX-3D/evaluation/tests/test_metrics.py,true
04_PhysX-3D/03_평가및최종보고서/evaluation/tests/test_public_only_v1.py,405c5ba1e6423d6e322083b15cbb108393ddbe86,2969,5edefdad00aa5a8e683187278a492acca938b867b67a2b254f1c22e604379dde,04_PhysX-3D/evaluation/tests/test_public_only_v1.py,true
04_PhysX-3D/03_평가및최종보고서/evaluation/tests/test_workflow.py,4cdb67e0e473dfd67d76ee67617fa4f9943e3317,20559,fa57f16411658ed9ef5341db51597ec866c8f342841539fb6b4a19adcb51cb5a,04_PhysX-3D/evaluation/tests/test_workflow.py,false
04_PhysX-3D/03_평가및최종보고서/evaluation/verify_eleven_public_only_v1.py,f2c75b3197275c1a68652b1fe496c6241d19e713,15552,adb66288cded57d7ba28f15383c04898796d48bafc353613c106b5cd61f3d375,04_PhysX-3D/evaluation/verify_eleven_public_only_v1.py,false
04_PhysX-3D/04_한계및후속작업/문의초안/2026-09-26_PhysX-3D_spconv_5090_int32_issue_draft.md,5b16631a795b0967606e9c65d186d0497f52ae1c,1909,d5362fc2a24d2bd14964be83a6828a1aa3ae77350609309b040b7cd1ba3bd72a,04_PhysX-3D/문의초안/2026-09-26_PhysX-3D_spconv_5090_int32_issue_draft.md,true
04_PhysX-3D/01_재현실행/사용법/29354_implicit_gemm_runner.md,cb23e5fe90ed40b7aec025fa9deac87277e13e0d,462,8f03cab83979893a14b7a50137719c5ef032833f425fff0f7e43d4ad9f4884ef,04_PhysX-3D/사용법/29354_implicit_gemm_runner.md,false
04_PhysX-3D/01_재현실행/사용법/29354_inference_runner.md,03cfdaecfc4f343c09852efdd5588570d21ef342,828,5e5a0a6ce22b0cc0b6695c3058ae3daf1821752c8fd9bd1bd61f5eaeb50c2c7c,04_PhysX-3D/사용법/29354_inference_runner.md,false
04_PhysX-3D/90_실험기록_아카이브/사전조사비교_및_채택근거.md,02bd0b5febeae660f1385e288e8f46d50e798577,1753,57e2e134760167a7760e4460e5d262ee5d466727fc1a9917dc5be3f0fe062d31,04_PhysX-3D/사전조사비교_및_채택근거.md,true
04_PhysX-3D/90_실험기록_아카이브/사전준비_검토용/PhysX-3D_공식코드_패치/01_example_py_kinematic_map_fix.patch,3bcd1134a883df9bb36a18aefbb1541940a1a388,652,dbc2f3bbec3df0d1c118ff6a76bbfbc4a1533a344d46fc4445ebf992a5b406e8,04_PhysX-3D/사전준비_검토용/PhysX-3D_공식코드_패치/01_example_py_kinematic_map_fix.patch,true
04_PhysX-3D/90_실험기록_아카이브/사전준비_검토용/PhysX-3D_공식코드_패치/02_example_render_gt_foreval_py_des_index_fix.patch,48b1e4e625370db49e5a3af700a0f5a2850111e5,802,511fc63b338af16a8ab6bb411120ba7128873ed7f8b33ae5411dc4186e51e736,04_PhysX-3D/사전준비_검토용/PhysX-3D_공식코드_패치/02_example_render_gt_foreval_py_des_index_fix.patch,true
04_PhysX-3D/90_실험기록_아카이브/사전준비_검토용/PhysX-3D_공식코드_패치/03_example_render_gt_foreval_py_meshname_fix_설계근거.patch,28f0f029cbb722b5fcfa1dfd201c9ac0224e2205,842,d0e73d4beb46091557dcb46831a6e9a4758d83e659b9b8f64eadc2910c200009,04_PhysX-3D/사전준비_검토용/PhysX-3D_공식코드_패치/03_example_render_gt_foreval_py_meshname_fix_설계근거.patch,true
04_PhysX-3D/90_실험기록_아카이브/사전준비_검토용/PhysX-3D_공식코드_패치/README.md,18f4b38a6a20940813bb08eb8734c205618577f6,6056,29010919d6e2b8543be64f06abcc7d941c8794d1a70f16935b6acb8cc4701fa2,04_PhysX-3D/사전준비_검토용/PhysX-3D_공식코드_패치/README.md,true
04_PhysX-3D/90_실험기록_아카이브/사전준비_검토용/PhysX-3D_공식코드_패치/regenerate_and_verify.py,29e8a5dc3ecded8726952c03e5932330200e2aa8,6131,8b1b125f5a271c6285b26725de94ed5a2811e1ab3b5667231c1939d5970bb4f7,04_PhysX-3D/사전준비_검토용/PhysX-3D_공식코드_패치/regenerate_and_verify.py,true
04_PhysX-3D/90_실험기록_아카이브/사전준비_검토용/PhysX-3D_공식코드_패치/verification_result.json,09796450ec527b6f9a472ceb7ab944999642daac,1313,307918354960c69858cf8fb857b0301be0a73bbdc42e4fc5c776988c76879e7a,04_PhysX-3D/사전준비_검토용/PhysX-3D_공식코드_패치/verification_result.json,true
04_PhysX-3D/90_실험기록_아카이브/사전준비_검토용/PhysX-3D_설치스크립트/00_snapshot.sh,0e2d880572bdb9ebe4b4c8b9fb4cdb4a0f89b90e,1011,f460f23454a1e2a6aa8abc844d26be36f5f3c7bb99f7ebffe787007b722a1f4d,04_PhysX-3D/사전준비_검토용/PhysX-3D_설치스크립트/00_snapshot.sh,true
04_PhysX-3D/90_실험기록_아카이브/사전준비_검토용/PhysX-3D_설치스크립트/01_clone_and_env.sh,97b3f1f0315eebe1989a96aed81d02965326a1f9,2734,f5d5ca7dcf08a3ea318102f2301c6173f51f38c8a6019beebee11491a5fa8735,04_PhysX-3D/사전준비_검토용/PhysX-3D_설치스크립트/01_clone_and_env.sh,true
04_PhysX-3D/90_실험기록_아카이브/사전준비_검토용/PhysX-3D_설치스크립트/02_install_deps.sh,f2c2d65bda3bfb1796c29da80d7604b061350267,7652,e6dab31f8223a2d80b3cada842f993adfd5ad168b1f723dc292f29e51ee2ee5e,04_PhysX-3D/사전준비_검토용/PhysX-3D_설치스크립트/02_install_deps.sh,true
04_PhysX-3D/90_실험기록_아카이브/사전준비_검토용/PhysX-3D_설치스크립트/03_download_checkpoints.sh,7ac024712d8a281c4f91c57bb4bbfdb9f9256113,2591,b50325d23a591761d5eca17bac89c8ea014965b9b5c4c5724a7d258cd838e6f9,04_PhysX-3D/사전준비_검토용/PhysX-3D_설치스크립트/03_download_checkpoints.sh,true
04_PhysX-3D/90_실험기록_아카이브/사전준비_검토용/PhysX-3D_설치스크립트/04_run_example.sh,f35d05591c7bdc37ef9df235f796aa77b9105d2e,3158,44fd26b53be8f07644be0cd6ac1e81671881f5cb3187ef5b74ce492019e97a41,04_PhysX-3D/사전준비_검토용/PhysX-3D_설치스크립트/04_run_example.sh,true
04_PhysX-3D/90_실험기록_아카이브/사전준비_검토용/PhysX-3D_설치스크립트/05_run_custom_image.sh,10d885ee35850ec04a3855fe5556ef74da50ac2d,3495,51b29c3f27b6df6f46c3b3038568c55703ab2957b1a1413978c306b0de34e43a,04_PhysX-3D/사전준비_검토용/PhysX-3D_설치스크립트/05_run_custom_image.sh,true
04_PhysX-3D/01_재현실행/실행스크립트/README.md,37daf4c1df2198cb3016787d897f3e465c5376e5,1740,86fa538f6c69d113059883cc44a71571733289bc43d615617376a1c72bb789cd,04_PhysX-3D/실행스크립트/README.md,false
04_PhysX-3D/01_재현실행/실행스크립트/cuda_jit_environment.sh,b7ab3ac4119242036f43a452047111a96765c1b1,3180,71958a7dd00910dda9ec42e5bd15daa4a41cc204f4cd8a16e0bf50ac4e22bffb,04_PhysX-3D/실행스크립트/cuda_jit_environment.sh,true
04_PhysX-3D/01_재현실행/실행스크립트/run_nvdiffrast_gcc12_compile.sh,9b0643a0ce0105e5daa2c6b006411e108b0f9b15,2278,032ee838c6584839f286ab35dacfe145c2118f29db05cd81388d1e568cc304f9,04_PhysX-3D/실행스크립트/run_nvdiffrast_gcc12_compile.sh,true
04_PhysX-3D/01_재현실행/실행스크립트/run_original_table_terminal.sh,ca0f426155305c06a49d2a72ee1cdc13be4ffc2e,11239,a0dd484c4bcf86fb92f09fe9c1fc7258375c574ad733cb18c7cc8f8d01b0805a,04_PhysX-3D/실행스크립트/run_original_table_terminal.sh,true
04_PhysX-3D/90_실험기록_아카이브/실험일지/2026-09-21_CUDA확장_검토계획.md,2679d8d24602dbf4fd242773ccfc4368122f2988,6899,75b4fe47b3de2b32ac05a30ecdcaad246ce0676eeec34955d3ce8afd3e856e4b,04_PhysX-3D/실험일지/2026-09-21_CUDA확장_검토계획.md,false
04_PhysX-3D/90_실험기록_아카이브/실험일지/2026-09-21_GT최소표본_확보검토.md,8d8135172eb78927f73b389d775f494d4d35e1eb,9550,c78b95ad7416658809ae42b52b85d8628599ed5dcf1dba644cfb68420244d03c,04_PhysX-3D/실험일지/2026-09-21_GT최소표본_확보검토.md,false
04_PhysX-3D/90_실험기록_아카이브/실험일지/2026-09-21_Git_메모리인증_및_기록체계.md,eef9361f76c8266915165ef51af5ee06d36e10f2,9735,e4d05931a0493809ca6da420d5de4d1d1f8a88068432743488e423d3d4d86079,04_PhysX-3D/실험일지/2026-09-21_Git_메모리인증_및_기록체계.md,false
04_PhysX-3D/90_실험기록_아카이브/실험일지/2026-09-21_공식예제_01_확장준비.md,8b5373635eaf0c8ef7aad8377c1cade58a374e7d,5180,f10d7bb1a1f353c87561b65c0571daeb31158e2b2271680c83a091ca7b72c4b3,04_PhysX-3D/실험일지/2026-09-21_공식예제_01_확장준비.md,false
04_PhysX-3D/90_실험기록_아카이브/실험일지/2026-09-21_공식예제_02_렌더러검사.md,3783abceefe0058746582141e96b3e7d4b31227e,3262,0a3e318c6b25f5897c2ddd8336b43f806c87531aaec067c573ed788f40de0d91,04_PhysX-3D/실험일지/2026-09-21_공식예제_02_렌더러검사.md,false
04_PhysX-3D/90_실험기록_아카이브/실험일지/2026-09-21_공식예제_03_실행결과.md,ee6140ea82ce9b73812ff0625954017c040109d2,10902,486eb7da2634c015d1c27507f63503a4d3313c780dff1484daa030a37b87cfc3,04_PhysX-3D/실험일지/2026-09-21_공식예제_03_실행결과.md,false
04_PhysX-3D/90_실험기록_아카이브/실험일지/2026-09-21_공식예제_04_입력결과비교.md,ab9e23716623d1e0881b1368d1104710172bcdad,3542,4fff11283b385f2e7cc035917fba061d067db3a3add7da99e27c2e47300405f3,04_PhysX-3D/실험일지/2026-09-21_공식예제_04_입력결과비교.md,false
04_PhysX-3D/90_실험기록_아카이브/실험일지/2026-09-21_기본PyTorch_GPU검사.md,563e3e7d500d21e7c4442f0ab86630d80a6386f3,8915,0910b24bfa8b7fc2326736f6aac67428eda8ab9491ea800b0059d10a9aced800,04_PhysX-3D/실험일지/2026-09-21_기본PyTorch_GPU검사.md,false
04_PhysX-3D/90_실험기록_아카이브/실험일지/2026-09-21_기본Python패키지_설치.md,8e930e6a1a988dbe8a4914142d887676d0a974c7,7982,2bc1ef588d41d31e5791ca59a9597621d0d8dc15b948c2fc5dce92f771cd3ae7,04_PhysX-3D/실험일지/2026-09-21_기본Python패키지_설치.md,false
04_PhysX-3D/90_실험기록_아카이브/실험일지/2026-09-21_사전준비.md,dfb96130f0fcd802b2f63144239752c6ffc65259,3030,6aeaeea90efae9c3173f5c9af8c52d4496cca1b455073bffdad6979a4ade2c4a,04_PhysX-3D/실험일지/2026-09-21_사전준비.md,true
04_PhysX-3D/90_실험기록_아카이브/실험일지/2026-09-21_작업폴더격리_환경구축_실험일지.md,11cb45c098557b7b5d783d5549b504ba85d67345,12202,337a615262dbafe1d8a868b15b55fe1985ee1ccd5a05d3f94169f24169f15fef,04_PhysX-3D/실험일지/2026-09-21_작업폴더격리_환경구축_실험일지.md,false
04_PhysX-3D/90_실험기록_아카이브/실험일지/2026-09-21_재현자료_보완과_GPU검사준비.md,87ee146fc3bf143ff8de9df3187f5fe101e7a6d9,8258,030840849eb310224a78ed9df43de90e09a1a07ab7fc5cd30ddbf73cf67f332a,04_PhysX-3D/실험일지/2026-09-21_재현자료_보완과_GPU검사준비.md,false
04_PhysX-3D/90_실험기록_아카이브/실험일지/2026-09-21_정량평가_규약과대응표.md,cef8ea6288cb518c34f7097a0c7d2adfbb41d5a7,5930,33ca95496e7c87a23bc62d6a232c938eb43045e5704774f62a282c44aa2e8fca,04_PhysX-3D/실험일지/2026-09-21_정량평가_규약과대응표.md,false
04_PhysX-3D/90_실험기록_아카이브/실험일지/2026-09-21_정량평가전_준비상태.md,ee003b771081d484a375146ebb9713027a3786d0,10653,546567a5c0569178ea4a3906e68f2f6feaa418f889ec79da1419b4b716442bca,04_PhysX-3D/실험일지/2026-09-21_정량평가전_준비상태.md,false
04_PhysX-3D/90_실험기록_아카이브/실험일지/2026-09-21_평가기반_CPU검산.md,86aa0bf88b5eb13216c35922be249e65f48a10f8,8585,1abb1776d42b53b3bad392aaaab46f379243752eabe69a407c269b92cb7af05d,04_PhysX-3D/실험일지/2026-09-21_평가기반_CPU검산.md,false
04_PhysX-3D/90_실험기록_아카이브/실험일지/2026-09-22_CUDA-JIT_공통환경통합검증.md,5a32ede54d752b6b6d58728bbc2b8c558e70d6b4,4174,3a958532a2e45e4a084fcbe6e6f4c19759c0aa10ce99a80f417fea1dc02dd698,04_PhysX-3D/실험일지/2026-09-22_CUDA-JIT_공통환경통합검증.md,false
04_PhysX-3D/90_실험기록_아카이브/실험일지/2026-09-22_GCC12_nvdiffrast_JIT_분리검증.md,eece7137666c66abebb4cbc82a0997b6e2dd735c,2694,a127609fb339b67f3b8ff2334a4f077fdf96e655fff73994f74c9dc8713e1552,04_PhysX-3D/실험일지/2026-09-22_GCC12_nvdiffrast_JIT_분리검증.md,false
04_PhysX-3D/90_실험기록_아카이브/실험일지/2026-09-22_GPU드라이버_통신진단.md,0edd1fdf099c7d5efc52e082c0e0f7ac1cfc30a3,5174,4122e0ab9691e80ff4ff5b8f95af8fa4ea0a55a5034ed660dc73ace8c001e915,04_PhysX-3D/실험일지/2026-09-22_GPU드라이버_통신진단.md,true
04_PhysX-3D/90_실험기록_아카이브/실험일지/2026-09-22_PhysXNet_내부점검.md,dc602f4ff618f99dbbc1f5e911751bf14adc2f0f,3349,8c481eea03a6bc3025cac9a8258a3511ac2bf574562733f6e82a19fc472bb256,04_PhysX-3D/실험일지/2026-09-22_PhysXNet_내부점검.md,true
04_PhysX-3D/90_실험기록_아카이브/실험일지/2026-09-22_원본공식예제_CUDA오버레이_경로보완.md,b7c7476c437b1ee4033f2ea661f65187ad05ef31,2368,ca1084ec40d2ed2c5c0d96369487ab28b22e45b3e8372e9d3b0a3f00e01aee3c,04_PhysX-3D/실험일지/2026-09-22_원본공식예제_CUDA오버레이_경로보완.md,true
04_PhysX-3D/90_실험기록_아카이브/실험일지/2026-09-22_원본공식예제_GCC12환경반영.md,7a8ab38bc1ef1139083e0c0b52b0d5b283e603a7,1575,b736aecc5398fc75235684b3b9437745a2eab61bc0026b631542ba06e217848c,04_PhysX-3D/실험일지/2026-09-22_원본공식예제_GCC12환경반영.md,false
04_PhysX-3D/90_실험기록_아카이브/실험일지/2026-09-22_원본공식예제_GPU사전점검-재시도.md,0377c256de11ecbbda1b9c9bb08685f966870409,1415,6d72700a7e9a9c32af69842375c99034250882b3dfc96912090cee7078cf9507,04_PhysX-3D/실험일지/2026-09-22_원본공식예제_GPU사전점검-재시도.md,true
04_PhysX-3D/90_실험기록_아카이브/실험일지/2026-09-22_원본공식예제_GPU사전점검.md,9beeed2f2802519a1fe373e4c1874bd4d3972d58,1643,e744a54cee2007f2c5acee67c76c9cb87bd6096157644d7f95226ae4b471c7c5,04_PhysX-3D/실험일지/2026-09-22_원본공식예제_GPU사전점검.md,true
04_PhysX-3D/90_실험기록_아카이브/실험일지/2026-09-22_원본공식예제_table_성공검증.md,7045dd6702a8151b88d81b603288a31ff3e1b56d,3131,6df7765713791384e622128fe16ab5f2e9d35da563531054a54eaf5a2f6ea5ca,04_PhysX-3D/실험일지/2026-09-22_원본공식예제_table_성공검증.md,true
04_PhysX-3D/90_실험기록_아카이브/실험일지/2026-09-22_원본공식예제_table_출력해석.md,ef966249b42ac0a0e6d8ff608f09a6245a43a5ad,3472,d9569c88b9d820be5ae197dba305922801faa3cb7b11237d762a74afdd425d2e,04_PhysX-3D/실험일지/2026-09-22_원본공식예제_table_출력해석.md,false
04_PhysX-3D/90_실험기록_아카이브/실험일지/2026-09-22_원본공식예제_두번째실패_CUDA헤더.md,5097fc736f25f64dba0c2e7ded10a389d0670c17,4034,fb8f2df347746344ebf6f12616f3edb28ba4d2163c7c5b52041a717edfb66d0b,04_PhysX-3D/실험일지/2026-09-22_원본공식예제_두번째실패_CUDA헤더.md,false
04_PhysX-3D/90_실험기록_아카이브/실험일지/2026-09-22_원본공식예제_세번째실패_Float32_hostcompiler.md,0ac238b4f90d118ceb3b8ce613005237ee8cab56,5590,a83c22372a5b76d12a2952b01dd3870aa2add07beb38970a70a0c96b651fb948,04_PhysX-3D/실험일지/2026-09-22_원본공식예제_세번째실패_Float32_hostcompiler.md,true
04_PhysX-3D/90_실험기록_아카이브/실험일지/2026-09-22_원본공식예제_실행전차단.md,2f632ab141b18de1b86dd59e70d8c11cf9af6860,2396,2972f660c0743c25402e76572078a591429c42330882fa0301c52cf4f448f570,04_PhysX-3D/실험일지/2026-09-22_원본공식예제_실행전차단.md,true
04_PhysX-3D/90_실험기록_아카이브/실험일지/2026-09-22_평가계약과_최소표본.md,05cb590068ca5345ab4ce4ac52fa4851dfa973fa,2497,6587b2874f9fb715fc0dc4baae5296f1057815dc16efc378500c870e0ac58cda,04_PhysX-3D/실험일지/2026-09-22_평가계약과_최소표본.md,true
04_PhysX-3D/90_실험기록_아카이브/실험일지/2026-09-25_29354_Blender_조건부렌더_실행검증.md,887b284f850b1ef2381b7c589c44702fc47bd38e,2306,0ee3cfdd4f9a7c2297385bd018ba4d0bc3a20d302f2838c4790e25f5af4578a2,04_PhysX-3D/실험일지/2026-09-25_29354_Blender_조건부렌더_실행검증.md,true
04_PhysX-3D/90_실험기록_아카이브/실험일지/2026-09-26_29354_conditioning_render_preflight.md,8127fd998d29f215c33a495eded7abcc3312dff2,2786,1f8e3d6c7ecff1797d9796e34d5ca146d21747474852e13309fc25eb93e7addb,04_PhysX-3D/실험일지/2026-09-26_29354_conditioning_render_preflight.md,true
04_PhysX-3D/90_실험기록_아카이브/실험일지/2026-09-26_29354_implicit_gemm_runner_import_path_보완.md,293446055218caddcd16c91e5bde08b2c5dec948,872,05cb3ce807ffd1dc1e5dce94e8079094a50d13dc173fbad38a035a921688279b,04_PhysX-3D/실험일지/2026-09-26_29354_implicit_gemm_runner_import_path_보완.md,true
04_PhysX-3D/90_실험기록_아카이브/실험일지/2026-09-26_29354_implicit_gemm_호환성_runner_준비.md,c0ab64a313e85a27d4addb0a859af2f56cd87eea,915,259a41281d86db822087b014c5fcd24d84c93d95f2e91c770f4f7df7281bc9a8,04_PhysX-3D/실험일지/2026-09-26_29354_implicit_gemm_호환성_runner_준비.md,true
04_PhysX-3D/90_실험기록_아카이브/실험일지/2026-09-26_29354_inference_runner_준비.md,4380c589c915b4d1eaa8c733116bc94fd3b7ffb0,785,a0be75d79626666b34a7883799f54791b9ca54370f7d49531ebd1cdcd092aa04,04_PhysX-3D/실험일지/2026-09-26_29354_inference_runner_준비.md,true
04_PhysX-3D/90_실험기록_아카이브/실험일지/2026-09-26_29354_pretrained_inference_GPU_preflight.md,b8f0ad3a356b672be814e212c4b2ac4db925f33a,880,de7518acb4788da87116bb45c2eb4d2ce0c703c3089becf938cb141c9a0a0d56,04_PhysX-3D/실험일지/2026-09-26_29354_pretrained_inference_GPU_preflight.md,true
04_PhysX-3D/90_실험기록_아카이브/실험일지/2026-09-26_29354_pretrained_inference_preflight.md,be13f8488119278120659bbb71eba57a03a200b6,1300,e29ae93c40fd7c24a105a9ed7fab96b5afe51e81aa3fc1fabcff2475767b771c,04_PhysX-3D/실험일지/2026-09-26_29354_pretrained_inference_preflight.md,true
04_PhysX-3D/90_실험기록_아카이브/실험일지/2026-09-26_29354_source_clean_검사_보완.md,a50f8876f7891036a8752c6af8bd8bf6e8cd37b8,762,40585822b87652811e5090d112990e6ca80f944b1cbb6feb51d2b74bb93a2d18,04_PhysX-3D/실험일지/2026-09-26_29354_source_clean_검사_보완.md,true
04_PhysX-3D/90_실험기록_아카이브/실험일지/2026-09-26_29354_spconv_cumm_int32_진단.md,851de8889133da5d722251dcd62c0f5983ae0810,4767,4c7b18f14d75883de34f60c5e29f2d1cb5549d7c12596c7f4abc2ba717bc5511,04_PhysX-3D/실험일지/2026-09-26_29354_spconv_cumm_int32_진단.md,true
04_PhysX-3D/90_실험기록_아카이브/실험일지/2026-09-26_29354_spconv_cumm_해결경로_추가조사.md,c6dc3d308ee8a7d6646d3ce9b322c6a2d717c8d3,3799,d8d64fe9735d91db0a9cb01c178f8c13dc47b8a3080f1ddad3352461d7590f7a,04_PhysX-3D/실험일지/2026-09-26_29354_spconv_cumm_해결경로_추가조사.md,true
04_PhysX-3D/90_실험기록_아카이브/실험일지/2026-09-26_29354_spconv_대체환경_진입판정.md,b1bcc7dbc746ebebe93340e9d06b5dd36e622901,2472,e79dd419384a6b172cee1671f408d2f77d886ae2bbed9e93096ffcb46ac9494b,04_PhysX-3D/실험일지/2026-09-26_29354_spconv_대체환경_진입판정.md,true
04_PhysX-3D/90_실험기록_아카이브/실험일지/2026-09-26_29354_공식호환환경_최종근거조사.md,fb797013bbe03a747d0e3aa28d7144a243f48cc6,3023,c75888fd77c79a625bb06ba8ff4dfa54099075af48bc9779e9472bd889529327,04_PhysX-3D/실험일지/2026-09-26_29354_공식호환환경_최종근거조사.md,true
04_PhysX-3D/90_실험기록_아카이브/실험일지/2026-09-26_29354_재질전처리_완료검증.md,cf4d3b34db5b047a784148777893fa32e0cbb390,4661,df5763335f0edbce59fe3e93319c4b370d9f0bce619b5dcb87fb36f251457e7c,04_PhysX-3D/실험일지/2026-09-26_29354_재질전처리_완료검증.md,true
04_PhysX-3D/90_실험기록_아카이브/실험일지/2026-09-26_ShapeNetCore_29354_최소표본연결검증.md,bab0f8dc309dcbfc13fe39d05a1d0103cec28c92,2477,c374abcd75434b3ac5824aab56b12208e0e498716a85603dc4d9b5f8c59a509a,04_PhysX-3D/실험일지/2026-09-26_ShapeNetCore_29354_최소표본연결검증.md,true
04_PhysX-3D/90_실험기록_아카이브/실험일지/2026-09-26_merge_property_29354_실행검증.md,4f4bbe5b64fae8bb5ed2ba41dd88c1c5457c89cf,3099,a801b7fca37b627bc165734802eab72901fb408b4865fe7821d45c9699f0f6a7,04_PhysX-3D/실험일지/2026-09-26_merge_property_29354_실행검증.md,false
04_PhysX-3D/90_실험기록_아카이브/실험일지/2026-09-26_retrieval_texture_29354_실행검증.md,7acfe34fbba17247927ba5b00353135395940cc8,2749,a7239f6e823d3949340ff4879d79dc781822710e3937971e5e32864b09987c23,04_PhysX-3D/실험일지/2026-09-26_retrieval_texture_29354_실행검증.md,false
04_PhysX-3D/90_실험기록_아카이브/실험일지/2026-09-27_PhysX-3D_논문동일_정량평가_readiness_gate.md,d7e9cb2558afa3912a7f20106621a692a033c514,17646,77a12875f8289f50f1d4215328543f8c2f5c4adfc2ca7a4a8cbb5a2450c4598d,04_PhysX-3D/실험일지/2026-09-27_PhysX-3D_논문동일_정량평가_readiness_gate.md,false
04_PhysX-3D/90_실험기록_아카이브/실험일지/2026-09-27_PhysX-3D_자체_소표본평가_설계안.md,d83a8bd8221b0804d6d320b2bab93fe306eb2243,8529,ee065f668cee9f1ba056bf52a2a15ab29fe83175e600047df30494a00e5720b7,04_PhysX-3D/실험일지/2026-09-27_PhysX-3D_자체_소표본평가_설계안.md,true
04_PhysX-3D/90_실험기록_아카이브/실험일지/2026-09-27_PhysX-3D_저자문의_초안.md,1daa52c2eb7b225a55494df49a4dd0f6b2349d73,6089,58ef5ce5ef150d11d6166e0e08f46be52e5a2c09346556ca8d504f49bfc8f121,04_PhysX-3D/실험일지/2026-09-27_PhysX-3D_저자문의_초안.md,true
04_PhysX-3D/90_실험기록_아카이브/실험일지/2026-09-27_PhysX-3D_중간검증보고서.md,afb8a82d53d001cde15c8cc1d1276a88826317f0,5669,0c8598bbf29c405a637e78790fcaf4a97f34d800c4aca905c35b6ee39c93882c,04_PhysX-3D/실험일지/2026-09-27_PhysX-3D_중간검증보고서.md,false
04_PhysX-3D/90_실험기록_아카이브/실험일지/2026-09-28_PhysXNet_로봇팔_후보_읽기전용조사.md,622b271820c5e05e6a7a684df115375f6eeaa669,2230,08e50cd4235cd9cbdc2ec44fb3535266535b28a6a802c30653527b8e212262f6,04_PhysX-3D/실험일지/2026-09-28_PhysXNet_로봇팔_후보_읽기전용조사.md,true
04_PhysX-3D/90_실험기록_아카이브/실험일지/기록_및_공유_운영규칙.md,6280a3a8eabf88a68a1065381814bcb9df016e3e,7685,0ae2397932ae03a1c643e873aa6b2b399793e0fd9461903cf90e9f65cf7ecd43,04_PhysX-3D/실험일지/기록_및_공유_운영규칙.md,false
04_PhysX-3D/00_결과보기/응용개념시연/2026-09-28_로봇팔_제조시뮬레이션_개념시연/README.md,2705021fe07aa55a38171a7e0b8f3930c880fc93,2741,4e54128728acee4eeb0fdf68f00aabdb0f95b358323605756782813ba22e5845,04_PhysX-3D/응용시연/2026-09-28_로봇팔_제조시뮬레이션_개념시연/README.md,true
04_PhysX-3D/00_결과보기/응용개념시연/2026-09-28_로봇팔_제조시뮬레이션_개념시연/robot_arm_manufacturing_concept.mp4,84d0b8636e717a597d064f65d2989be17bc9fe7f,72925,27be8cc796140bcb94cc8c7a86775fe27ed2107c41405b2076892a733a77fcf5,04_PhysX-3D/응용시연/2026-09-28_로봇팔_제조시뮬레이션_개념시연/robot_arm_manufacturing_concept.mp4,true
04_PhysX-3D/00_결과보기/응용개념시연/2026-09-28_로봇팔_제조시뮬레이션_개념시연/robot_arm_manufacturing_concept_poster.png,d63d00f1f8047b78c95e4174e4994dd37702c79d,130389,94b302dee61125d862ba8b48ae2c09e0cda7a7aa4e632aa84ce26cf00e33bb35,04_PhysX-3D/응용시연/2026-09-28_로봇팔_제조시뮬레이션_개념시연/robot_arm_manufacturing_concept_poster.png,true
04_PhysX-3D/01_재현실행/자료확보/2026-09-22_논문정량평가_외부자료_접근계획.md,457672824976bb02d4ddbbaa4f732fea66e0b0a1,8548,1fffee58ed14163fb242eaa344f6d0e13ee526a5e2ee149bce21462668e917d0,04_PhysX-3D/자료확보/2026-09-22_논문정량평가_외부자료_접근계획.md,true
04_PhysX-3D/01_재현실행/자료확보/2026-09-22_배포메타데이터와_생성경로.md,ffae078273591a3a3ff6d6e10f46a998400fdb59,7650,d72e25ae6caa73e3d15158cb157f62d2f563836bae3befd59d4d7dc928556168,04_PhysX-3D/자료확보/2026-09-22_배포메타데이터와_생성경로.md,true
04_PhysX-3D/01_재현실행/자료확보/2026-09-22_소표본_대응조사.md,b9e4dd02e6c61b16c18758dc484c971ef2904d53,7520,ed32c5199151d4945344bae8ba9df0d1e93fe5449619a3d6028f042ca3b8cd51,04_PhysX-3D/자료확보/2026-09-22_소표본_대응조사.md,true
04_PhysX-3D/01_재현실행/자료확보/2026-09-22_입력카메라_경로조사.md,dadc4810742f1a64f306fa682556fd5490bc4a7c,7097,e451086272e4e49ffe6255da6999f73948219cb4f9e163e02f868360c5de901e,04_PhysX-3D/자료확보/2026-09-22_입력카메라_경로조사.md,true
04_PhysX-3D/01_재현실행/자료확보/2026-09-22_전처리_산출물_필요자료_조사.md,21ec70535bb1f0ca36f4d624608d2d15b9df2a37,9158,7f5cdd33eee2d2407b3dae50e89a98c23aa20131db36279daffc4b60b11e8b9a,04_PhysX-3D/자료확보/2026-09-22_전처리_산출물_필요자료_조사.md,true
04_PhysX-3D/01_재현실행/자료확보/2026-09-26_29354_공식전처리_정적연결검증.md,d543d3fbe33daefe145da40da691b45d1334c426,5702,ecb3572fc000ea846c96e594bdbd83dedbac1802b33f4d0183b9dae497ce4c0d,04_PhysX-3D/자료확보/2026-09-26_29354_공식전처리_정적연결검증.md,true
04_PhysX-3D/01_재현실행/자료확보/2026-09-26_PartNet-ShapeNet_승인후_읽기전용_목록과_최소다운로드.md,96f59dbad542926d506c0a78ce9cacd4af568e37,8301,602a825fb6e9b940c4d32a752ff1dfad1d4fecddf3ddc7daeff1a64ebc760fdc,04_PhysX-3D/자료확보/2026-09-26_PartNet-ShapeNet_승인후_읽기전용_목록과_최소다운로드.md,true
04_PhysX-3D/01_재현실행/자료확보/2026-09-27_24566_decoder_결과검증/README.md,84440e47ea17f0c81ed473c8e2dd538ca819b897,2997,29c7323ec4ca5af662da822640ab860a4f7ae975650a4f0e14822b8b922eaebe,04_PhysX-3D/자료확보/2026-09-27_24566_decoder_결과검증/README.md,true
04_PhysX-3D/01_재현실행/자료확보/2026-09-27_24566_decoder_결과검증/articulation_group_preview.png,186ece5bc890819e152c7c1eb5e55133dc79de70,435005,4671daf4a35dde39bbe38a5cb569b87de976b780e7952adb3f55198ffbffa059,04_PhysX-3D/자료확보/2026-09-27_24566_decoder_결과검증/articulation_group_preview.png,true
04_PhysX-3D/01_재현실행/자료확보/2026-09-27_24566_decoder_결과검증/mesh_preview.png,b7e14f3fcb1673006574005803f01e3fd193b860,337598,ea18acc85e32517d24e508121cfa22326893e601251027e46cbf15052ccc06b9,04_PhysX-3D/자료확보/2026-09-27_24566_decoder_결과검증/mesh_preview.png,true
04_PhysX-3D/01_재현실행/자료확보/2026-09-27_24566_decoder_결과검증/statistics.json,e03ba3d4d1f4da7e66c435fd5f18769654425726,4965,b57119e7359aba4921788063328f5fb4eb01d1a9a74603d76d31bf4e0495f423,04_PhysX-3D/자료확보/2026-09-27_24566_decoder_결과검증/statistics.json,false
04_PhysX-3D/01_재현실행/자료확보/2026-09-27_24566_decoder_선정/README.md,6cdc593293e7dbce71c9a7eb8b2054f8eb352839,3560,00d8fc798703929f994255b64286faf2eba3a9b4fa0e9691343d395ccc1a26c1,04_PhysX-3D/자료확보/2026-09-27_24566_decoder_선정/README.md,false
04_PhysX-3D/01_재현실행/자료확보/2026-09-27_24566_retrieval_검증기_일반화.md,d3f91cb1e4030120f57f41eded13d35f9681b8d3,3466,4fc0675174161f95edaacab05f11bbeaaa3724dc9be4305046be78e9110a7d05,04_PhysX-3D/자료확보/2026-09-27_24566_retrieval_검증기_일반화.md,false
04_PhysX-3D/01_재현실행/자료확보/2026-09-27_27281_stage7_판정과_소형관절후보_sampling.md,aeb3862a8461ce4de39f4fb293637b2e0683b56d,3929,d62758c20978a4c91165d4e8279dd0ca0d102bdc140024b0947c437b4c4f2e8b,04_PhysX-3D/자료확보/2026-09-27_27281_stage7_판정과_소형관절후보_sampling.md,true
04_PhysX-3D/01_재현실행/자료확보/2026-09-27_27281_통합실행기/README.md,b6aa4f0df45eb44ae2c5870b1b79c076d2c6036e,6783,8bd5f3d64d8788eb1a17599effeefa0fc0de65d13285962043438d0f6a4db1d0,04_PhysX-3D/자료확보/2026-09-27_27281_통합실행기/README.md,false
04_PhysX-3D/01_재현실행/자료확보/2026-09-27_27281_통합실행기/groupnorm_cpu_equivalence.json,a9bbc6a19bb8aedddb58722fa847953a875d5cfc,1777,2af3b2e237640ed83c35bc0efe8f407d73fe8a9d011cefaf97e8e84cd9ff6acf,04_PhysX-3D/자료확보/2026-09-27_27281_통합실행기/groupnorm_cpu_equivalence.json,true
04_PhysX-3D/01_재현실행/자료확보/2026-09-27_27281_통합실행기/stage5_json_marker_fix.md,43a63073a8e7df8e595937c194592bf2a398517d,3021,66534b977208c47d493eafc8221e2125dc6a57d44350ada5fd2ee836b48c2359,04_PhysX-3D/자료확보/2026-09-27_27281_통합실행기/stage5_json_marker_fix.md,true
04_PhysX-3D/01_재현실행/자료확보/2026-09-27_27281_통합실행기/stage7_cached_decoder_failure.md,1bd1c8acdb67760e6f1747af50c9f0e7adeef68c,4596,56c99018c8fe11c93f59081894e9f88885d7050df279a80c5501a3f674b021c9,04_PhysX-3D/자료확보/2026-09-27_27281_통합실행기/stage7_cached_decoder_failure.md,true
04_PhysX-3D/01_재현실행/자료확보/2026-09-27_27281_통합실행기/stage7_groupnorm_oom.md,c881f414420e7c73bcc1ba60bc16433b9233d0b3,5542,efc212d1c94494d15ff20b8bf26d8873ce24a9f0d204102c250c9954620595f2,04_PhysX-3D/자료확보/2026-09-27_27281_통합실행기/stage7_groupnorm_oom.md,true
04_PhysX-3D/01_재현실행/자료확보/2026-09-27_27281_통합실행기/static_validation.json,b410e41db3dd04e9fc224c498460146cd1e58c6e,2781,2e273cdf5ac70d1000e0f3ceacd85a906a957a2469518aad4683ad14cb0515ee,04_PhysX-3D/자료확보/2026-09-27_27281_통합실행기/static_validation.json,true
04_PhysX-3D/01_재현실행/자료확보/2026-09-27_29806_decoder_결과검증/README.md,fc3ecc113e3fd0f0d40e756b9b54fa7217f9ec74,2063,59b31a99682822dea6278a7fce32787c21fa19ae7daaac6959b9287e0691975e,04_PhysX-3D/자료확보/2026-09-27_29806_decoder_결과검증/README.md,true
04_PhysX-3D/01_재현실행/자료확보/2026-09-27_29806_decoder_결과검증/articulation_group_preview.png,e111e5cd580d895f241640221dec291130f98da3,410081,bfe65764f72686abed0dee3d5568f4485f02b1afcd2b5224eeb6897ed52d1353,04_PhysX-3D/자료확보/2026-09-27_29806_decoder_결과검증/articulation_group_preview.png,true
04_PhysX-3D/01_재현실행/자료확보/2026-09-27_29806_decoder_결과검증/mesh_preview.png,a1eccf62f19a7abd2839c9e624770f0cc0348712,151965,4a6e8e7012733852a875f482854dc8182f40fbdb64cbc3f7e5666fe471a2e1d5,04_PhysX-3D/자료확보/2026-09-27_29806_decoder_결과검증/mesh_preview.png,true
04_PhysX-3D/01_재현실행/자료확보/2026-09-27_29806_decoder_결과검증/statistics.json,fffca18c4d7d21bd7fa697e73cf4b376cbd9ea0f,7641,5a53a100980afc42f89deb3faf15b8990a783bf08d93739c423c68cc77d56a8c,04_PhysX-3D/자료확보/2026-09-27_29806_decoder_결과검증/statistics.json,false
04_PhysX-3D/01_재현실행/자료확보/2026-09-27_29806_decoder_준비/README.md,2193d2fa56c10079185c6a201384b119a93d28e8,2093,0517b285fc52766c01d6e8c4d43e6da1ed0725cbc14a88ddd030a236aeed20c3,04_PhysX-3D/자료확보/2026-09-27_29806_decoder_준비/README.md,false
04_PhysX-3D/01_재현실행/자료확보/2026-09-27_29806_decoder_준비/static_validation.json,bb213cfb446376dcf3ff15a7e23e392356312fd4,904,e0ffc44049906c4946bd72d614473f5a38aad8ad5b7006423e06b9999d3b05f8,04_PhysX-3D/자료확보/2026-09-27_29806_decoder_준비/static_validation.json,true
04_PhysX-3D/01_재현실행/자료확보/2026-09-27_29806_동일seed_시점_probe_결과검증/29806_000_vs_006_input_and_official_groups.png,ff33246676f675c2bc9bae69f2b8b216ff72df06,286978,9d8d9d260f6c7f11b8389cdc34e59ebbe39711003835635e6e5d2c508ef27069,04_PhysX-3D/자료확보/2026-09-27_29806_동일seed_시점_probe_결과검증/29806_000_vs_006_input_and_official_groups.png,true
04_PhysX-3D/01_재현실행/자료확보/2026-09-27_29806_동일seed_시점_probe_결과검증/README.md,02cf1bf363ede0d33557c0942d0c668477f12e0e,2271,c541b1f318692cd6296e24fdab18dae4a586ecc04c1bde51794f75457fba84d2,04_PhysX-3D/자료확보/2026-09-27_29806_동일seed_시점_probe_결과검증/README.md,true
04_PhysX-3D/01_재현실행/자료확보/2026-09-27_29806_동일seed_시점_probe_결과검증/statistics.json,011032ae86183cfd7379153f9b1995f29b33abcf,19120,892c1e876c7b0a0e1e788fc114d801ec5d183d53020e97adb4afa5f5d0b0654f,04_PhysX-3D/자료확보/2026-09-27_29806_동일seed_시점_probe_결과검증/statistics.json,false
04_PhysX-3D/01_재현실행/자료확보/2026-09-27_29806_시점_probe_gate_경로수정.md,9f0e7d56ff50994af14b7f0991c7c2166c8133a9,2416,8cbb36c1805d1e3ce041fd5e88634724c52586f9c1cc9b1be4377ce64fa160d3,04_PhysX-3D/자료확보/2026-09-27_29806_시점_probe_gate_경로수정.md,false
04_PhysX-3D/01_재현실행/자료확보/2026-09-27_29806_시점_probe_준비/README.md,a2c97a21c693d8208e8ae8be3db7fadd3c971ef0,2340,f11d19a8e347e9d5b0d47b10c7bee07f035328d6ab624c3698741cd2bd7c51c2,04_PhysX-3D/자료확보/2026-09-27_29806_시점_probe_준비/README.md,false
04_PhysX-3D/01_재현실행/자료확보/2026-09-27_29806_시점_probe_준비/static_validation.json,8dfd55fd72a4f530c33caf39b108514ce4b5520c,869,f4eddd83a830689714eba938ec1a6122fe9e872c1483aa2747fbeddb01a23f88,04_PhysX-3D/자료확보/2026-09-27_29806_시점_probe_준비/static_validation.json,true
04_PhysX-3D/01_재현실행/자료확보/2026-09-27_관절표본_conditioning_시점조사/24566_24view_contact_sheet.png,3b834e822147da62a390a542c429fb5f573d425e,644329,a6afad46cdee39df932d622c4a6f63e24c6882e71f901502949ac5fd9f728ebc,04_PhysX-3D/자료확보/2026-09-27_관절표본_conditioning_시점조사/24566_24view_contact_sheet.png,true
04_PhysX-3D/01_재현실행/자료확보/2026-09-27_관절표본_conditioning_시점조사/29806_24view_contact_sheet.png,0a2b806046effb6254f06a226be420c593562c83,297441,efe5ebb66e1858cb14225f5605a46945ced590d8a5ca9d177a817df82f3eb970,04_PhysX-3D/자료확보/2026-09-27_관절표본_conditioning_시점조사/29806_24view_contact_sheet.png,true
04_PhysX-3D/01_재현실행/자료확보/2026-09-27_관절표본_conditioning_시점조사/README.md,a47ff8b274b821895a64ad3a0e76cb96ebd91a71,2142,01ead6521100fae806b1ee4f276d1e7dee3295f5d9795442e9379ce027c77690,04_PhysX-3D/자료확보/2026-09-27_관절표본_conditioning_시점조사/README.md,true
04_PhysX-3D/01_재현실행/자료확보/2026-09-27_관절표본_conditioning_시점조사/conditioning_audit.json,cbae23ef9b5979fca173bcaab8975d838f416b54,57479,ce3734d5e83c438acb89af56641857304fc1a8a5df4262e87bbf594aabfa4ce4,04_PhysX-3D/자료확보/2026-09-27_관절표본_conditioning_시점조사/conditioning_audit.json,false
04_PhysX-3D/01_재현실행/자료확보/2026-09-27_관절표본_conditioning_시점조사/view_observations.csv,b9f03149bf46daa814601494356beb58fe4a3416,789,4f05344309d667839c2ab209ea996a09371006ea71a1683bcde3ebbfe3d316eb,04_PhysX-3D/자료확보/2026-09-27_관절표본_conditioning_시점조사/view_observations.csv,true
04_PhysX-3D/01_재현실행/자료확보/2026-09-27_관절표본_읽기전용선정/README.md,f85e0143533f698b226401c68f6c07da21f98635,5382,fd52bf6f34a5fa8382dade0fb641dc33cea78efd59c7d3a94df50b0d2d2f85c1,04_PhysX-3D/자료확보/2026-09-27_관절표본_읽기전용선정/README.md,true
04_PhysX-3D/01_재현실행/자료확보/2026-09-27_관절표본_읽기전용선정/all_articulated_test_candidates.csv,28f544274628b4909d8bdb05a956390f5d0fba18,216072,86f260496fca5484a754415f3fa7b18517bc53a28ab05d6900fc6919bcf64e25,04_PhysX-3D/자료확보/2026-09-27_관절표본_읽기전용선정/all_articulated_test_candidates.csv,true
04_PhysX-3D/01_재현실행/자료확보/2026-09-27_관절표본_읽기전용선정/local_04379243_candidates.csv,723b9cf62baa2f10f813d970bf18b30e02f432ec,11704,6a8108bef1c47e2c61912585edb8174c0d1249db437803d87b162a0c4c2208be,04_PhysX-3D/자료확보/2026-09-27_관절표본_읽기전용선정/local_04379243_candidates.csv,true
04_PhysX-3D/01_재현실행/자료확보/2026-09-27_관절표본_읽기전용선정/selected_candidate_27281.json,f43f29dc0eb7a69e0346fd8530bb5c11d486b6ad,6203,878022c06b2ae34eb3fe03a4c52e8a17f1df48ceb4477dd15e4a5105621ca099,04_PhysX-3D/자료확보/2026-09-27_관절표본_읽기전용선정/selected_candidate_27281.json,true
04_PhysX-3D/01_재현실행/자료확보/2026-09-28_RTX5090_adapter_fidelity/README.md,75f66c6b0e1a0d8e8a0a7be5446f04954e112df1,6080,3aa5131a372a135fd203bb017ee9d6b288e273ef8d3952bd37f83c8c82f4a768,04_PhysX-3D/자료확보/2026-09-28_RTX5090_adapter_fidelity/README.md,true
04_PhysX-3D/01_재현실행/자료확보/2026-09-28_RTX5090_adapter_fidelity/fidelity_summary.json,57a61d54c5ae32ba48be551605c22dfcbc1935a0,3282,841d0769ef08b445e05ddf22f96c427fe822e22b0d39f22bb2c1a6e419ed5d35,04_PhysX-3D/자료확보/2026-09-28_RTX5090_adapter_fidelity/fidelity_summary.json,true
04_PhysX-3D/01_재현실행/자료확보/2026-09-28_RTX5090_tile_sensitivity_v2/README.md,57b9e48fe34a288ae809bc070f816f2348e90af1,2446,8404c7bad2ebee7341f8be967830c316cdec9900a21af491389796510eb24f1e,04_PhysX-3D/자료확보/2026-09-28_RTX5090_tile_sensitivity_v2/README.md,true
04_PhysX-3D/01_재현실행/자료확보/2026-09-28_RTX5090_tile_sensitivity_v2/hash_manifest.json,25c3eaacd381cc5edf423dfbb0b2b69dbcd3a52f,3470,d048a88d2e171ca7ef5c82a8a9be9a23fcdbc0e84b269bbaec965e70084ffc05,04_PhysX-3D/자료확보/2026-09-28_RTX5090_tile_sensitivity_v2/hash_manifest.json,true
04_PhysX-3D/01_재현실행/자료확보/2026-09-28_RTX5090_tile_sensitivity_v2/sensitivity_result.json,d291d54db69692ecf1779964ce784a7fb4c799df,45380,fdd2e5f0e62aa193c7df6db21e8354befdeb88ff9a0ce54951d6177bf0777e70,04_PhysX-3D/자료확보/2026-09-28_RTX5090_tile_sensitivity_v2/sensitivity_result.json,true
04_PhysX-3D/01_재현실행/자료확보/README.md,16962390e79761fb064256b7c6c44a51c4583087,3596,1cf34b1e57dbf926390a612acdbb39f6720f46441683706f5f7b76b9bf666729,04_PhysX-3D/자료확보/README.md,false
04_PhysX-3D/01_재현실행/자료확보/audit_conditioning_views_24566_29806.py,ad81f33e532665993afdccdde489d91cd16485c4,5815,98179a23a8942b9804ca4023ffd10a94c2f98a405f6aa0bb7e94fd3b57c9e3aa,04_PhysX-3D/자료확보/audit_conditioning_views_24566_29806.py,false
04_PhysX-3D/01_재현실행/자료확보/download_physxnet_zip.sh,ef2e698d439025d4af654d7a042356d06902855c,2304,aa3f7f2e97382b06b06dbfb49a83de0bc779e6cee181dbd783bfef2c86e11dec,04_PhysX-3D/자료확보/download_physxnet_zip.sh,true
04_PhysX-3D/01_재현실행/자료확보/download_shapenet_extension_archives.py,2b673f23a06c57032c2e6ae9bd06ce34160c9f14,4668,e763a759949d7ea543ed6854d08386e9b6c07b576b96743cb19acd2ea9eae1d8,04_PhysX-3D/자료확보/download_shapenet_extension_archives.py,true
04_PhysX-3D/01_재현실행/자료확보/download_shapenet_extension_archives_parallel.py,745b67fc9548d1e8d85ded16177044deb909f1a7,4442,4e1da5c96f82a88cb5b446411f12be86fc977cec9cbc2897ff7fd8c29c287581,04_PhysX-3D/자료확보/download_shapenet_extension_archives_parallel.py,true
04_PhysX-3D/01_재현실행/자료확보/download_shapenet_laptop_03642806.py,8b7f6c5e3e0f7324a23bf102fb1bbcd790d36928,2427,b9d406ec0d3dab95c73b1dbed5f007020fbe47e024497fd01799bc582eb3ab44,04_PhysX-3D/자료확보/download_shapenet_laptop_03642806.py,true
04_PhysX-3D/01_재현실행/자료확보/evidence/2026-09-22-minimal-extraction.json,1df0ac89743ae5f4fdff34bce86fc481acc731ea,1274,c587902e29fc2a15e6dda4f3ee80a594c9eac0a15f4e545aefbdd57269a9a768,04_PhysX-3D/자료확보/evidence/2026-09-22-minimal-extraction.json,true
04_PhysX-3D/01_재현실행/자료확보/evidence/2026-09-26-29354-conditioning-preflight-hashes.txt,3ee373151ac501fb584cbe40dc1ab065d1fafe90,669,078d4b673e980cfd53a8f559941ae19cbf0d7519399ad5da66c39b7074e5bb2e,04_PhysX-3D/자료확보/evidence/2026-09-26-29354-conditioning-preflight-hashes.txt,true
04_PhysX-3D/01_재현실행/자료확보/evidence/2026-09-26-29354-material-preprocess-hashes.txt,1a88d485830dc791f9b1dd2813ef75e411e001d2,1225,3390eb0c4aab3a0bf121c9bd80996954d64732f0be40c07ba5dd3f5ca21da9a3,04_PhysX-3D/자료확보/evidence/2026-09-26-29354-material-preprocess-hashes.txt,true
04_PhysX-3D/01_재현실행/자료확보/evidence/2026-09-26-29354-static-preprocess-hashes.txt,10c2a5086abcb2bd96a90110ae2f240f7b21e5f1,1257,64e4631fea799af68b2a8131762dabf303efe01e7874473502043cb3541793fc,04_PhysX-3D/자료확보/evidence/2026-09-26-29354-static-preprocess-hashes.txt,true
04_PhysX-3D/01_재현실행/자료확보/evidence/2026-09-26-merge-29354-output-hashes.txt,93fed825e6d6d8ca43c893a57bee80dcb5a1d59f,900,b4bb54ce8606fcc65daa84f1b505981177fe1cd912ec5d957e867b1e0aff00da,04_PhysX-3D/자료확보/evidence/2026-09-26-merge-29354-output-hashes.txt,true
04_PhysX-3D/01_재현실행/자료확보/evidence/2026-09-26-retrieval-29354-hashes.txt,24c93cbd0cec17fbcff0e6ded675c9e9dc32089d,794,949f6f77e4b1c82f3a2e7d571acc19034b5b11f358f860a86e92c8d760f32d35,04_PhysX-3D/자료확보/evidence/2026-09-26-retrieval-29354-hashes.txt,true
04_PhysX-3D/01_재현실행/자료확보/evidence/2026-09-26-shapenet-29354-hashes.txt,888015d48871f247c601531bfcdb74bc4aa2ca23,778,72f7388e3f7eb09d910e8f5e47b9e385f5ed8f611b9c7bb2d8e9a4eaf62394f9,04_PhysX-3D/자료확보/evidence/2026-09-26-shapenet-29354-hashes.txt,true
04_PhysX-3D/01_재현실행/자료확보/evidence/20260925T185825Z-render-cond-hashes.txt,fb0e422b95635ffd211490f59669be6d08da36be,966,72fcaa021dc1a2a57d6a5604184937dc71e9630e2e4d9ea4bd6b858023568453,04_PhysX-3D/자료확보/evidence/20260925T185825Z-render-cond-hashes.txt,true
04_PhysX-3D/01_재현실행/자료확보/evidence/20260925T190428Z-inference-preflight-hashes.txt,2a3ff8bd8327ce59f0248167a2679e9d30ac419a,356,1ad79ea368671b47e9699ddfe5183cebbe6a10f781f1273d1e6e03584a53fe81,04_PhysX-3D/자료확보/evidence/20260925T190428Z-inference-preflight-hashes.txt,true
04_PhysX-3D/01_재현실행/자료확보/evidence/20260925T190722Z-source-clean.txt,8f03c2430893374173bb0c8dbd857f290bb06e96,277,49cbe73d4a49d63b13f1c4018d84ce3dc364cf842073fe69ee4612af277334ca,04_PhysX-3D/자료확보/evidence/20260925T190722Z-source-clean.txt,true
04_PhysX-3D/01_재현실행/자료확보/evidence/20260925T191000Z-inference-gpu-preflight.txt,aa19388c6e2271017142d0e8aab3107e12219e19,480,af9019c5f0ed831f581f1ba5bb1e0d5f9f54aa1d6b307c69d3d2007ec4a671ad,04_PhysX-3D/자료확보/evidence/20260925T191000Z-inference-gpu-preflight.txt,true
04_PhysX-3D/01_재현실행/자료확보/evidence/29354-implicit-gemm-example-diff.txt,1b7e1d1a21c743b63d55b5f145c2c0f8d1cb0a3b,320,486557412c6985199ec5f18ef6f37e35c78f82e38b1db4daac8bbe3b9b97e72c,04_PhysX-3D/자료확보/evidence/29354-implicit-gemm-example-diff.txt,true
04_PhysX-3D/01_재현실행/자료확보/evidence/29354-implicit-gemm-import-path.txt,c4618ce2795b52b76ac21196a84114d87d6bf4b1,336,2a3d65e37f09b6766f87c664f1aeda8cbddb94f7bd609003998c80cdeb9d27bd,04_PhysX-3D/자료확보/evidence/29354-implicit-gemm-import-path.txt,true
04_PhysX-3D/01_재현실행/자료확보/evidence/29354-inference-checkpoint-manifest.txt,a8b8bc4a7adfaf204f897eee9b7e0e6220b859dd,1324,be0c59fd21618058a1808c42452adb31a75be8b36c11b4e164e301b5024c58e4,04_PhysX-3D/자료확보/evidence/29354-inference-checkpoint-manifest.txt,true
04_PhysX-3D/01_재현실행/자료확보/extract_minimal_physxnet.py,e1fb04d3fa1b4ea6e082e65ed9e027cefbb0fd60,5684,388af47270f5478f6d99b9c9ef5b30db8e722d2b3a4e77e7dc0b470e727807b7,04_PhysX-3D/자료확보/extract_minimal_physxnet.py,true
04_PhysX-3D/01_재현실행/자료확보/inspect_articulated_candidate_from_archives.py,679652fe2013640f8030474785a75dd729123515,11401,d3b3f4fefa26bb8d19dbad98826888e7976782fa1dab92b29cc25bd4e86dd577,04_PhysX-3D/자료확보/inspect_articulated_candidate_from_archives.py,false
04_PhysX-3D/01_재현실행/자료확보/inspect_physxnet_zip.py,3032024884058e7b66296c31f4c05be46d6ba3c3,6046,913becc69de869d0db94b4dc586836976f26868ceaa30e32466fc90ae2def287,04_PhysX-3D/자료확보/inspect_physxnet_zip.py,false
04_PhysX-3D/01_재현실행/자료확보/make_laptop_hinge_evidence.py,ae41fb2ec828ff20d64234f51890394493c15263,2919,628894429db4685b6466a6918647b02baaed05b30f2376509d235111c2672153,04_PhysX-3D/자료확보/make_laptop_hinge_evidence.py,true
04_PhysX-3D/01_재현실행/자료확보/recover_shapenet_extension_archives.py,6741521befea638e69fd1b7a6f45c52c4789a091,4401,53cd468bec907efd176d558a30808791a0f54e916f2f0cb792862a9ade549d5e,04_PhysX-3D/자료확보/recover_shapenet_extension_archives.py,true
04_PhysX-3D/01_재현실행/자료확보/render_cond_29354_portable.py,758019182369a30213b3e9ba5be7604719ddb34d,784,4446085cfea5847b8f7dbf5179d49a652c440cf0157539661c5170d2f46236f8,04_PhysX-3D/자료확보/render_cond_29354_portable.py,true
04_PhysX-3D/01_재현실행/자료확보/rtx5090_adapter/2026-09-27_29354-semantic-validation/README.md,f0eb87d94f91913231cc013206fcbd2639159ea0,6876,f3af1bbbdf979179e8ba37a1156687628d05ec4786fbc746cfd130177dd0a13c,04_PhysX-3D/자료확보/rtx5090_adapter/2026-09-27_29354-semantic-validation/README.md,true
04_PhysX-3D/01_재현실행/자료확보/rtx5090_adapter/2026-09-27_29354-semantic-validation/gt_annotation.json,db24801dea37dcbb8a7bf9a27743e95f629b1220,628,eb0843010b34a660e4172628b313b8c421dc4911d0847ecfa3c44857bfc77aef,04_PhysX-3D/자료확보/rtx5090_adapter/2026-09-27_29354-semantic-validation/gt_annotation.json,true
04_PhysX-3D/01_재현실행/자료확보/rtx5090_adapter/2026-09-27_29354-semantic-validation/gt_part_properties.csv,8953467738afd55fb6a64982df4b18a36896f565,355,5421dded4dd4a2237c0724cfa1db13c9c11678ff50509a51d91819a312053871,04_PhysX-3D/자료확보/rtx5090_adapter/2026-09-27_29354-semantic-validation/gt_part_properties.csv,true
04_PhysX-3D/01_재현실행/자료확보/rtx5090_adapter/2026-09-27_29354-semantic-validation/indexing_correction_candidate.json,1bb16ec1f62fb952fc6cdd9279319e61c78e7517,677,90f54436937247d8294d89cf838ce67b34d529a97d6363dd37020e4fa574e5bb,04_PhysX-3D/자료확보/rtx5090_adapter/2026-09-27_29354-semantic-validation/indexing_correction_candidate.json,true
04_PhysX-3D/01_재현실행/자료확보/rtx5090_adapter/2026-09-27_29354-semantic-validation/indexing_synthetic_check.json,c77259455487cc38fccbbb0d3e4afdc036ee299e,850,00ecfd2ddde793f2ca604555ec0d669cd4297397a1eb9203c9b407f3d426089f,04_PhysX-3D/자료확보/rtx5090_adapter/2026-09-27_29354-semantic-validation/indexing_synthetic_check.json,true
04_PhysX-3D/01_재현실행/자료확보/rtx5090_adapter/2026-09-27_29354-semantic-validation/input_hashes.csv,5cbc9ba3c4c5d180228337b2ab60e4374ac31e09,2309,33ad7ff71d8d5d19744941a27051777cab289b4a8b034c3e931ad91821424ea8,04_PhysX-3D/자료확보/rtx5090_adapter/2026-09-27_29354-semantic-validation/input_hashes.csv,true
04_PhysX-3D/01_재현실행/자료확보/rtx5090_adapter/2026-09-27_29354-semantic-validation/official_code_result.json,0de484fca3920f9ab33834cb6dd2babb9ea50fe7,9046,6eb53fe713f03f3a8a300f761eaa9f2a95242882e345dbf5321ee40c6a9af53d,04_PhysX-3D/자료확보/rtx5090_adapter/2026-09-27_29354-semantic-validation/official_code_result.json,true
04_PhysX-3D/01_재현실행/자료확보/rtx5090_adapter/2026-09-27_29354-semantic-validation/official_indexing_result.json,0fb3ed1d307b4c31c03f8dcdd1046ef6363e486c,506,0c5932e39a6d2df539879fa8b2e520cca6acb8ab1bef037f0752452230e2dbfe,04_PhysX-3D/자료확보/rtx5090_adapter/2026-09-27_29354-semantic-validation/official_indexing_result.json,true
04_PhysX-3D/01_재현실행/자료확보/rtx5090_adapter/2026-09-27_29354-semantic-validation/semantic_preview.png,66fe01c1331511b6cff2214e2edc942008b0e393,203491,7e44c3474ecd942508e760529e3ee3665c67c07627eb621e560cefbcda1df91b,04_PhysX-3D/자료확보/rtx5090_adapter/2026-09-27_29354-semantic-validation/semantic_preview.png,true
04_PhysX-3D/01_재현실행/자료확보/rtx5090_adapter/2026-09-27_cached-decoder-native-fix.md,76b5cc5f72c07ec4f05e73cf11dddcbef9746bff,1885,63a81358aa4c7ea9742daf1f8173762744c14bee1e30e2c497c8f99ca1b5bfdd,04_PhysX-3D/자료확보/rtx5090_adapter/2026-09-27_cached-decoder-native-fix.md,false
04_PhysX-3D/01_재현실행/자료확보/rtx5090_adapter/2026-09-27_cached-decoder-plan.md,64225b266b9ef452637547c2e447f23ce52a4583,5080,750657341ef726e546be2e8f208bcd5841e0c5716f06d5b66d32e650bc476803,04_PhysX-3D/자료확보/rtx5090_adapter/2026-09-27_cached-decoder-plan.md,false
04_PhysX-3D/01_재현실행/자료확보/rtx5090_adapter/2026-09-27_cached-decoder-success-stats.json,3cafbbab4c60a282059936941964cee40a65d25d,3143,19ac4f2cf30a9ce00e4b8cacb6072b19e9890f477c351fd10c331cab99e96c0a,04_PhysX-3D/자료확보/rtx5090_adapter/2026-09-27_cached-decoder-success-stats.json,true
04_PhysX-3D/01_재현실행/자료확보/rtx5090_adapter/2026-09-27_cached-decoder-success.md,52fc1785ec1315bdff6a2b6ac4ee5d39ff5fa312,4232,177fc5b4558c2b2ce731c921c9e222e499ca098f7da605fbb19f73b4c25b2e91,04_PhysX-3D/자료확보/rtx5090_adapter/2026-09-27_cached-decoder-success.md,true
04_PhysX-3D/01_재현실행/자료확보/rtx5090_adapter/2026-09-27_cached-physics-postprocess/README.md,9d1d75be825e4ee1f9d91572aee243da4530da53,7692,5e73160f0e7a22b2325e736d77b81923f3ee5b203de589b52e9f846ad09e7cc9,04_PhysX-3D/자료확보/rtx5090_adapter/2026-09-27_cached-physics-postprocess/README.md,true
04_PhysX-3D/01_재현실행/자료확보/rtx5090_adapter/2026-09-27_cached-physics-postprocess/channel_mapping.csv,124c23bd81f1aca2f4bc3d7af3ed6716e9ae317b,3464,e5e4fafcf3ef303cf7816f2d304730c77db443dc64d02c0ae2440ab384228c23,04_PhysX-3D/자료확보/rtx5090_adapter/2026-09-27_cached-physics-postprocess/channel_mapping.csv,true
04_PhysX-3D/01_재현실행/자료확보/rtx5090_adapter/2026-09-27_cached-physics-postprocess/postprocess_stats.json,e5c1c4fccbe6a5d4b6c9d59f2e582498b46c8d2e,7453,275559306a06777b8fb81154e6ea1fbc37831b08ebe15d47e3be76e4792fa717,04_PhysX-3D/자료확보/rtx5090_adapter/2026-09-27_cached-physics-postprocess/postprocess_stats.json,true
04_PhysX-3D/01_재현실행/자료확보/rtx5090_adapter/2026-09-27_cached-physics-postprocess/vertex_physics_preview.png,4d22e1c7391c2222bbe52b48eff99867076805fe,748526,a8379cf4a84b4aa8383119d17ddff60c8b8e7d314af3cbe4f7276fb031e6a520,04_PhysX-3D/자료확보/rtx5090_adapter/2026-09-27_cached-physics-postprocess/vertex_physics_preview.png,true
04_PhysX-3D/01_재현실행/자료확보/rtx5090_adapter/CPU_검산.json,42eec228587720cdc934462a98aebfe81287a797,755,134c5a49bda89c6e530640240b7f10f8e3498fd40aafaddfd97be6ff09e798f0,04_PhysX-3D/자료확보/rtx5090_adapter/CPU_검산.json,true
04_PhysX-3D/01_재현실행/자료확보/rtx5090_adapter/adapter_fidelity_worker.py,1087b5b7ef4e6850e1ac7bfc2630dd039777ac0f,13229,e9b8a589e69caae82bb7e5e2e7223c8137b74b7bb52356c99b038b37ae037979,04_PhysX-3D/자료확보/rtx5090_adapter/adapter_fidelity_worker.py,true
04_PhysX-3D/01_재현실행/자료확보/rtx5090_adapter/channel_tiled_spconv.py,13928a4a6c976067109b61e7476e420c731e2fd6,4603,47ea267698b16800320a8680955e893208dc8edde83aa09591a21f90e1c0d964,04_PhysX-3D/자료확보/rtx5090_adapter/channel_tiled_spconv.py,true
04_PhysX-3D/01_재현실행/자료확보/rtx5090_adapter/decode_cached_29354.py,867bfbf8c9b91c65697c62ed7073c31edc1b41e8,9398,c6dd513bc651ab8fcb816429245df9ace19ca3cb34847a21b8b110ae3b9e4d49,04_PhysX-3D/자료확보/rtx5090_adapter/decode_cached_29354.py,true
04_PhysX-3D/01_재현실행/자료확보/rtx5090_adapter/decode_cached_split.py,c36b0caf671c2e723e874044d0d83ad002e6c509,6003,1ac7887cef3eed5ea5b3abb1e77273258fa068e5d0f8db5f9e4c339670b164f0,04_PhysX-3D/자료확보/rtx5090_adapter/decode_cached_split.py,true
04_PhysX-3D/01_재현실행/자료확보/rtx5090_adapter/memory_bounded_groupnorm.py,d3c0cd446f813c3dc709473034cd2fa1e97ab29b,14131,2953c52abeaa64c638636c18d61fa37f9ad4705f695099dd23343b63f65959a1,04_PhysX-3D/자료확보/rtx5090_adapter/memory_bounded_groupnorm.py,true
04_PhysX-3D/01_재현실행/자료확보/rtx5090_adapter/output_channel_tiled_spconv.py,b3f977ea57307becacf49e981830e26467e0494a,10017,6ed4ad5fed582215a2116d20ac3afca3ff412717343f9245016f40bb87d9e217,04_PhysX-3D/자료확보/rtx5090_adapter/output_channel_tiled_spconv.py,true
04_PhysX-3D/01_재현실행/자료확보/rtx5090_adapter/postprocess_cached_vertex_physics.py,df8039dd2426c873202f495a418c078ea51b11d2,8268,775afd3fea9ec928fb31fa2961bcbd480745313bd47918ffce8107a1a0bcfdfa,04_PhysX-3D/자료확보/rtx5090_adapter/postprocess_cached_vertex_physics.py,false
04_PhysX-3D/01_재현실행/자료확보/rtx5090_adapter/sample_latents_only.py,c802995bc497e2c5913fffb223658fc77e4b6910,4926,54ae18f81d1eebd30487dbc1fbf7aa622320d8e50450463d3c8142110376ea55,04_PhysX-3D/자료확보/rtx5090_adapter/sample_latents_only.py,true
04_PhysX-3D/01_재현실행/자료확보/rtx5090_adapter/sitecustomize.py,f27fb1eef4444b05824bd1732d181cf34b04f7f2,195,864d0fba1773e40ff91182ce948015d57e198d8216b913fb90dcbb6f960fcc04,04_PhysX-3D/자료확보/rtx5090_adapter/sitecustomize.py,true
04_PhysX-3D/01_재현실행/자료확보/rtx5090_adapter/validate_29354_semantics_cpu.py,3909413a19220f1ce5c8504ee2b353fb0f8620ab,15818,80617f0c3d3a72d5dc78cc3de1e2f168a18064d41dc488870ebb83e11cc64735,04_PhysX-3D/자료확보/rtx5090_adapter/validate_29354_semantics_cpu.py,false
04_PhysX-3D/01_재현실행/자료확보/rtx5090_adapter/validate_candidate.py,0037c54a99563b30d4b61581daf4e628ed405a5d,7790,a16cf6fb1bd1ca096202c9b621df1653bed2c23d5efebd97304a7da5348e5579,04_PhysX-3D/자료확보/rtx5090_adapter/validate_candidate.py,true
04_PhysX-3D/01_재현실행/자료확보/rtx5090_adapter/validate_decoder_adapters.py,3fb38b289d0201a2b95ed6e68d9fae53cbeeda8a,625,31dc1eabd1d7840929284bffac3a0b86533b73e99dbab39ca81c4f5eb2e066bb,04_PhysX-3D/자료확보/rtx5090_adapter/validate_decoder_adapters.py,true
04_PhysX-3D/01_재현실행/자료확보/rtx5090_adapter/verify_articulated_output.py,180dd6faf50c1ec1cf3846f8255cfd9f336234b4,8495,7b9e4a6e270fa18e99c0ab27229fcabf6eab2c420a755b34b8c7dad04e625b6f,04_PhysX-3D/자료확보/rtx5090_adapter/verify_articulated_output.py,true
04_PhysX-3D/01_재현실행/자료확보/rtx5090_adapter/검증일지.md,1d3fcf1173b5617ebbc75ecc52e973f7c749cd8d,6598,36345a4e90aab21e8b2183f8905aa15b569c02a5aea582b0722b02d8105844e5,04_PhysX-3D/자료확보/rtx5090_adapter/검증일지.md,false
04_PhysX-3D/01_재현실행/자료확보/run_27281_articulated_pipeline.py,e1c45b0d5ac7f88b0668a772f0a9e21ac1f05ec7,32767,b394273b9e76a810dd90966acd598de234147c713241de02fa6f112a9147485b,04_PhysX-3D/자료확보/run_27281_articulated_pipeline.py,false
04_PhysX-3D/01_재현실행/자료확보/run_29806_viewpoint_probe.py,a15bfdf35bd4f9015d270bb7a9645ec70ca74e8f,19217,331ee75e75db3c644597837dcbe06ab55098d7bc8580e9e6f4c1fc718429c32f,04_PhysX-3D/자료확보/run_29806_viewpoint_probe.py,true
04_PhysX-3D/01_재현실행/자료확보/run_articulated_decoder_24566.py,29221e20ea6a7bf8b9b11583c5ccc533df7081e5,9132,8a37e1488f0d17c4361d318b4ef33a86b25374a1ef43955cf6252e23c3f3b9a5,04_PhysX-3D/자료확보/run_articulated_decoder_24566.py,true
04_PhysX-3D/01_재현실행/자료확보/run_articulated_decoder_29806.py,6444a284409c768ee906d7684cfd5405ec2edfc5,809,efd0181aa781260e1357b84669cf64f3a44b4b898c0394e835f4ddf4743402ad,04_PhysX-3D/자료확보/run_articulated_decoder_29806.py,true
04_PhysX-3D/01_재현실행/자료확보/run_articulated_sampling_candidates.py,a67dddb164ef4aaf137186a87c2b9d0ad8782cdf,20742,fb361dd6f22a5ae20b190072da6a5c864dab257c6dfbb6a8222308b1fae957bc,04_PhysX-3D/자료확보/run_articulated_sampling_candidates.py,true
04_PhysX-3D/01_재현실행/자료확보/run_cached_decoder_29354.py,249aa8698c4cd102b1d08e6654c223da379a2f43,14614,d7d7e38d7c9a6a83aacd043d7b7f914cdd252357f163292c76eb336360751233,04_PhysX-3D/자료확보/run_cached_decoder_29354.py,false
04_PhysX-3D/01_재현실행/자료확보/run_inference_29354.sh,a909af82d8fc463fd4a333c836145e4e3bcfce60,6117,5f8b624baae8c9102ab1ddd2de26eab8c5602bce022af7ee863342b70b7e418a,04_PhysX-3D/자료확보/run_inference_29354.sh,false
04_PhysX-3D/01_재현실행/자료확보/run_inference_29354_implicit_gemm.sh,63ba3dcac6b18fd446fd829781b387bb4dc865bc,7353,9b528bb84f1ae082f7aadf069494f96ad2ce462ac1151f70fea55b116f553013,04_PhysX-3D/자료확보/run_inference_29354_implicit_gemm.sh,false
04_PhysX-3D/01_재현실행/자료확보/run_inference_29354_preflight.sh,ec4237c6294c3b5abdf153d60736cc136ca2bc61,3088,4ab3e553091aa4bb30ebe590b383eb5c68a3cc90abf18cf3097f9cc2ff71056d,04_PhysX-3D/자료확보/run_inference_29354_preflight.sh,true
04_PhysX-3D/01_재현실행/자료확보/run_merge_29354_staged.sh,66c444f033be72699fca841f63d155ee41c96f0a,3289,f22066948baa8b4a3800eddf45f92d54c4288c54027ef3c22109f3869ad6bb3a,04_PhysX-3D/자료확보/run_merge_29354_staged.sh,true
04_PhysX-3D/01_재현실행/자료확보/run_public_only_cached_decoder.py,40965e3890a5656d53f8d246d29568982713eb5f,10122,eb2ffd034557d83a128485ab6108d1646eadb8ea3f10b45a9bd525c2217b9435,04_PhysX-3D/자료확보/run_public_only_cached_decoder.py,true
04_PhysX-3D/01_재현실행/자료확보/run_public_only_v1_04379243_12_batch.py,98b39b061e3653ecbbb2e23c0bbbaf6bf6db68b6,8034,0dc042960530e17cc1703abfe160ea265b59588611443cec38dc8f2afd3230f9,04_PhysX-3D/자료확보/run_public_only_v1_04379243_12_batch.py,false
04_PhysX-3D/01_재현실행/자료확보/run_public_only_v1_articulation_balance.py,3fd1e386f591a0c7e8d162ccebb281c6cb1f56c3,5980,93e6bd24bef72666d02f07058edf61f3bc5f5e33f0de9f225db8b45e3d3ce6ff,04_PhysX-3D/자료확보/run_public_only_v1_articulation_balance.py,true
04_PhysX-3D/01_재현실행/자료확보/run_public_only_v1_category_extension.py,71a1dc9ccadcd280f8ea4f6c125eb1e0776aed6b,4424,ccc7df39c461b22bf0c38851d9cb36ef09c84d2c5dc218941b4bef11d86046b8,04_PhysX-3D/자료확보/run_public_only_v1_category_extension.py,true
04_PhysX-3D/01_재현실행/자료확보/run_public_only_v1_extension_batch.py,4b7ef31f3f633321dfcd7f2f3f50809259013553,9606,e255fd09511deb4687a7f0f914ca1cdd077593069c33cdf2e105cb99aff2aa43,04_PhysX-3D/자료확보/run_public_only_v1_extension_batch.py,true
04_PhysX-3D/01_재현실행/자료확보/run_render_cond_29354_portable.sh,76835710ce24ec781e7e0c8c708facb90277065d,3954,07a08c91958b8c5d3b77a798c826fff5b2d157553e3e4a310f9cf13e88334675,04_PhysX-3D/자료확보/run_render_cond_29354_portable.sh,false
04_PhysX-3D/01_재현실행/자료확보/run_render_cond_29354_preflight.sh,0c29ab680723ec3528ae6907af6de89ad8e9b2f7,3442,492bf8cbfd9527be71d4cdbcd3d1176034a0a8db1bc84ce00423c6d06047e540,04_PhysX-3D/자료확보/run_render_cond_29354_preflight.sh,true
04_PhysX-3D/01_재현실행/자료확보/run_retrieval_29354_staged.sh,6dd1501705c3ca767e32ed19f03c68f50319a7a0,9139,d603474acfc616a79602184eac9feff8603caf67a7f389e18d946b32a6d2fcaf,04_PhysX-3D/자료확보/run_retrieval_29354_staged.sh,true
04_PhysX-3D/01_재현실행/자료확보/run_rtx5090_adapter_29354.py,bd8ecae74dc6883d22e90339d2c9e6cecf567635,19700,bcf0801b707c4cc52da01ac0de682884b069a13330bb7a53d5dfc22bfdd13c7a,04_PhysX-3D/자료확보/run_rtx5090_adapter_29354.py,false
04_PhysX-3D/01_재현실행/자료확보/run_rtx5090_adapter_fidelity_suite.py,cea36ffe2d77a80660e8e2ca4a76930e96cc131e,9764,a4f3ef745f7acd3990904a88302d39170831f9ebb8a139c19fa6f2652fd363cb,04_PhysX-3D/자료확보/run_rtx5090_adapter_fidelity_suite.py,false
04_PhysX-3D/01_재현실행/자료확보/run_rtx5090_tile_sensitivity.py,1b04a8a3556dca7f263714b9abeed69bc5aa5889,19025,592f3da96a49efc0e21b2e20c76b99d9bfbb7b87e0e1059e305c22b78abb705b,04_PhysX-3D/자료확보/run_rtx5090_tile_sensitivity.py,false
04_PhysX-3D/01_재현실행/자료확보/verify_24566_articulation_result_cpu.py,d7eadb868ec1bf80224ab92ebddc0d39239be56f,6877,630eb100e4df0a9f8815244d5d40084e6cd2b2f730ca1c4f5b3abe9cd98ba1bf,04_PhysX-3D/자료확보/verify_24566_articulation_result_cpu.py,false
04_PhysX-3D/01_재현실행/자료확보/verify_29806_articulation_result_cpu.py,bf417f83cba1ccc81d53db9b0c4902f62ed6fc41,5300,35e7859f3764a27624ef2cb03314493792ccbc9b79b418f3c912aa76790e52a0,04_PhysX-3D/자료확보/verify_29806_articulation_result_cpu.py,false
04_PhysX-3D/01_재현실행/자료확보/verify_29806_viewpoint_probe_result_cpu.py,c8a820fba8f84b3c3a2b494ba867b848e2e5c054,11570,d0090dd15ccdae0dff7cc642d979f8f332ee9c0eea9d7b5f57c516988bc873a2,04_PhysX-3D/자료확보/verify_29806_viewpoint_probe_result_cpu.py,false
04_PhysX-3D/01_재현실행/자료확보/verify_retrieval_output.py,9a4e3b3b6b8a52be287d4f20f2a833af0127c2e5,5601,141bb0aaaa7d01398009ceba340fa06bac0747d4ea2d78c17ba80b54bc3e8811,04_PhysX-3D/자료확보/verify_retrieval_output.py,true
04_PhysX-3D/01_재현실행/자료확보/write_rtx5090_tile_sensitivity_record.py,f7d5b046e73b9e525b73b2bb51ce6fb9e33433e4,5371,da610ecbe6d203b67feea62f1394370b7f89f07794b9f75d25870515eeaf0bba,04_PhysX-3D/자료확보/write_rtx5090_tile_sensitivity_record.py,true
04_PhysX-3D/01_재현실행/재현자료/2026-09-21_CUDA확장계획/.gitattributes,12d7996a993938efb31ad43345010d2e3447442d,74,75ae8611b0c5975e18fe3c66dd54ccb063892784c959e27e3e32df42accc0504,04_PhysX-3D/재현자료/2026-09-21_CUDA확장계획/.gitattributes,true
04_PhysX-3D/01_재현실행/재현자료/2026-09-21_CUDA확장계획/README.md,232be3e2325698a6e08cfb7747cbe4239c5eeb77,23000,d0bb602e5fe151182e4b91a810edae67328ca2c5f66fd4d9b35bc43bcb0d6d4e,04_PhysX-3D/재현자료/2026-09-21_CUDA확장계획/README.md,false
04_PhysX-3D/01_재현실행/재현자료/2026-09-21_CUDA확장계획/evidence-manifest.json,bd998f326b5a88aa952dcc49808fab3ce17f92c2,1173,8bb44f626d45ed4732ce4e4c1c5f39672fa6b00baba61b352b7442cfb997a22b,04_PhysX-3D/재현자료/2026-09-21_CUDA확장계획/evidence-manifest.json,true
04_PhysX-3D/01_재현실행/재현자료/2026-09-21_CUDA확장계획/installed-metadata.json,901131bf1b06c55f9fd0eb8c39a857873f7a2b87,5805,d0445ac945f94670765402916e658d32aa591e94e1492ee1c8fa44aa00b9c64b,04_PhysX-3D/재현자료/2026-09-21_CUDA확장계획/installed-metadata.json,true
04_PhysX-3D/01_재현실행/재현자료/2026-09-21_CUDA확장계획/review-evidence.json,ec6f7d19aed08e30f5514a3a8b66f7540606cbb1,10016,2bb93dd7f695709274bda1a54fc8d578e93540567aab8055ef508e4abf65fa51,04_PhysX-3D/재현자료/2026-09-21_CUDA확장계획/review-evidence.json,false
04_PhysX-3D/01_재현실행/재현자료/2026-09-21_CUDA확장계획/review-findings.md,e453d9145c8e52829a550f27f9c834dd47a63299,11993,9df49a5e83ba64266972a8c42ed0670a779974153a670a97b35f857e293ac735,04_PhysX-3D/재현자료/2026-09-21_CUDA확장계획/review-findings.md,true
04_PhysX-3D/01_재현실행/재현자료/2026-09-21_CUDA확장계획/validation-result.json,e51d536c0743e65722322d7952745a58cd7de0d3,1275,3cf44b0e7a82097cc003442f38900fd4c3317142ab8cbd0ded02a54d85bf3f82,04_PhysX-3D/재현자료/2026-09-21_CUDA확장계획/validation-result.json,false
04_PhysX-3D/01_재현실행/재현자료/2026-09-21_공식예제진행/01_sparse검사/.gitattributes,dc7fa84bd005a6f7cc04cee810c7eb3d17cdb10e,26,155348a89d5e749f50d336f8f164a39bf8415179177b36e8b51766f3ab9a16d3,04_PhysX-3D/재현자료/2026-09-21_공식예제진행/01_sparse검사/.gitattributes,true
04_PhysX-3D/01_재현실행/재현자료/2026-09-21_공식예제진행/01_sparse검사/evidence-manifest.json,76418366990ee00425f9a9ef31cfaac0c9b6bc92,74802,2b9bb5f0fed50ca62302995ceec226a03cb7e783601b3ce467c127ccba14fa67,04_PhysX-3D/재현자료/2026-09-21_공식예제진행/01_sparse검사/evidence-manifest.json,true
04_PhysX-3D/01_재현실행/재현자료/2026-09-21_공식예제진행/01_sparse검사/evidence/official-example-20260921/check_sparse.py,19b4e36d7ec129a6836a398870902c49705042bf,15034,701173aa887ca45532b2af0c3477a9ee0dbaaf3848590b4379a0c60bcc394a4a,04_PhysX-3D/재현자료/2026-09-21_공식예제진행/01_sparse검사/evidence/official-example-20260921/check_sparse.py,true
04_PhysX-3D/01_재현실행/재현자료/2026-09-21_공식예제진행/01_sparse검사/evidence/official-example-20260921/fetch_sources.py,0f9f8b687c70aeae9477b15614e4647caa5cc631,3016,f19f856cf47f6758532386f74ca1a1f6fe5fef33b009b3b3d6c9c6165c688976,04_PhysX-3D/재현자료/2026-09-21_공식예제진행/01_sparse검사/evidence/official-example-20260921/fetch_sources.py,true
04_PhysX-3D/01_재현실행/재현자료/2026-09-21_공식예제진행/01_sparse검사/evidence/official-example-20260921/install_verified_wheels.py,dbebdc0c20fdac5a36be030d1b19adb847d2f942,4929,e2ac2212515eec3c4324a8c367fa5ca656556f53fd3cb5b57de8334e2040fdd1,04_PhysX-3D/재현자료/2026-09-21_공식예제진행/01_sparse검사/evidence/official-example-20260921/install_verified_wheels.py,true
04_PhysX-3D/01_재현실행/재현자료/2026-09-21_공식예제진행/01_sparse검사/evidence/official-example-20260921/runs/20260921T085752Z-flash-attention-wheel-f9f3ed2b30/nvcc-version/command.json,2df305a30ec08b096cfcb8bd6549b63715b44c81,7823,46514f32f3a3bbe43afd46318805cc421058740ea33d9017a243ade3117fc7d0,04_PhysX-3D/재현자료/2026-09-21_공식예제진행/01_sparse검사/evidence/official-example-20260921/runs/20260921T085752Z-flash-attention-wheel-f9f3ed2b30/nvcc-version/command.json,true
04_PhysX-3D/01_재현실행/재현자료/2026-09-21_공식예제진행/01_sparse검사/evidence/official-example-20260921/runs/20260921T085752Z-flash-attention-wheel-f9f3ed2b30/nvcc-version/result.json,64118d18c5436ef2eab4f22859be22840c94ce77,7951,6a1e2b1869f4a04753f390659caf9b8af357878d5a5ff252dde0b6b0c3531774,04_PhysX-3D/재현자료/2026-09-21_공식예제진행/01_sparse검사/evidence/official-example-20260921/runs/20260921T085752Z-flash-attention-wheel-f9f3ed2b30/nvcc-version/result.json,true
04_PhysX-3D/01_재현실행/재현자료/2026-09-21_공식예제진행/01_sparse검사/evidence/official-example-20260921/runs/20260921T085752Z-flash-attention-wheel-f9f3ed2b30/nvcc-version/stderr.log,80e5f0140395f088e4d43af56df8f073760b838a,208,f584d723d6016799815da1fe797c1cb4d40b556ab350e3d7b78d3d12d7febf46,04_PhysX-3D/재현자료/2026-09-21_공식예제진행/01_sparse검사/evidence/official-example-20260921/runs/20260921T085752Z-flash-attention-wheel-f9f3ed2b30/nvcc-version/stderr.log,true
04_PhysX-3D/01_재현실행/재현자료/2026-09-21_공식예제진행/01_sparse검사/evidence/official-example-20260921/runs/20260921T085752Z-flash-attention-wheel-f9f3ed2b30/nvcc-version/stdout.log,e69de29bb2d1d6434b8b29ae775ad8c2e48c5391,0,e3b0c44298fc1c149afbf4c8996fb92427ae41e4649b934ca495991b7852b855,04_PhysX-3D/재현자료/2026-09-21_공식예제진행/01_sparse검사/evidence/official-example-20260921/runs/20260921T085752Z-flash-attention-wheel-f9f3ed2b30/nvcc-version/stdout.log,true
04_PhysX-3D/01_재현실행/재현자료/2026-09-21_공식예제진행/01_sparse검사/evidence/official-example-20260921/runs/20260921T085752Z-flash-attention-wheel-f9f3ed2b30/plan.json,7064be3dea25abd01d89767b5de50865481573c2,9014,3102775d1d51181702199ce1899bd04d5470d73becdf3c76644e4bd76cd4b812,04_PhysX-3D/재현자료/2026-09-21_공식예제진행/01_sparse검사/evidence/official-example-20260921/runs/20260921T085752Z-flash-attention-wheel-f9f3ed2b30/plan.json,true
04_PhysX-3D/01_재현실행/재현자료/2026-09-21_공식예제진행/01_sparse검사/evidence/official-example-20260921/runs/20260921T085752Z-flash-attention-wheel-f9f3ed2b30/status.json,b9229bb7204ddab3a28d503793609fef94139f3f,647,b8fc94329b6f67883575ee2138ddf767970c970eccd2f69ce86fa598b4937735,04_PhysX-3D/재현자료/2026-09-21_공식예제진행/01_sparse검사/evidence/official-example-20260921/runs/20260921T085752Z-flash-attention-wheel-f9f3ed2b30/status.json,true
04_PhysX-3D/01_재현실행/재현자료/2026-09-21_공식예제진행/01_sparse검사/evidence/official-example-20260921/runs/20260921T090019Z-sparse-install-6f7de1b43b/command/command.json,d39840f17f88922d2991eb842c4d1a382a79b445,7225,77af52e6d8d474bac49ec16f9679cbb91cb85d1d235e5b0549c16e4890ca14f7,04_PhysX-3D/재현자료/2026-09-21_공식예제진행/01_sparse검사/evidence/official-example-20260921/runs/20260921T090019Z-sparse-install-6f7de1b43b/command/command.json,true
04_PhysX-3D/01_재현실행/재현자료/2026-09-21_공식예제진행/01_sparse검사/evidence/official-example-20260921/runs/20260921T090019Z-sparse-install-6f7de1b43b/command/result.json,2ed9cd72e48a82925dd569303dc136edb977cfd7,7353,c2303f5c2fbe1a26a1eb073ca14c7b94163f5b34f2a638646175b62bd87a39ed,04_PhysX-3D/재현자료/2026-09-21_공식예제진행/01_sparse검사/evidence/official-example-20260921/runs/20260921T090019Z-sparse-install-6f7de1b43b/command/result.json,true
04_PhysX-3D/01_재현실행/재현자료/2026-09-21_공식예제진행/01_sparse검사/evidence/official-example-20260921/runs/20260921T090019Z-sparse-install-6f7de1b43b/command/stderr.log,e69de29bb2d1d6434b8b29ae775ad8c2e48c5391,0,e3b0c44298fc1c149afbf4c8996fb92427ae41e4649b934ca495991b7852b855,04_PhysX-3D/재현자료/2026-09-21_공식예제진행/01_sparse검사/evidence/official-example-20260921/runs/20260921T090019Z-sparse-install-6f7de1b43b/command/stderr.log,true
04_PhysX-3D/01_재현실행/재현자료/2026-09-21_공식예제진행/01_sparse검사/evidence/official-example-20260921/runs/20260921T090019Z-sparse-install-6f7de1b43b/command/stdout.log,105336a1b5edd3f628bc4ada1f77eeb7ed4bd821,659,bc49e92b4b4eaa3c616e19319c9f83cdd54813569b5baee24d5eaf34c0623742,04_PhysX-3D/재현자료/2026-09-21_공식예제진행/01_sparse검사/evidence/official-example-20260921/runs/20260921T090019Z-sparse-install-6f7de1b43b/command/stdout.log,true
04_PhysX-3D/01_재현실행/재현자료/2026-09-21_공식예제진행/01_sparse검사/evidence/official-example-20260921/runs/20260921T090019Z-sparse-install-6f7de1b43b/plan.json,1a0e4b3b877da06915d68cb74cc02cfa01aeb5b2,7904,3ad201852455a21ed0d0ba8ece499ad226fcd757d937a024c8a457374214661d,04_PhysX-3D/재현자료/2026-09-21_공식예제진행/01_sparse검사/evidence/official-example-20260921/runs/20260921T090019Z-sparse-install-6f7de1b43b/plan.json,true
04_PhysX-3D/01_재현실행/재현자료/2026-09-21_공식예제진행/01_sparse검사/evidence/official-example-20260921/runs/20260921T090019Z-sparse-install-6f7de1b43b/status.json,32c34757731ad2652e268c5feb2a86b09ac36f32,523,ac57d5cf15d9b72f035ba099bbe7e6e2b134da0bc786a4aaf5692174fc4ad777,04_PhysX-3D/재현자료/2026-09-21_공식예제진행/01_sparse검사/evidence/official-example-20260921/runs/20260921T090019Z-sparse-install-6f7de1b43b/status.json,true
04_PhysX-3D/01_재현실행/재현자료/2026-09-21_공식예제진행/01_sparse검사/evidence/official-example-20260921/runs/20260921T090022Z-flash-attention-wheel-775acb713d/command/command.json,ad17aecb9cfda6242bfd89870ebefea7d766e4a7,8250,c193b3b5c4fa2204e8ab189e46b88fa1405901048803e27b7c6f776ac4514ab0,04_PhysX-3D/재현자료/2026-09-21_공식예제진행/01_sparse검사/evidence/official-example-20260921/runs/20260921T090022Z-flash-attention-wheel-775acb713d/command/command.json,true
04_PhysX-3D/01_재현실행/재현자료/2026-09-21_공식예제진행/01_sparse검사/evidence/official-example-20260921/runs/20260921T090022Z-flash-attention-wheel-775acb713d/command/result.json,9cc67ccb9abd1dc63405c28af5df6525e48e2f57,8378,153c93a913f01ba5652bb510788b612191890d1049469fceeb1521accb1582ec,04_PhysX-3D/재현자료/2026-09-21_공식예제진행/01_sparse검사/evidence/official-example-20260921/runs/20260921T090022Z-flash-attention-wheel-775acb713d/command/result.json,true
04_PhysX-3D/01_재현실행/재현자료/2026-09-21_공식예제진행/01_sparse검사/evidence/official-example-20260921/runs/20260921T090022Z-flash-attention-wheel-775acb713d/command/stderr.log,bf979232280a6dd9dae174779366d2b4cd757259,25036,64cf3c63bd0f6c2bec1ddea6e1c3058cff107a4ed595500a593ebf7753f36e86,04_PhysX-3D/재현자료/2026-09-21_공식예제진행/01_sparse검사/evidence/official-example-20260921/runs/20260921T090022Z-flash-attention-wheel-775acb713d/command/stderr.log,true
04_PhysX-3D/01_재현실행/재현자료/2026-09-21_공식예제진행/01_sparse검사/evidence/official-example-20260921/runs/20260921T090022Z-flash-attention-wheel-775acb713d/command/stdout.log,6273b7196a8d9ce88f74eae4394b6ba0a77ff528,411,34c63ebb79504107226ef17663d87945a17632994408494084ff767c15b2db55,04_PhysX-3D/재현자료/2026-09-21_공식예제진행/01_sparse검사/evidence/official-example-20260921/runs/20260921T090022Z-flash-attention-wheel-775acb713d/command/stdout.log,true
04_PhysX-3D/01_재현실행/재현자료/2026-09-21_공식예제진행/01_sparse검사/evidence/official-example-20260921/runs/20260921T090022Z-flash-attention-wheel-775acb713d/gcc-version/command.json,7344980c751a2c215eb9cdc5eeb4c0952aa8aa64,7783,b0ea9f87d1eee0f19b0d231acd11045936a5487b4417efff11c766adcfe35b1e,04_PhysX-3D/재현자료/2026-09-21_공식예제진행/01_sparse검사/evidence/official-example-20260921/runs/20260921T090022Z-flash-attention-wheel-775acb713d/gcc-version/command.json,true
04_PhysX-3D/01_재현실행/재현자료/2026-09-21_공식예제진행/01_sparse검사/evidence/official-example-20260921/runs/20260921T090022Z-flash-attention-wheel-775acb713d/gcc-version/result.json,f38c3520f2d2916ed10e082fa50676c410f9e763,7911,5e07ed5ff2dabb7154caa86f9c876d606c616ac2dc76c65269a10f2e81620461,04_PhysX-3D/재현자료/2026-09-21_공식예제진행/01_sparse검사/evidence/official-example-20260921/runs/20260921T090022Z-flash-attention-wheel-775acb713d/gcc-version/result.json,true
04_PhysX-3D/01_재현실행/재현자료/2026-09-21_공식예제진행/01_sparse검사/evidence/official-example-20260921/runs/20260921T090022Z-flash-attention-wheel-775acb713d/gcc-version/stderr.log,e69de29bb2d1d6434b8b29ae775ad8c2e48c5391,0,e3b0c44298fc1c149afbf4c8996fb92427ae41e4649b934ca495991b7852b855,04_PhysX-3D/재현자료/2026-09-21_공식예제진행/01_sparse검사/evidence/official-example-20260921/runs/20260921T090022Z-flash-attention-wheel-775acb713d/gcc-version/stderr.log,true
04_PhysX-3D/01_재현실행/재현자료/2026-09-21_공식예제진행/01_sparse검사/evidence/official-example-20260921/runs/20260921T090022Z-flash-attention-wheel-775acb713d/gcc-version/stdout.log,ac565bc1cabdf5014d5d901c021f7a92694450e7,7,bb6aade8c4ca40cae9cb1be8abe12377f651fccd82954af74ec61703b6608fc5,04_PhysX-3D/재현자료/2026-09-21_공식예제진행/01_sparse검사/evidence/official-example-20260921/runs/20260921T090022Z-flash-attention-wheel-775acb713d/gcc-version/stdout.log,true
04_PhysX-3D/01_재현실행/재현자료/2026-09-21_공식예제진행/01_sparse검사/evidence/official-example-20260921/runs/20260921T090022Z-flash-attention-wheel-775acb713d/gxx-version/command.json,aec76bdc0dcac589552009788294cdae72c82843,7783,899c145715fab01ee72de8205d5e77afa811aa3b64852cdc88983afae9d4b0cb,04_PhysX-3D/재현자료/2026-09-21_공식예제진행/01_sparse검사/evidence/official-example-20260921/runs/20260921T090022Z-flash-attention-wheel-775acb713d/gxx-version/command.json,true
04_PhysX-3D/01_재현실행/재현자료/2026-09-21_공식예제진행/01_sparse검사/evidence/official-example-20260921/runs/20260921T090022Z-flash-attention-wheel-775acb713d/gxx-version/result.json,e909b21b99cf338d1ce346bc605650163d880322,7911,b67119b80c3add2751c4371ea1c1f29544a0a9c6e74e098bb8b97df4341d38d0,04_PhysX-3D/재현자료/2026-09-21_공식예제진행/01_sparse검사/evidence/official-example-20260921/runs/20260921T090022Z-flash-attention-wheel-775acb713d/gxx-version/result.json,true
04_PhysX-3D/01_재현실행/재현자료/2026-09-21_공식예제진행/01_sparse검사/evidence/official-example-20260921/runs/20260921T090022Z-flash-attention-wheel-775acb713d/gxx-version/stderr.log,e69de29bb2d1d6434b8b29ae775ad8c2e48c5391,0,e3b0c44298fc1c149afbf4c8996fb92427ae41e4649b934ca495991b7852b855,04_PhysX-3D/재현자료/2026-09-21_공식예제진행/01_sparse검사/evidence/official-example-20260921/runs/20260921T090022Z-flash-attention-wheel-775acb713d/gxx-version/stderr.log,true
04_PhysX-3D/01_재현실행/재현자료/2026-09-21_공식예제진행/01_sparse검사/evidence/official-example-20260921/runs/20260921T090022Z-flash-attention-wheel-775acb713d/gxx-version/stdout.log,ac565bc1cabdf5014d5d901c021f7a92694450e7,7,bb6aade8c4ca40cae9cb1be8abe12377f651fccd82954af74ec61703b6608fc5,04_PhysX-3D/재현자료/2026-09-21_공식예제진행/01_sparse검사/evidence/official-example-20260921/runs/20260921T090022Z-flash-attention-wheel-775acb713d/gxx-version/stdout.log,true
04_PhysX-3D/01_재현실행/재현자료/2026-09-21_공식예제진행/01_sparse검사/evidence/official-example-20260921/runs/20260921T090022Z-flash-attention-wheel-775acb713d/nvcc-version/command.json,a9372e12f4ca61d84dc22db4569dbe5d8b748585,7823,fda9cd5433512c796c12c87f7ef90cf595c11ad0506dde03ab87ceebae5f4a79,04_PhysX-3D/재현자료/2026-09-21_공식예제진행/01_sparse검사/evidence/official-example-20260921/runs/20260921T090022Z-flash-attention-wheel-775acb713d/nvcc-version/command.json,true
04_PhysX-3D/01_재현실행/재현자료/2026-09-21_공식예제진행/01_sparse검사/evidence/official-example-20260921/runs/20260921T090022Z-flash-attention-wheel-775acb713d/nvcc-version/result.json,f755ac6212561455abfb4f11abf24765d3810454,7951,73fdacd802f631a5b601654aaf9b92b009f21d28f44fa543b31e914d960f661d,04_PhysX-3D/재현자료/2026-09-21_공식예제진행/01_sparse검사/evidence/official-example-20260921/runs/20260921T090022Z-flash-attention-wheel-775acb713d/nvcc-version/result.json,true
04_PhysX-3D/01_재현실행/재현자료/2026-09-21_공식예제진행/01_sparse검사/evidence/official-example-20260921/runs/20260921T090022Z-flash-attention-wheel-775acb713d/nvcc-version/stderr.log,e69de29bb2d1d6434b8b29ae775ad8c2e48c5391,0,e3b0c44298fc1c149afbf4c8996fb92427ae41e4649b934ca495991b7852b855,04_PhysX-3D/재현자료/2026-09-21_공식예제진행/01_sparse검사/evidence/official-example-20260921/runs/20260921T090022Z-flash-attention-wheel-775acb713d/nvcc-version/stderr.log,true
04_PhysX-3D/01_재현실행/재현자료/2026-09-21_공식예제진행/01_sparse검사/evidence/official-example-20260921/runs/20260921T090022Z-flash-attention-wheel-775acb713d/nvcc-version/stdout.log,db7fbc66cc37eaca293616d8e64e24c2511a9805,208,68f8b0a1301428031e307cf5260142a517bff25cc232a09eae2734be475d721f,04_PhysX-3D/재현자료/2026-09-21_공식예제진행/01_sparse검사/evidence/official-example-20260921/runs/20260921T090022Z-flash-attention-wheel-775acb713d/nvcc-version/stdout.log,true
04_PhysX-3D/01_재현실행/재현자료/2026-09-21_공식예제진행/01_sparse검사/evidence/official-example-20260921/runs/20260921T090022Z-flash-attention-wheel-775acb713d/plan.json,7064be3dea25abd01d89767b5de50865481573c2,9014,3102775d1d51181702199ce1899bd04d5470d73becdf3c76644e4bd76cd4b812,04_PhysX-3D/재현자료/2026-09-21_공식예제진행/01_sparse검사/evidence/official-example-20260921/runs/20260921T090022Z-flash-attention-wheel-775acb713d/plan.json,true
04_PhysX-3D/01_재현실행/재현자료/2026-09-21_공식예제진행/01_sparse검사/evidence/official-example-20260921/runs/20260921T090022Z-flash-attention-wheel-775acb713d/status.json,26a957604b46b16fb6dd59f7ac0886a58731f30f,653,3fdb9466fb2964310cf2dbbacec172299ee2ea4c448de7b84c5c3255747b303a,04_PhysX-3D/재현자료/2026-09-21_공식예제진행/01_sparse검사/evidence/official-example-20260921/runs/20260921T090022Z-flash-attention-wheel-775acb713d/status.json,true
04_PhysX-3D/01_재현실행/재현자료/2026-09-21_공식예제진행/01_sparse검사/evidence/official-example-20260921/runs/20260921T090107Z-helper-wheels-802e209635/command/command.json,6addf6e9c726c5f693ef2879bad5b332210cf142,8232,5d1625b446b1cd8e1b5385ef9358cffcffe84c40a00a651cdcbb784395e08df6,04_PhysX-3D/재현자료/2026-09-21_공식예제진행/01_sparse검사/evidence/official-example-20260921/runs/20260921T090107Z-helper-wheels-802e209635/command/command.json,true
04_PhysX-3D/01_재현실행/재현자료/2026-09-21_공식예제진행/01_sparse검사/evidence/official-example-20260921/runs/20260921T090107Z-helper-wheels-802e209635/command/result.json,f12f395479d1f6d6dca71f4707b9298dc9ed10c6,8360,9ed203f84813712b73850cdf414559f631eec685214b8e85446a0df7e5454a8b,04_PhysX-3D/재현자료/2026-09-21_공식예제진행/01_sparse검사/evidence/official-example-20260921/runs/20260921T090107Z-helper-wheels-802e209635/command/result.json,true
04_PhysX-3D/01_재현실행/재현자료/2026-09-21_공식예제진행/01_sparse검사/evidence/official-example-20260921/runs/20260921T090107Z-helper-wheels-802e209635/command/stderr.log,e69de29bb2d1d6434b8b29ae775ad8c2e48c5391,0,e3b0c44298fc1c149afbf4c8996fb92427ae41e4649b934ca495991b7852b855,04_PhysX-3D/재현자료/2026-09-21_공식예제진행/01_sparse검사/evidence/official-example-20260921/runs/20260921T090107Z-helper-wheels-802e209635/command/stderr.log,true
04_PhysX-3D/01_재현실행/재현자료/2026-09-21_공식예제진행/01_sparse검사/evidence/official-example-20260921/runs/20260921T090107Z-helper-wheels-802e209635/command/stdout.log,054b1d14bddfa734417cf530eba0c3ce800371ac,2099,a679ff5cf56d2a0af23e110deab08080c3bcb8578793d2880b8eb1025a244a9d,04_PhysX-3D/재현자료/2026-09-21_공식예제진행/01_sparse검사/evidence/official-example-20260921/runs/20260921T090107Z-helper-wheels-802e209635/command/stdout.log,true
04_PhysX-3D/01_재현실행/재현자료/2026-09-21_공식예제진행/01_sparse검사/evidence/official-example-20260921/runs/20260921T090107Z-helper-wheels-802e209635/gcc-version/command.json,06c7d849e4418453a6493b21778c4448b017e42f,7692,125d3ecfe74cea039b863ae1becafb4b48222375aa3945f4f961db91fad89967,04_PhysX-3D/재현자료/2026-09-21_공식예제진행/01_sparse검사/evidence/official-example-20260921/runs/20260921T090107Z-helper-wheels-802e209635/gcc-version/command.json,true
04_PhysX-3D/01_재현실행/재현자료/2026-09-21_공식예제진행/01_sparse검사/evidence/official-example-20260921/runs/20260921T090107Z-helper-wheels-802e209635/gcc-version/result.json,81754f251127de0dcc8038376c01955144e5b3ab,7820,528a79d656f09c132fea9685342e99d54ac274f426531d9445723e64c16f6439,04_PhysX-3D/재현자료/2026-09-21_공식예제진행/01_sparse검사/evidence/official-example-20260921/runs/20260921T090107Z-helper-wheels-802e209635/gcc-version/result.json,true
04_PhysX-3D/01_재현실행/재현자료/2026-09-21_공식예제진행/01_sparse검사/evidence/official-example-20260921/runs/20260921T090107Z-helper-wheels-802e209635/gcc-version/stderr.log,e69de29bb2d1d6434b8b29ae775ad8c2e48c5391,0,e3b0c44298fc1c149afbf4c8996fb92427ae41e4649b934ca495991b7852b855,04_PhysX-3D/재현자료/2026-09-21_공식예제진행/01_sparse검사/evidence/official-example-20260921/runs/20260921T090107Z-helper-wheels-802e209635/gcc-version/stderr.log,true
04_PhysX-3D/01_재현실행/재현자료/2026-09-21_공식예제진행/01_sparse검사/evidence/official-example-20260921/runs/20260921T090107Z-helper-wheels-802e209635/gcc-version/stdout.log,ac565bc1cabdf5014d5d901c021f7a92694450e7,7,bb6aade8c4ca40cae9cb1be8abe12377f651fccd82954af74ec61703b6608fc5,04_PhysX-3D/재현자료/2026-09-21_공식예제진행/01_sparse검사/evidence/official-example-20260921/runs/20260921T090107Z-helper-wheels-802e209635/gcc-version/stdout.log,true
04_PhysX-3D/01_재현실행/재현자료/2026-09-21_공식예제진행/01_sparse검사/evidence/official-example-20260921/runs/20260921T090107Z-helper-wheels-802e209635/gxx-version/command.json,ecb0625178cd050f1f3d0fe7bf8184442b6e1d67,7692,cc1ddc83eabfa99b89939fea30ffe7953aac0f8f291aa8b382fd263c9e354e84,04_PhysX-3D/재현자료/2026-09-21_공식예제진행/01_sparse검사/evidence/official-example-20260921/runs/20260921T090107Z-helper-wheels-802e209635/gxx-version/command.json,true
04_PhysX-3D/01_재현실행/재현자료/2026-09-21_공식예제진행/01_sparse검사/evidence/official-example-20260921/runs/20260921T090107Z-helper-wheels-802e209635/gxx-version/result.json,18e7a7f9442af89bb42fc85bc4d74e5e91dc33da,7820,8117a603d5e2c12e0e9320a94e55cd56db93350c9169366c65b17f54be6ba9dd,04_PhysX-3D/재현자료/2026-09-21_공식예제진행/01_sparse검사/evidence/official-example-20260921/runs/20260921T090107Z-helper-wheels-802e209635/gxx-version/result.json,true
04_PhysX-3D/01_재현실행/재현자료/2026-09-21_공식예제진행/01_sparse검사/evidence/official-example-20260921/runs/20260921T090107Z-helper-wheels-802e209635/gxx-version/stderr.log,e69de29bb2d1d6434b8b29ae775ad8c2e48c5391,0,e3b0c44298fc1c149afbf4c8996fb92427ae41e4649b934ca495991b7852b855,04_PhysX-3D/재현자료/2026-09-21_공식예제진행/01_sparse검사/evidence/official-example-20260921/runs/20260921T090107Z-helper-wheels-802e209635/gxx-version/stderr.log,true
04_PhysX-3D/01_재현실행/재현자료/2026-09-21_공식예제진행/01_sparse검사/evidence/official-example-20260921/runs/20260921T090107Z-helper-wheels-802e209635/gxx-version/stdout.log,ac565bc1cabdf5014d5d901c021f7a92694450e7,7,bb6aade8c4ca40cae9cb1be8abe12377f651fccd82954af74ec61703b6608fc5,04_PhysX-3D/재현자료/2026-09-21_공식예제진행/01_sparse검사/evidence/official-example-20260921/runs/20260921T090107Z-helper-wheels-802e209635/gxx-version/stdout.log,true
04_PhysX-3D/01_재현실행/재현자료/2026-09-21_공식예제진행/01_sparse검사/evidence/official-example-20260921/runs/20260921T090107Z-helper-wheels-802e209635/nvcc-version/command.json,6c1b0e1bf0370a51fe5aed1ace66bfcc65817d18,7732,61f5e14c037b9851dbca06d748256ac84810150ff16d074cebba361a68d70537,04_PhysX-3D/재현자료/2026-09-21_공식예제진행/01_sparse검사/evidence/official-example-20260921/runs/20260921T090107Z-helper-wheels-802e209635/nvcc-version/command.json,true
04_PhysX-3D/01_재현실행/재현자료/2026-09-21_공식예제진행/01_sparse검사/evidence/official-example-20260921/runs/20260921T090107Z-helper-wheels-802e209635/nvcc-version/result.json,6c9c96950d992d7bf357ad71022baf8b2b7352e6,7860,aef1e82826e69a626913decbb01d7aaf9f4da97eb1f9115ec48d8df801222ae8,04_PhysX-3D/재현자료/2026-09-21_공식예제진행/01_sparse검사/evidence/official-example-20260921/runs/20260921T090107Z-helper-wheels-802e209635/nvcc-version/result.json,true
04_PhysX-3D/01_재현실행/재현자료/2026-09-21_공식예제진행/01_sparse검사/evidence/official-example-20260921/runs/20260921T090107Z-helper-wheels-802e209635/nvcc-version/stderr.log,e69de29bb2d1d6434b8b29ae775ad8c2e48c5391,0,e3b0c44298fc1c149afbf4c8996fb92427ae41e4649b934ca495991b7852b855,04_PhysX-3D/재현자료/2026-09-21_공식예제진행/01_sparse검사/evidence/official-example-20260921/runs/20260921T090107Z-helper-wheels-802e209635/nvcc-version/stderr.log,true
04_PhysX-3D/01_재현실행/재현자료/2026-09-21_공식예제진행/01_sparse검사/evidence/official-example-20260921/runs/20260921T090107Z-helper-wheels-802e209635/nvcc-version/stdout.log,db7fbc66cc37eaca293616d8e64e24c2511a9805,208,68f8b0a1301428031e307cf5260142a517bff25cc232a09eae2734be475d721f,04_PhysX-3D/재현자료/2026-09-21_공식예제진행/01_sparse검사/evidence/official-example-20260921/runs/20260921T090107Z-helper-wheels-802e209635/nvcc-version/stdout.log,true
04_PhysX-3D/01_재현실행/재현자료/2026-09-21_공식예제진행/01_sparse검사/evidence/official-example-20260921/runs/20260921T090107Z-helper-wheels-802e209635/plan.json,dac573b9b146857d904ef0267828fc8b78344d29,9083,2718cae5c388a2f2e607c6f0fcd0bdd8cc3ffeb03ecedd10ff77d5092274b10f,04_PhysX-3D/재현자료/2026-09-21_공식예제진행/01_sparse검사/evidence/official-example-20260921/runs/20260921T090107Z-helper-wheels-802e209635/plan.json,true
04_PhysX-3D/01_재현실행/재현자료/2026-09-21_공식예제진행/01_sparse검사/evidence/official-example-20260921/runs/20260921T090107Z-helper-wheels-802e209635/status.json,c6a1dc91590043ae972ec2d2a45cfd38deb29136,519,7fd6194475d8da0f81a7a57028bc9f1769ed7ee2e83b16022b98692a6f203f15,04_PhysX-3D/재현자료/2026-09-21_공식예제진행/01_sparse검사/evidence/official-example-20260921/runs/20260921T090107Z-helper-wheels-802e209635/status.json,true
04_PhysX-3D/01_재현실행/재현자료/2026-09-21_공식예제진행/01_sparse검사/evidence/official-example-20260921/runs/20260921T090123Z-gaussian-wheel-fb0243fdd3/command/command.json,eb2eced67b534c5445d1a4dfcddf1e12f8442b2e,8105,838ad87db301b90350684adbff65a9d29179cae659c782f130ac04d8349390e2,04_PhysX-3D/재현자료/2026-09-21_공식예제진행/01_sparse검사/evidence/official-example-20260921/runs/20260921T090123Z-gaussian-wheel-fb0243fdd3/command/command.json,true
04_PhysX-3D/01_재현실행/재현자료/2026-09-21_공식예제진행/01_sparse검사/evidence/official-example-20260921/runs/20260921T090123Z-gaussian-wheel-fb0243fdd3/command/result.json,fedb256136b61a1dc6c7e9f2cd0daae0ba515ec8,8233,7a493126ac467236a1f32df7a9333cd12ea65fe6ad6db6adaf45d6084e9c07da,04_PhysX-3D/재현자료/2026-09-21_공식예제진행/01_sparse검사/evidence/official-example-20260921/runs/20260921T090123Z-gaussian-wheel-fb0243fdd3/command/result.json,true
04_PhysX-3D/01_재현실행/재현자료/2026-09-21_공식예제진행/01_sparse검사/evidence/official-example-20260921/runs/20260921T090123Z-gaussian-wheel-fb0243fdd3/command/stderr.log,e69de29bb2d1d6434b8b29ae775ad8c2e48c5391,0,e3b0c44298fc1c149afbf4c8996fb92427ae41e4649b934ca495991b7852b855,04_PhysX-3D/재현자료/2026-09-21_공식예제진행/01_sparse검사/evidence/official-example-20260921/runs/20260921T090123Z-gaussian-wheel-fb0243fdd3/command/stderr.log,true
04_PhysX-3D/01_재현실행/재현자료/2026-09-21_공식예제진행/01_sparse검사/evidence/official-example-20260921/runs/20260921T090123Z-gaussian-wheel-fb0243fdd3/command/stdout.log,b7aca24859522f630e7c356b7dc8e097c914e46a,892,3957cda16ae37fca6f67cf5334d1b1a15e843a3ccc47b1404eb352c746afeefa,04_PhysX-3D/재현자료/2026-09-21_공식예제진행/01_sparse검사/evidence/official-example-20260921/runs/20260921T090123Z-gaussian-wheel-fb0243fdd3/command/stdout.log,true
04_PhysX-3D/01_재현실행/재현자료/2026-09-21_공식예제진행/01_sparse검사/evidence/official-example-20260921/runs/20260921T090123Z-gaussian-wheel-fb0243fdd3/gcc-version/command.json,24fae109fe5d16092c162da0ee2e09565273e7f8,7699,fc49a47a12a3518a04efef4f56cb2abbbad3812855f1de6ae4b118dfca351b1a,04_PhysX-3D/재현자료/2026-09-21_공식예제진행/01_sparse검사/evidence/official-example-20260921/runs/20260921T090123Z-gaussian-wheel-fb0243fdd3/gcc-version/command.json,true
04_PhysX-3D/01_재현실행/재현자료/2026-09-21_공식예제진행/01_sparse검사/evidence/official-example-20260921/runs/20260921T090123Z-gaussian-wheel-fb0243fdd3/gcc-version/result.json,e285741af783ff4f129117c90fe2468da11c3f0f,7827,2a427f5a5699e05126a88ada3021edd119ebb931d372bdb2ac51c1d049e5f2fd,04_PhysX-3D/재현자료/2026-09-21_공식예제진행/01_sparse검사/evidence/official-example-20260921/runs/20260921T090123Z-gaussian-wheel-fb0243fdd3/gcc-version/result.json,true
04_PhysX-3D/01_재현실행/재현자료/2026-09-21_공식예제진행/01_sparse검사/evidence/official-example-20260921/runs/20260921T090123Z-gaussian-wheel-fb0243fdd3/gcc-version/stderr.log,e69de29bb2d1d6434b8b29ae775ad8c2e48c5391,0,e3b0c44298fc1c149afbf4c8996fb92427ae41e4649b934ca495991b7852b855,04_PhysX-3D/재현자료/2026-09-21_공식예제진행/01_sparse검사/evidence/official-example-20260921/runs/20260921T090123Z-gaussian-wheel-fb0243fdd3/gcc-version/stderr.log,true
04_PhysX-3D/01_재현실행/재현자료/2026-09-21_공식예제진행/01_sparse검사/evidence/official-example-20260921/runs/20260921T090123Z-gaussian-wheel-fb0243fdd3/gcc-version/stdout.log,ac565bc1cabdf5014d5d901c021f7a92694450e7,7,bb6aade8c4ca40cae9cb1be8abe12377f651fccd82954af74ec61703b6608fc5,04_PhysX-3D/재현자료/2026-09-21_공식예제진행/01_sparse검사/evidence/official-example-20260921/runs/20260921T090123Z-gaussian-wheel-fb0243fdd3/gcc-version/stdout.log,true
04_PhysX-3D/01_재현실행/재현자료/2026-09-21_공식예제진행/01_sparse검사/evidence/official-example-20260921/runs/20260921T090123Z-gaussian-wheel-fb0243fdd3/gxx-version/command.json,b3e99f2988ccaf612d8e519cac9bd597f9b4351d,7699,b64d980cd6487294047ef040965a30bf71ca14fd039883b4de134bf62dee04b5,04_PhysX-3D/재현자료/2026-09-21_공식예제진행/01_sparse검사/evidence/official-example-20260921/runs/20260921T090123Z-gaussian-wheel-fb0243fdd3/gxx-version/command.json,true
04_PhysX-3D/01_재현실행/재현자료/2026-09-21_공식예제진행/01_sparse검사/evidence/official-example-20260921/runs/20260921T090123Z-gaussian-wheel-fb0243fdd3/gxx-version/result.json,646f476f69551e76996c42fd74d5e9f3076d85c4,7827,317bce83ca227e9ac521487c55b1ce08043f419050fd966d921b6eee2cdd84f0,04_PhysX-3D/재현자료/2026-09-21_공식예제진행/01_sparse검사/evidence/official-example-20260921/runs/20260921T090123Z-gaussian-wheel-fb0243fdd3/gxx-version/result.json,true
04_PhysX-3D/01_재현실행/재현자료/2026-09-21_공식예제진행/01_sparse검사/evidence/official-example-20260921/runs/20260921T090123Z-gaussian-wheel-fb0243fdd3/gxx-version/stderr.log,e69de29bb2d1d6434b8b29ae775ad8c2e48c5391,0,e3b0c44298fc1c149afbf4c8996fb92427ae41e4649b934ca495991b7852b855,04_PhysX-3D/재현자료/2026-09-21_공식예제진행/01_sparse검사/evidence/official-example-20260921/runs/20260921T090123Z-gaussian-wheel-fb0243fdd3/gxx-version/stderr.log,true
04_PhysX-3D/01_재현실행/재현자료/2026-09-21_공식예제진행/01_sparse검사/evidence/official-example-20260921/runs/20260921T090123Z-gaussian-wheel-fb0243fdd3/gxx-version/stdout.log,ac565bc1cabdf5014d5d901c021f7a92694450e7,7,bb6aade8c4ca40cae9cb1be8abe12377f651fccd82954af74ec61703b6608fc5,04_PhysX-3D/재현자료/2026-09-21_공식예제진행/01_sparse검사/evidence/official-example-20260921/runs/20260921T090123Z-gaussian-wheel-fb0243fdd3/gxx-version/stdout.log,true
04_PhysX-3D/01_재현실행/재현자료/2026-09-21_공식예제진행/01_sparse검사/evidence/official-example-20260921/runs/20260921T090123Z-gaussian-wheel-fb0243fdd3/nvcc-version/command.json,3249599bf519beac9698e86576d837ff88ba26b8,7739,d9a44fc53055f42622b8e855a88e4fbfb4e918242650a2cf606aa84efce996f2,04_PhysX-3D/재현자료/2026-09-21_공식예제진행/01_sparse검사/evidence/official-example-20260921/runs/20260921T090123Z-gaussian-wheel-fb0243fdd3/nvcc-version/command.json,true
04_PhysX-3D/01_재현실행/재현자료/2026-09-21_공식예제진행/01_sparse검사/evidence/official-example-20260921/runs/20260921T090123Z-gaussian-wheel-fb0243fdd3/nvcc-version/result.json,ddeebfa3decf75a298e2eab4e73c06633bee3117,7867,bb27210cfc2bb6b5160719df7fc3d2c76777ad15b431687fbf97f24206855af1,04_PhysX-3D/재현자료/2026-09-21_공식예제진행/01_sparse검사/evidence/official-example-20260921/runs/20260921T090123Z-gaussian-wheel-fb0243fdd3/nvcc-version/result.json,true
04_PhysX-3D/01_재현실행/재현자료/2026-09-21_공식예제진행/01_sparse검사/evidence/official-example-20260921/runs/20260921T090123Z-gaussian-wheel-fb0243fdd3/nvcc-version/stderr.log,e69de29bb2d1d6434b8b29ae775ad8c2e48c5391,0,e3b0c44298fc1c149afbf4c8996fb92427ae41e4649b934ca495991b7852b855,04_PhysX-3D/재현자료/2026-09-21_공식예제진행/01_sparse검사/evidence/official-example-20260921/runs/20260921T090123Z-gaussian-wheel-fb0243fdd3/nvcc-version/stderr.log,true
04_PhysX-3D/01_재현실행/재현자료/2026-09-21_공식예제진행/01_sparse검사/evidence/official-example-20260921/runs/20260921T090123Z-gaussian-wheel-fb0243fdd3/nvcc-version/stdout.log,db7fbc66cc37eaca293616d8e64e24c2511a9805,208,68f8b0a1301428031e307cf5260142a517bff25cc232a09eae2734be475d721f,04_PhysX-3D/재현자료/2026-09-21_공식예제진행/01_sparse검사/evidence/official-example-20260921/runs/20260921T090123Z-gaussian-wheel-fb0243fdd3/nvcc-version/stdout.log,true
04_PhysX-3D/01_재현실행/재현자료/2026-09-21_공식예제진행/01_sparse검사/evidence/official-example-20260921/runs/20260921T090123Z-gaussian-wheel-fb0243fdd3/plan.json,1fbd7679d65d44de0788d482856ba4b4f95ec75f,8816,f9d2163b4eb1b212dc0bc38871931e9739e4390024684e94cfaec2259f1ce5a9,04_PhysX-3D/재현자료/2026-09-21_공식예제진행/01_sparse검사/evidence/official-example-20260921/runs/20260921T090123Z-gaussian-wheel-fb0243fdd3/plan.json,true
04_PhysX-3D/01_재현실행/재현자료/2026-09-21_공식예제진행/01_sparse검사/evidence/official-example-20260921/runs/20260921T090123Z-gaussian-wheel-fb0243fdd3/status.json,279ace7643c7e247f37c8e1aa3db8477d7b4975f,521,c80d0821953319833694f3b36f4018cf05e1474edd69d74839fe048703d36938,04_PhysX-3D/재현자료/2026-09-21_공식예제진행/01_sparse검사/evidence/official-example-20260921/runs/20260921T090123Z-gaussian-wheel-fb0243fdd3/status.json,true
04_PhysX-3D/01_재현실행/재현자료/2026-09-21_공식예제진행/01_sparse검사/evidence/official-example-20260921/runs/20260921T090208Z-helper-install-e220f5c417/command/command.json,75b8784711245ab5342d42a51e71fb823269227d,7291,02eba354e8bd1b83f892879b58751863677bf74c5395b622582a9118935a1588,04_PhysX-3D/재현자료/2026-09-21_공식예제진행/01_sparse검사/evidence/official-example-20260921/runs/20260921T090208Z-helper-install-e220f5c417/command/command.json,true
04_PhysX-3D/01_재현실행/재현자료/2026-09-21_공식예제진행/01_sparse검사/evidence/official-example-20260921/runs/20260921T090208Z-helper-install-e220f5c417/command/result.json,fab70e21ed30fb7020bce4cf1bba0b0ba7a49905,7419,9d34e4cec687b838713dc902d1543326f3e4abf02265f4d49d02ecc9ebdbd895,04_PhysX-3D/재현자료/2026-09-21_공식예제진행/01_sparse검사/evidence/official-example-20260921/runs/20260921T090208Z-helper-install-e220f5c417/command/result.json,true
04_PhysX-3D/01_재현실행/재현자료/2026-09-21_공식예제진행/01_sparse검사/evidence/official-example-20260921/runs/20260921T090208Z-helper-install-e220f5c417/command/stderr.log,e69de29bb2d1d6434b8b29ae775ad8c2e48c5391,0,e3b0c44298fc1c149afbf4c8996fb92427ae41e4649b934ca495991b7852b855,04_PhysX-3D/재현자료/2026-09-21_공식예제진행/01_sparse검사/evidence/official-example-20260921/runs/20260921T090208Z-helper-install-e220f5c417/command/stderr.log,true
04_PhysX-3D/01_재현실행/재현자료/2026-09-21_공식예제진행/01_sparse검사/evidence/official-example-20260921/runs/20260921T090208Z-helper-install-e220f5c417/command/stdout.log,3a3fe5e6b5719f93d9a3e68795fbe4f68281ac97,668,9ba264d7d138790bf478d67f88c4407b23ba5585ec079d90c8a2da93df76f6f6,04_PhysX-3D/재현자료/2026-09-21_공식예제진행/01_sparse검사/evidence/official-example-20260921/runs/20260921T090208Z-helper-install-e220f5c417/command/stdout.log,true
04_PhysX-3D/01_재현실행/재현자료/2026-09-21_공식예제진행/01_sparse검사/evidence/official-example-20260921/runs/20260921T090208Z-helper-install-e220f5c417/plan.json,c50d82cdbce0c0eb967c1f1c57b1b9fc27a3f4e4,8036,b2e398ac92aa111fd4ec5fc4043bd999975e9c6014886170ba02b18840e5d46f,04_PhysX-3D/재현자료/2026-09-21_공식예제진행/01_sparse검사/evidence/official-example-20260921/runs/20260921T090208Z-helper-install-e220f5c417/plan.json,true
04_PhysX-3D/01_재현실행/재현자료/2026-09-21_공식예제진행/01_sparse검사/evidence/official-example-20260921/runs/20260921T090208Z-helper-install-e220f5c417/status.json,e1e253970c71e75f3f39c45d2751e5ccb674777b,523,4ede2341815b3ce740dcbdcc5102c7810492bf5fd79d8de22cfe063915a858c6,04_PhysX-3D/재현자료/2026-09-21_공식예제진행/01_sparse검사/evidence/official-example-20260921/runs/20260921T090208Z-helper-install-e220f5c417/status.json,true
04_PhysX-3D/01_재현실행/재현자료/2026-09-21_공식예제진행/01_sparse검사/evidence/official-example-20260921/runs/20260921T090304Z-gaussian-install-fc1dfe6a81/command/command.json,493f52770708c93b7121ee17659f82593ebf40a9,7141,e6e790ff12889c7eeebbf85c597052859cd4d550e9bd9e900488787733e2e068,04_PhysX-3D/재현자료/2026-09-21_공식예제진행/01_sparse검사/evidence/official-example-20260921/runs/20260921T090304Z-gaussian-install-fc1dfe6a81/command/command.json,true
04_PhysX-3D/01_재현실행/재현자료/2026-09-21_공식예제진행/01_sparse검사/evidence/official-example-20260921/runs/20260921T090304Z-gaussian-install-fc1dfe6a81/command/result.json,ee705b81a57590e53e37b3a13c07b064744aa696,7269,c35a729bcdfff11dab090175c343152ff626960d69e0e3138dc9f3a5e58e8fbc,04_PhysX-3D/재현자료/2026-09-21_공식예제진행/01_sparse검사/evidence/official-example-20260921/runs/20260921T090304Z-gaussian-install-fc1dfe6a81/command/result.json,true
04_PhysX-3D/01_재현실행/재현자료/2026-09-21_공식예제진행/01_sparse검사/evidence/official-example-20260921/runs/20260921T090304Z-gaussian-install-fc1dfe6a81/command/stderr.log,e69de29bb2d1d6434b8b29ae775ad8c2e48c5391,0,e3b0c44298fc1c149afbf4c8996fb92427ae41e4649b934ca495991b7852b855,04_PhysX-3D/재현자료/2026-09-21_공식예제진행/01_sparse검사/evidence/official-example-20260921/runs/20260921T090304Z-gaussian-install-fc1dfe6a81/command/stderr.log,true
04_PhysX-3D/01_재현실행/재현자료/2026-09-21_공식예제진행/01_sparse검사/evidence/official-example-20260921/runs/20260921T090304Z-gaussian-install-fc1dfe6a81/command/stdout.log,16d7a83448ba391ad402bd4917cd5701f13b03c1,650,314c5353621843e39e51111429f2999681606ca18c03f442d81d11dec5f15c45,04_PhysX-3D/재현자료/2026-09-21_공식예제진행/01_sparse검사/evidence/official-example-20260921/runs/20260921T090304Z-gaussian-install-fc1dfe6a81/command/stdout.log,true
04_PhysX-3D/01_재현실행/재현자료/2026-09-21_공식예제진행/01_sparse검사/evidence/official-example-20260921/runs/20260921T090304Z-gaussian-install-fc1dfe6a81/plan.json,e01caddad6cf310d3220812cfb2b2434acce3d67,7735,ce195eae4edf70d1359aac8ca42b8a6c9d916dedc635e35659833a167144509d,04_PhysX-3D/재현자료/2026-09-21_공식예제진행/01_sparse검사/evidence/official-example-20260921/runs/20260921T090304Z-gaussian-install-fc1dfe6a81/plan.json,true
04_PhysX-3D/01_재현실행/재현자료/2026-09-21_공식예제진행/01_sparse검사/evidence/official-example-20260921/runs/20260921T090304Z-gaussian-install-fc1dfe6a81/status.json,32f76914bb156ebb1c53b25d454ef8bdbd5725c9,527,c0caf19097b41b1003c32f68723818b59e0ecc75660e8f424190357b733844f5,04_PhysX-3D/재현자료/2026-09-21_공식예제진행/01_sparse검사/evidence/official-example-20260921/runs/20260921T090304Z-gaussian-install-fc1dfe6a81/status.json,true
04_PhysX-3D/01_재현실행/재현자료/2026-09-21_공식예제진행/01_sparse검사/evidence/official-example-20260921/runs/20260921T090432Z-sparse-smoke-9f0c1937e4/device-mapping.json,40f83ad58ce7bb3d6cb95e8f406a5e29b6b8456e,277,a722ac59a8ce5de35b3604e7f307c3b75f3e60a57ec79359b60f97d3eee7f470,04_PhysX-3D/재현자료/2026-09-21_공식예제진행/01_sparse검사/evidence/official-example-20260921/runs/20260921T090432Z-sparse-smoke-9f0c1937e4/device-mapping.json,true
04_PhysX-3D/01_재현실행/재현자료/2026-09-21_공식예제진행/01_sparse검사/evidence/official-example-20260921/runs/20260921T090432Z-sparse-smoke-9f0c1937e4/gcc-version/command.json,6d0626eb5b4654566f6051bbb4ac827308e10fb6,8289,98a081744959484ae75778298efa82c29287b3d553ac800c786b6955fb863780,04_PhysX-3D/재현자료/2026-09-21_공식예제진행/01_sparse검사/evidence/official-example-20260921/runs/20260921T090432Z-sparse-smoke-9f0c1937e4/gcc-version/command.json,true
04_PhysX-3D/01_재현실행/재현자료/2026-09-21_공식예제진행/01_sparse검사/evidence/official-example-20260921/runs/20260921T090432Z-sparse-smoke-9f0c1937e4/gcc-version/result.json,d374b1a49274851f53505d931b495d999b06f730,8417,4ea701ecd7e7b9ac7e7365642d7cc72dca17ce43e68958ac0d9edef8ac4d057d,04_PhysX-3D/재현자료/2026-09-21_공식예제진행/01_sparse검사/evidence/official-example-20260921/runs/20260921T090432Z-sparse-smoke-9f0c1937e4/gcc-version/result.json,true
04_PhysX-3D/01_재현실행/재현자료/2026-09-21_공식예제진행/01_sparse검사/evidence/official-example-20260921/runs/20260921T090432Z-sparse-smoke-9f0c1937e4/gcc-version/stderr.log,e69de29bb2d1d6434b8b29ae775ad8c2e48c5391,0,e3b0c44298fc1c149afbf4c8996fb92427ae41e4649b934ca495991b7852b855,04_PhysX-3D/재현자료/2026-09-21_공식예제진행/01_sparse검사/evidence/official-example-20260921/runs/20260921T090432Z-sparse-smoke-9f0c1937e4/gcc-version/stderr.log,true
04_PhysX-3D/01_재현실행/재현자료/2026-09-21_공식예제진행/01_sparse검사/evidence/official-example-20260921/runs/20260921T090432Z-sparse-smoke-9f0c1937e4/gcc-version/stdout.log,ac565bc1cabdf5014d5d901c021f7a92694450e7,7,bb6aade8c4ca40cae9cb1be8abe12377f651fccd82954af74ec61703b6608fc5,04_PhysX-3D/재현자료/2026-09-21_공식예제진행/01_sparse검사/evidence/official-example-20260921/runs/20260921T090432Z-sparse-smoke-9f0c1937e4/gcc-version/stdout.log,true
04_PhysX-3D/01_재현실행/재현자료/2026-09-21_공식예제진행/01_sparse검사/evidence/official-example-20260921/runs/20260921T090432Z-sparse-smoke-9f0c1937e4/gpu-driver-info/command.json,ab5ea3708c13c63cfc713ff188f3c42170bc194a,8498,45d27f8bd91007b598d8e3784465d46672608914ea7a6de1320dbf68bc11e704,04_PhysX-3D/재현자료/2026-09-21_공식예제진행/01_sparse검사/evidence/official-example-20260921/runs/20260921T090432Z-sparse-smoke-9f0c1937e4/gpu-driver-info/command.json,true
04_PhysX-3D/01_재현실행/재현자료/2026-09-21_공식예제진행/01_sparse검사/evidence/official-example-20260921/runs/20260921T090432Z-sparse-smoke-9f0c1937e4/gpu-driver-info/result.json,ecbc59d44d2a27f352c1304894103a027dee4899,8626,248cbc5536db71bab22d16dd9225e3bbbe4c7689a30aff3f4d0bf5d9d66ae74c,04_PhysX-3D/재현자료/2026-09-21_공식예제진행/01_sparse검사/evidence/official-example-20260921/runs/20260921T090432Z-sparse-smoke-9f0c1937e4/gpu-driver-info/result.json,true
04_PhysX-3D/01_재현실행/재현자료/2026-09-21_공식예제진행/01_sparse검사/evidence/official-example-20260921/runs/20260921T090432Z-sparse-smoke-9f0c1937e4/gpu-driver-info/stderr.log,e69de29bb2d1d6434b8b29ae775ad8c2e48c5391,0,e3b0c44298fc1c149afbf4c8996fb92427ae41e4649b934ca495991b7852b855,04_PhysX-3D/재현자료/2026-09-21_공식예제진행/01_sparse검사/evidence/official-example-20260921/runs/20260921T090432Z-sparse-smoke-9f0c1937e4/gpu-driver-info/stderr.log,true
04_PhysX-3D/01_재현실행/재현자료/2026-09-21_공식예제진행/01_sparse검사/evidence/official-example-20260921/runs/20260921T090432Z-sparse-smoke-9f0c1937e4/gpu-driver-info/stdout.log,ebf407df0d0684e12524c3832f538fd4b0c42f57,146,99f93c6ca2ebe9a6cc6946858b867e37a704844f081408b7eb38592adb5e01d3,04_PhysX-3D/재현자료/2026-09-21_공식예제진행/01_sparse검사/evidence/official-example-20260921/runs/20260921T090432Z-sparse-smoke-9f0c1937e4/gpu-driver-info/stdout.log,true
04_PhysX-3D/01_재현실행/재현자료/2026-09-21_공식예제진행/01_sparse검사/evidence/official-example-20260921/runs/20260921T090432Z-sparse-smoke-9f0c1937e4/gxx-version/command.json,c103909f02b2cfdb154dee7d99e742cd30f1a9ac,8289,da2ab43879e121d9f13c285cc2d70aa2ac9c9543db0df64737188d6a720216e1,04_PhysX-3D/재현자료/2026-09-21_공식예제진행/01_sparse검사/evidence/official-example-20260921/runs/20260921T090432Z-sparse-smoke-9f0c1937e4/gxx-version/command.json,true
04_PhysX-3D/01_재현실행/재현자료/2026-09-21_공식예제진행/01_sparse검사/evidence/official-example-20260921/runs/20260921T090432Z-sparse-smoke-9f0c1937e4/gxx-version/result.json,516a8d3e1360263167a25099a5bd74879c187531,8417,275b8da06586d6f91da35bc4166141da97a4aef93392bbec830c15ddbd67d5b2,04_PhysX-3D/재현자료/2026-09-21_공식예제진행/01_sparse검사/evidence/official-example-20260921/runs/20260921T090432Z-sparse-smoke-9f0c1937e4/gxx-version/result.json,true
04_PhysX-3D/01_재현실행/재현자료/2026-09-21_공식예제진행/01_sparse검사/evidence/official-example-20260921/runs/20260921T090432Z-sparse-smoke-9f0c1937e4/gxx-version/stderr.log,e69de29bb2d1d6434b8b29ae775ad8c2e48c5391,0,e3b0c44298fc1c149afbf4c8996fb92427ae41e4649b934ca495991b7852b855,04_PhysX-3D/재현자료/2026-09-21_공식예제진행/01_sparse검사/evidence/official-example-20260921/runs/20260921T090432Z-sparse-smoke-9f0c1937e4/gxx-version/stderr.log,true
04_PhysX-3D/01_재현실행/재현자료/2026-09-21_공식예제진행/01_sparse검사/evidence/official-example-20260921/runs/20260921T090432Z-sparse-smoke-9f0c1937e4/gxx-version/stdout.log,ac565bc1cabdf5014d5d901c021f7a92694450e7,7,bb6aade8c4ca40cae9cb1be8abe12377f651fccd82954af74ec61703b6608fc5,04_PhysX-3D/재현자료/2026-09-21_공식예제진행/01_sparse검사/evidence/official-example-20260921/runs/20260921T090432Z-sparse-smoke-9f0c1937e4/gxx-version/stdout.log,true
04_PhysX-3D/01_재현실행/재현자료/2026-09-21_공식예제진행/01_sparse검사/evidence/official-example-20260921/runs/20260921T090432Z-sparse-smoke-9f0c1937e4/host-selected-gpu/command.json,3c16c84e9aad61046590bb04b28d09dc84c45202,472,ab45a0f3abbc6091f3add5ec07c43289f6da0ab398580e0ae966785fb11dd0b0,04_PhysX-3D/재현자료/2026-09-21_공식예제진행/01_sparse검사/evidence/official-example-20260921/runs/20260921T090432Z-sparse-smoke-9f0c1937e4/host-selected-gpu/command.json,true
04_PhysX-3D/01_재현실행/재현자료/2026-09-21_공식예제진행/01_sparse검사/evidence/official-example-20260921/runs/20260921T090432Z-sparse-smoke-9f0c1937e4/host-selected-gpu/result.json,d509de654dce3797faed7a4c9b6bb37f8410bc7f,600,90442d6ec3e3a925e864d7c544260195a3e7dd7ab95c0f9ff89baf42c095362a,04_PhysX-3D/재현자료/2026-09-21_공식예제진행/01_sparse검사/evidence/official-example-20260921/runs/20260921T090432Z-sparse-smoke-9f0c1937e4/host-selected-gpu/result.json,true
04_PhysX-3D/01_재현실행/재현자료/2026-09-21_공식예제진행/01_sparse검사/evidence/official-example-20260921/runs/20260921T090432Z-sparse-smoke-9f0c1937e4/host-selected-gpu/stderr.log,e69de29bb2d1d6434b8b29ae775ad8c2e48c5391,0,e3b0c44298fc1c149afbf4c8996fb92427ae41e4649b934ca495991b7852b855,04_PhysX-3D/재현자료/2026-09-21_공식예제진행/01_sparse검사/evidence/official-example-20260921/runs/20260921T090432Z-sparse-smoke-9f0c1937e4/host-selected-gpu/stderr.log,true
04_PhysX-3D/01_재현실행/재현자료/2026-09-21_공식예제진행/01_sparse검사/evidence/official-example-20260921/runs/20260921T090432Z-sparse-smoke-9f0c1937e4/host-selected-gpu/stdout.log,5c25c8a6d0713369b5c86ee0efa1edf409b2d6e3,146,274ad6e2b1a1a274bb43b1127698ed07657d900b6b633a34cc190550cf37e80e,04_PhysX-3D/재현자료/2026-09-21_공식예제진행/01_sparse검사/evidence/official-example-20260921/runs/20260921T090432Z-sparse-smoke-9f0c1937e4/host-selected-gpu/stdout.log,true
04_PhysX-3D/01_재현실행/재현자료/2026-09-21_공식예제진행/01_sparse검사/evidence/official-example-20260921/runs/20260921T090432Z-sparse-smoke-9f0c1937e4/nvcc-version/command.json,20aa1cb3e01f04aa4793c3a44822dc44139c6cc1,8329,36a48a1da0210957b96cea8e288c80940ddf53793a1a27201d17cd014f3385c8,04_PhysX-3D/재현자료/2026-09-21_공식예제진행/01_sparse검사/evidence/official-example-20260921/runs/20260921T090432Z-sparse-smoke-9f0c1937e4/nvcc-version/command.json,true
04_PhysX-3D/01_재현실행/재현자료/2026-09-21_공식예제진행/01_sparse검사/evidence/official-example-20260921/runs/20260921T090432Z-sparse-smoke-9f0c1937e4/nvcc-version/result.json,fcd6f997ffb3a7e1266c04b5d36c3fdb1769ed6f,8457,61f939491dedb642da2dd69af43433fe7bf075fd10fb0b58f35814073bb9a34d,04_PhysX-3D/재현자료/2026-09-21_공식예제진행/01_sparse검사/evidence/official-example-20260921/runs/20260921T090432Z-sparse-smoke-9f0c1937e4/nvcc-version/result.json,true
04_PhysX-3D/01_재현실행/재현자료/2026-09-21_공식예제진행/01_sparse검사/evidence/official-example-20260921/runs/20260921T090432Z-sparse-smoke-9f0c1937e4/nvcc-version/stderr.log,e69de29bb2d1d6434b8b29ae775ad8c2e48c5391,0,e3b0c44298fc1c149afbf4c8996fb92427ae41e4649b934ca495991b7852b855,04_PhysX-3D/재현자료/2026-09-21_공식예제진행/01_sparse검사/evidence/official-example-20260921/runs/20260921T090432Z-sparse-smoke-9f0c1937e4/nvcc-version/stderr.log,true
04_PhysX-3D/01_재현실행/재현자료/2026-09-21_공식예제진행/01_sparse검사/evidence/official-example-20260921/runs/20260921T090432Z-sparse-smoke-9f0c1937e4/nvcc-version/stdout.log,db7fbc66cc37eaca293616d8e64e24c2511a9805,208,68f8b0a1301428031e307cf5260142a517bff25cc232a09eae2734be475d721f,04_PhysX-3D/재현자료/2026-09-21_공식예제진행/01_sparse검사/evidence/official-example-20260921/runs/20260921T090432Z-sparse-smoke-9f0c1937e4/nvcc-version/stdout.log,true
04_PhysX-3D/01_재현실행/재현자료/2026-09-21_공식예제진행/01_sparse검사/evidence/official-example-20260921/runs/20260921T090432Z-sparse-smoke-9f0c1937e4/plan.json,99c422066f0e5b657521aaea9bb456e7623ec8da,9382,ee09cb081ad29af23009ebeb4a395dc7d4acdd76d6c50d3021be30f0d369b6db,04_PhysX-3D/재현자료/2026-09-21_공식예제진행/01_sparse검사/evidence/official-example-20260921/runs/20260921T090432Z-sparse-smoke-9f0c1937e4/plan.json,true
04_PhysX-3D/01_재현실행/재현자료/2026-09-21_공식예제진행/01_sparse검사/evidence/official-example-20260921/runs/20260921T090432Z-sparse-smoke-9f0c1937e4/status.json,4f1d5e03c5eee7298e3e4635db7be95cd4c6c286,721,b1333b70d7193866694985c20c985e95a917408011409fceccba8b845905796a,04_PhysX-3D/재현자료/2026-09-21_공식예제진행/01_sparse검사/evidence/official-example-20260921/runs/20260921T090432Z-sparse-smoke-9f0c1937e4/status.json,true
04_PhysX-3D/01_재현실행/재현자료/2026-09-21_공식예제진행/01_sparse검사/evidence/official-example-20260921/runs/20260921T090644Z-sparse-smoke-nvml-mapping-154acee056/command/command.json,a9b5c206188cd1ee09d49ed522f0e59b6c452349,8595,d1911953748fcb71c48a2e5d0c8bd26b7f1758645b095e752b889538834ee318,04_PhysX-3D/재현자료/2026-09-21_공식예제진행/01_sparse검사/evidence/official-example-20260921/runs/20260921T090644Z-sparse-smoke-nvml-mapping-154acee056/command/command.json,true
04_PhysX-3D/01_재현실행/재현자료/2026-09-21_공식예제진행/01_sparse검사/evidence/official-example-20260921/runs/20260921T090644Z-sparse-smoke-nvml-mapping-154acee056/command/result.json,83d605314264dfd296a440f128e7da1beb66068f,8724,8760833d0192fab826837b5253fc7c1f5c313e86ba2e0078422b505993408ad4,04_PhysX-3D/재현자료/2026-09-21_공식예제진행/01_sparse검사/evidence/official-example-20260921/runs/20260921T090644Z-sparse-smoke-nvml-mapping-154acee056/command/result.json,true
04_PhysX-3D/01_재현실행/재현자료/2026-09-21_공식예제진행/01_sparse검사/evidence/official-example-20260921/runs/20260921T090644Z-sparse-smoke-nvml-mapping-154acee056/command/stderr.log,e69de29bb2d1d6434b8b29ae775ad8c2e48c5391,0,e3b0c44298fc1c149afbf4c8996fb92427ae41e4649b934ca495991b7852b855,04_PhysX-3D/재현자료/2026-09-21_공식예제진행/01_sparse검사/evidence/official-example-20260921/runs/20260921T090644Z-sparse-smoke-nvml-mapping-154acee056/command/stderr.log,true
04_PhysX-3D/01_재현실행/재현자료/2026-09-21_공식예제진행/01_sparse검사/evidence/official-example-20260921/runs/20260921T090644Z-sparse-smoke-nvml-mapping-154acee056/command/stdout.log,bb9398f79dee3b46c03e26563b9547364f0c2e5a,171,b23e5d3ba0840669fde4760f9db3a7c67485b7d9ccaa9bb9901f0463c8fa12ec,04_PhysX-3D/재현자료/2026-09-21_공식예제진행/01_sparse검사/evidence/official-example-20260921/runs/20260921T090644Z-sparse-smoke-nvml-mapping-154acee056/command/stdout.log,true
04_PhysX-3D/01_재현실행/재현자료/2026-09-21_공식예제진행/01_sparse검사/evidence/official-example-20260921/runs/20260921T090644Z-sparse-smoke-nvml-mapping-154acee056/device-mapping.json,40f83ad58ce7bb3d6cb95e8f406a5e29b6b8456e,277,a722ac59a8ce5de35b3604e7f307c3b75f3e60a57ec79359b60f97d3eee7f470,04_PhysX-3D/재현자료/2026-09-21_공식예제진행/01_sparse검사/evidence/official-example-20260921/runs/20260921T090644Z-sparse-smoke-nvml-mapping-154acee056/device-mapping.json,true
04_PhysX-3D/01_재현실행/재현자료/2026-09-21_공식예제진행/01_sparse검사/evidence/official-example-20260921/runs/20260921T090644Z-sparse-smoke-nvml-mapping-154acee056/gcc-version/command.json,a9113911bdd9f4ad056b39cfc3b46e2f245a2217,8380,f42dd300e9942c6572da7397d80c3753f603c12751af5047e50042d336bbc8ef,04_PhysX-3D/재현자료/2026-09-21_공식예제진행/01_sparse검사/evidence/official-example-20260921/runs/20260921T090644Z-sparse-smoke-nvml-mapping-154acee056/gcc-version/command.json,true
04_PhysX-3D/01_재현실행/재현자료/2026-09-21_공식예제진행/01_sparse검사/evidence/official-example-20260921/runs/20260921T090644Z-sparse-smoke-nvml-mapping-154acee056/gcc-version/result.json,daf04ae53c7b68ac7913cc7448c26a9fcc07986e,8508,5f3689cc3710c4ae728115adf0fca73de8147ec84c0b560a22ec6ec28146e0b0,04_PhysX-3D/재현자료/2026-09-21_공식예제진행/01_sparse검사/evidence/official-example-20260921/runs/20260921T090644Z-sparse-smoke-nvml-mapping-154acee056/gcc-version/result.json,true
04_PhysX-3D/01_재현실행/재현자료/2026-09-21_공식예제진행/01_sparse검사/evidence/official-example-20260921/runs/20260921T090644Z-sparse-smoke-nvml-mapping-154acee056/gcc-version/stderr.log,e69de29bb2d1d6434b8b29ae775ad8c2e48c5391,0,e3b0c44298fc1c149afbf4c8996fb92427ae41e4649b934ca495991b7852b855,04_PhysX-3D/재현자료/2026-09-21_공식예제진행/01_sparse검사/evidence/official-example-20260921/runs/20260921T090644Z-sparse-smoke-nvml-mapping-154acee056/gcc-version/stderr.log,true
04_PhysX-3D/01_재현실행/재현자료/2026-09-21_공식예제진행/01_sparse검사/evidence/official-example-20260921/runs/20260921T090644Z-sparse-smoke-nvml-mapping-154acee056/gcc-version/stdout.log,ac565bc1cabdf5014d5d901c021f7a92694450e7,7,bb6aade8c4ca40cae9cb1be8abe12377f651fccd82954af74ec61703b6608fc5,04_PhysX-3D/재현자료/2026-09-21_공식예제진행/01_sparse검사/evidence/official-example-20260921/runs/20260921T090644Z-sparse-smoke-nvml-mapping-154acee056/gcc-version/stdout.log,true
04_PhysX-3D/01_재현실행/재현자료/2026-09-21_공식예제진행/01_sparse검사/evidence/official-example-20260921/runs/20260921T090644Z-sparse-smoke-nvml-mapping-154acee056/gpu-driver-info/command.json,f2f4b46d2838c753dfb30764badaa46049e1ae72,8589,95b287597340d8db3c600689a63b097f313a0fa4db78ac48ce4edcb36007de1a,04_PhysX-3D/재현자료/2026-09-21_공식예제진행/01_sparse검사/evidence/official-example-20260921/runs/20260921T090644Z-sparse-smoke-nvml-mapping-154acee056/gpu-driver-info/command.json,true
04_PhysX-3D/01_재현실행/재현자료/2026-09-21_공식예제진행/01_sparse검사/evidence/official-example-20260921/runs/20260921T090644Z-sparse-smoke-nvml-mapping-154acee056/gpu-driver-info/result.json,46f901aaefa0fcd39ae1797ca3755ed7c81ef9cd,8717,0d0363c17cfd3988f65b4c748bdda0ad54943f102186308729f52c3266423fe7,04_PhysX-3D/재현자료/2026-09-21_공식예제진행/01_sparse검사/evidence/official-example-20260921/runs/20260921T090644Z-sparse-smoke-nvml-mapping-154acee056/gpu-driver-info/result.json,true
04_PhysX-3D/01_재현실행/재현자료/2026-09-21_공식예제진행/01_sparse검사/evidence/official-example-20260921/runs/20260921T090644Z-sparse-smoke-nvml-mapping-154acee056/gpu-driver-info/stderr.log,e69de29bb2d1d6434b8b29ae775ad8c2e48c5391,0,e3b0c44298fc1c149afbf4c8996fb92427ae41e4649b934ca495991b7852b855,04_PhysX-3D/재현자료/2026-09-21_공식예제진행/01_sparse검사/evidence/official-example-20260921/runs/20260921T090644Z-sparse-smoke-nvml-mapping-154acee056/gpu-driver-info/stderr.log,true
04_PhysX-3D/01_재현실행/재현자료/2026-09-21_공식예제진행/01_sparse검사/evidence/official-example-20260921/runs/20260921T090644Z-sparse-smoke-nvml-mapping-154acee056/gpu-driver-info/stdout.log,9cd9cb80b9277275bed506944ce733a954a2e503,146,b0081088c9d2dc737b9d6ddc2dd9b825f75a1bf465c9060aa488730a2cc2a186,04_PhysX-3D/재현자료/2026-09-21_공식예제진행/01_sparse검사/evidence/official-example-20260921/runs/20260921T090644Z-sparse-smoke-nvml-mapping-154acee056/gpu-driver-info/stdout.log,true
04_PhysX-3D/01_재현실행/재현자료/2026-09-21_공식예제진행/01_sparse검사/evidence/official-example-20260921/runs/20260921T090644Z-sparse-smoke-nvml-mapping-154acee056/gpu-existing-compute-apps/command.json,fb66326f258d3eeb3ebebd8bdbe3a5706cb3aa9a,8507,3a5ba6dfe3d067ae39b2bd74dfbf43a5b0d4540e3a9bf2df7480ec062803e358,04_PhysX-3D/재현자료/2026-09-21_공식예제진행/01_sparse검사/evidence/official-example-20260921/runs/20260921T090644Z-sparse-smoke-nvml-mapping-154acee056/gpu-existing-compute-apps/command.json,true
04_PhysX-3D/01_재현실행/재현자료/2026-09-21_공식예제진행/01_sparse검사/evidence/official-example-20260921/runs/20260921T090644Z-sparse-smoke-nvml-mapping-154acee056/gpu-existing-compute-apps/result.json,15682311f51396f4e9702222ed1b0f8146656d79,8635,8e327b1a7700cd3f0a9248cb0a6d8c4edd7d28d071b1d68dd36ad52ac2aba5a9,04_PhysX-3D/재현자료/2026-09-21_공식예제진행/01_sparse검사/evidence/official-example-20260921/runs/20260921T090644Z-sparse-smoke-nvml-mapping-154acee056/gpu-existing-compute-apps/result.json,true
04_PhysX-3D/01_재현실행/재현자료/2026-09-21_공식예제진행/01_sparse검사/evidence/official-example-20260921/runs/20260921T090644Z-sparse-smoke-nvml-mapping-154acee056/gpu-existing-compute-apps/stderr.log,e69de29bb2d1d6434b8b29ae775ad8c2e48c5391,0,e3b0c44298fc1c149afbf4c8996fb92427ae41e4649b934ca495991b7852b855,04_PhysX-3D/재현자료/2026-09-21_공식예제진행/01_sparse검사/evidence/official-example-20260921/runs/20260921T090644Z-sparse-smoke-nvml-mapping-154acee056/gpu-existing-compute-apps/stderr.log,true
04_PhysX-3D/01_재현실행/재현자료/2026-09-21_공식예제진행/01_sparse검사/evidence/official-example-20260921/runs/20260921T090644Z-sparse-smoke-nvml-mapping-154acee056/gpu-existing-compute-apps/stdout.log,e69de29bb2d1d6434b8b29ae775ad8c2e48c5391,0,e3b0c44298fc1c149afbf4c8996fb92427ae41e4649b934ca495991b7852b855,04_PhysX-3D/재현자료/2026-09-21_공식예제진행/01_sparse검사/evidence/official-example-20260921/runs/20260921T090644Z-sparse-smoke-nvml-mapping-154acee056/gpu-existing-compute-apps/stdout.log,true
04_PhysX-3D/01_재현실행/재현자료/2026-09-21_공식예제진행/01_sparse검사/evidence/official-example-20260921/runs/20260921T090644Z-sparse-smoke-nvml-mapping-154acee056/gxx-version/command.json,ca0ba9edfe4fb00f5680445799886b00c2f44b41,8380,b992c29d8789277dadc244e1bf6de341aa1af5f6ea513a4c6487cea204424e82,04_PhysX-3D/재현자료/2026-09-21_공식예제진행/01_sparse검사/evidence/official-example-20260921/runs/20260921T090644Z-sparse-smoke-nvml-mapping-154acee056/gxx-version/command.json,true
04_PhysX-3D/01_재현실행/재현자료/2026-09-21_공식예제진행/01_sparse검사/evidence/official-example-20260921/runs/20260921T090644Z-sparse-smoke-nvml-mapping-154acee056/gxx-version/result.json,b45733a7a05822cbfa9a3320e6d4a20f37ced0f7,8508,965b739112ba600fff8953de77378519abab2bb82206417229ee318de13d5304,04_PhysX-3D/재현자료/2026-09-21_공식예제진행/01_sparse검사/evidence/official-example-20260921/runs/20260921T090644Z-sparse-smoke-nvml-mapping-154acee056/gxx-version/result.json,true
04_PhysX-3D/01_재현실행/재현자료/2026-09-21_공식예제진행/01_sparse검사/evidence/official-example-20260921/runs/20260921T090644Z-sparse-smoke-nvml-mapping-154acee056/gxx-version/stderr.log,e69de29bb2d1d6434b8b29ae775ad8c2e48c5391,0,e3b0c44298fc1c149afbf4c8996fb92427ae41e4649b934ca495991b7852b855,04_PhysX-3D/재현자료/2026-09-21_공식예제진행/01_sparse검사/evidence/official-example-20260921/runs/20260921T090644Z-sparse-smoke-nvml-mapping-154acee056/gxx-version/stderr.log,true
04_PhysX-3D/01_재현실행/재현자료/2026-09-21_공식예제진행/01_sparse검사/evidence/official-example-20260921/runs/20260921T090644Z-sparse-smoke-nvml-mapping-154acee056/gxx-version/stdout.log,ac565bc1cabdf5014d5d901c021f7a92694450e7,7,bb6aade8c4ca40cae9cb1be8abe12377f651fccd82954af74ec61703b6608fc5,04_PhysX-3D/재현자료/2026-09-21_공식예제진행/01_sparse검사/evidence/official-example-20260921/runs/20260921T090644Z-sparse-smoke-nvml-mapping-154acee056/gxx-version/stdout.log,true
04_PhysX-3D/01_재현실행/재현자료/2026-09-21_공식예제진행/01_sparse검사/evidence/official-example-20260921/runs/20260921T090644Z-sparse-smoke-nvml-mapping-154acee056/host-existing-compute-apps/command.json,286f8b0542086a8011bc3f67d3eb40da8828db16,390,c2ed274ae8d30d0bc45af65c71aca7ce6f58e53b763f962b3f97259ce38a66a5,04_PhysX-3D/재현자료/2026-09-21_공식예제진행/01_sparse검사/evidence/official-example-20260921/runs/20260921T090644Z-sparse-smoke-nvml-mapping-154acee056/host-existing-compute-apps/command.json,true
04_PhysX-3D/01_재현실행/재현자료/2026-09-21_공식예제진행/01_sparse검사/evidence/official-example-20260921/runs/20260921T090644Z-sparse-smoke-nvml-mapping-154acee056/host-existing-compute-apps/result.json,16a204effdb3ef4c14f55b2ce6af994b85c5b5f1,518,86698bc854fba9a0704f07984ebcebd7f2a6c4cf5215917b9fc5d7d2164b466e,04_PhysX-3D/재현자료/2026-09-21_공식예제진행/01_sparse검사/evidence/official-example-20260921/runs/20260921T090644Z-sparse-smoke-nvml-mapping-154acee056/host-existing-compute-apps/result.json,true
04_PhysX-3D/01_재현실행/재현자료/2026-09-21_공식예제진행/01_sparse검사/evidence/official-example-20260921/runs/20260921T090644Z-sparse-smoke-nvml-mapping-154acee056/host-existing-compute-apps/stderr.log,e69de29bb2d1d6434b8b29ae775ad8c2e48c5391,0,e3b0c44298fc1c149afbf4c8996fb92427ae41e4649b934ca495991b7852b855,04_PhysX-3D/재현자료/2026-09-21_공식예제진행/01_sparse검사/evidence/official-example-20260921/runs/20260921T090644Z-sparse-smoke-nvml-mapping-154acee056/host-existing-compute-apps/stderr.log,true
04_PhysX-3D/01_재현실행/재현자료/2026-09-21_공식예제진행/01_sparse검사/evidence/official-example-20260921/runs/20260921T090644Z-sparse-smoke-nvml-mapping-154acee056/host-existing-compute-apps/stdout.log,e69de29bb2d1d6434b8b29ae775ad8c2e48c5391,0,e3b0c44298fc1c149afbf4c8996fb92427ae41e4649b934ca495991b7852b855,04_PhysX-3D/재현자료/2026-09-21_공식예제진행/01_sparse검사/evidence/official-example-20260921/runs/20260921T090644Z-sparse-smoke-nvml-mapping-154acee056/host-existing-compute-apps/stdout.log,true
04_PhysX-3D/01_재현실행/재현자료/2026-09-21_공식예제진행/01_sparse검사/evidence/official-example-20260921/runs/20260921T090644Z-sparse-smoke-nvml-mapping-154acee056/host-selected-gpu/command.json,a0bc01f2c8cec26df10cf71d7400fde023fbd98b,472,78b6122f29aaeb05a973f994881ed3bf67841247d18e8628f2da37cf5349eb3b,04_PhysX-3D/재현자료/2026-09-21_공식예제진행/01_sparse검사/evidence/official-example-20260921/runs/20260921T090644Z-sparse-smoke-nvml-mapping-154acee056/host-selected-gpu/command.json,true
04_PhysX-3D/01_재현실행/재현자료/2026-09-21_공식예제진행/01_sparse검사/evidence/official-example-20260921/runs/20260921T090644Z-sparse-smoke-nvml-mapping-154acee056/host-selected-gpu/result.json,85c41035986d287383ee098f1e5f318d2d4e68e1,600,983f2234d67537d0357cebe39f4b8e9cac0297ccf9703dfaa674394d86e5e2fd,04_PhysX-3D/재현자료/2026-09-21_공식예제진행/01_sparse검사/evidence/official-example-20260921/runs/20260921T090644Z-sparse-smoke-nvml-mapping-154acee056/host-selected-gpu/result.json,true
04_PhysX-3D/01_재현실행/재현자료/2026-09-21_공식예제진행/01_sparse검사/evidence/official-example-20260921/runs/20260921T090644Z-sparse-smoke-nvml-mapping-154acee056/host-selected-gpu/stderr.log,e69de29bb2d1d6434b8b29ae775ad8c2e48c5391,0,e3b0c44298fc1c149afbf4c8996fb92427ae41e4649b934ca495991b7852b855,04_PhysX-3D/재현자료/2026-09-21_공식예제진행/01_sparse검사/evidence/official-example-20260921/runs/20260921T090644Z-sparse-smoke-nvml-mapping-154acee056/host-selected-gpu/stderr.log,true
04_PhysX-3D/01_재현실행/재현자료/2026-09-21_공식예제진행/01_sparse검사/evidence/official-example-20260921/runs/20260921T090644Z-sparse-smoke-nvml-mapping-154acee056/host-selected-gpu/stdout.log,d9a38095ffd4651be87f21b84b0f7e25b1332691,146,9893112c92ce135c81cc045e6a7f016a058ee0d9d7e1012f583da4d5ab7cef7e,04_PhysX-3D/재현자료/2026-09-21_공식예제진행/01_sparse검사/evidence/official-example-20260921/runs/20260921T090644Z-sparse-smoke-nvml-mapping-154acee056/host-selected-gpu/stdout.log,true
04_PhysX-3D/01_재현실행/재현자료/2026-09-21_공식예제진행/01_sparse검사/evidence/official-example-20260921/runs/20260921T090644Z-sparse-smoke-nvml-mapping-154acee056/nvcc-version/command.json,e072e59f96e5837027c4239bf16d6eea3b598b0c,8420,70cd2908b779522bd5c6cb2d1506023495fc0b679d44e706748b71140266b4f8,04_PhysX-3D/재현자료/2026-09-21_공식예제진행/01_sparse검사/evidence/official-example-20260921/runs/20260921T090644Z-sparse-smoke-nvml-mapping-154acee056/nvcc-version/command.json,true
04_PhysX-3D/01_재현실행/재현자료/2026-09-21_공식예제진행/01_sparse검사/evidence/official-example-20260921/runs/20260921T090644Z-sparse-smoke-nvml-mapping-154acee056/nvcc-version/result.json,cee49e4e72f48e1366711d37507429515951e5ad,8548,1b5d673ad8f3485e2661215a73f5b9c986f352e5079ddaa2714cab6767aa23c0,04_PhysX-3D/재현자료/2026-09-21_공식예제진행/01_sparse검사/evidence/official-example-20260921/runs/20260921T090644Z-sparse-smoke-nvml-mapping-154acee056/nvcc-version/result.json,true
04_PhysX-3D/01_재현실행/재현자료/2026-09-21_공식예제진행/01_sparse검사/evidence/official-example-20260921/runs/20260921T090644Z-sparse-smoke-nvml-mapping-154acee056/nvcc-version/stderr.log,e69de29bb2d1d6434b8b29ae775ad8c2e48c5391,0,e3b0c44298fc1c149afbf4c8996fb92427ae41e4649b934ca495991b7852b855,04_PhysX-3D/재현자료/2026-09-21_공식예제진행/01_sparse검사/evidence/official-example-20260921/runs/20260921T090644Z-sparse-smoke-nvml-mapping-154acee056/nvcc-version/stderr.log,true
04_PhysX-3D/01_재현실행/재현자료/2026-09-21_공식예제진행/01_sparse검사/evidence/official-example-20260921/runs/20260921T090644Z-sparse-smoke-nvml-mapping-154acee056/nvcc-version/stdout.log,db7fbc66cc37eaca293616d8e64e24c2511a9805,208,68f8b0a1301428031e307cf5260142a517bff25cc232a09eae2734be475d721f,04_PhysX-3D/재현자료/2026-09-21_공식예제진행/01_sparse검사/evidence/official-example-20260921/runs/20260921T090644Z-sparse-smoke-nvml-mapping-154acee056/nvcc-version/stdout.log,true
04_PhysX-3D/01_재현실행/재현자료/2026-09-21_공식예제진행/01_sparse검사/evidence/official-example-20260921/runs/20260921T090644Z-sparse-smoke-nvml-mapping-154acee056/plan.json,6d92070fb78294f3a9ccc62b80178e60f2f372d3,9395,0f644edaff8115583508f3708c4a33168fc757e37d3f54a350aafd9ecdabf09b,04_PhysX-3D/재현자료/2026-09-21_공식예제진행/01_sparse검사/evidence/official-example-20260921/runs/20260921T090644Z-sparse-smoke-nvml-mapping-154acee056/plan.json,true
04_PhysX-3D/01_재현실행/재현자료/2026-09-21_공식예제진행/01_sparse검사/evidence/official-example-20260921/runs/20260921T090644Z-sparse-smoke-nvml-mapping-154acee056/status.json,6c2f90cc1e0f06eb60e13914c5a11b859855c2f3,698,9e6991768521923b8f27873b2a4acf9d4e343c8858e3dad45cd3dca7f21a8047,04_PhysX-3D/재현자료/2026-09-21_공식예제진행/01_sparse검사/evidence/official-example-20260921/runs/20260921T090644Z-sparse-smoke-nvml-mapping-154acee056/status.json,true
04_PhysX-3D/01_재현실행/재현자료/2026-09-21_공식예제진행/01_sparse검사/evidence/official-example-20260921/sparse-check-20260921T090645683991Z-8f611c0f11/result.json,668d2939cd5a98eb2bc258f78179f371b4da3c89,27906,3ede69cc3ec394b80549f99e7cbb981e338c819bf92e5c478620401b283863f6,04_PhysX-3D/재현자료/2026-09-21_공식예제진행/01_sparse검사/evidence/official-example-20260921/sparse-check-20260921T090645683991Z-8f611c0f11/result.json,true
04_PhysX-3D/01_재현실행/재현자료/2026-09-21_공식예제진행/01_sparse검사/evidence/official-example-20260921/test_workspace_runner.py,96b68f6e590f6db0c47a4d88c57348cdce1a90d9,6214,ec6f0a8bd40cadf7852e4c145dbac7caae865a62fbd463190122d4d1b5edccb5,04_PhysX-3D/재현자료/2026-09-21_공식예제진행/01_sparse검사/evidence/official-example-20260921/test_workspace_runner.py,true
04_PhysX-3D/01_재현실행/재현자료/2026-09-21_공식예제진행/01_sparse검사/evidence/official-example-20260921/wheel-installs/20260921T090019865667Z/after.json,7b67d12df98918b9942872142b626716fc97eeb8,4403,ab91f19fa830db8a0ac388abf2ffc7da7c965fb2c7694544e0a7f1b84163ff9a,04_PhysX-3D/재현자료/2026-09-21_공식예제진행/01_sparse검사/evidence/official-example-20260921/wheel-installs/20260921T090019865667Z/after.json,true
04_PhysX-3D/01_재현실행/재현자료/2026-09-21_공식예제진행/01_sparse검사/evidence/official-example-20260921/wheel-installs/20260921T090019865667Z/before.json,b4dec4cdfccda0e2ba97b4da280f0130e7f990f7,4350,75f7624d60946ed5892764bf7f945a68f2b5d235fac7d701acb677a4a94159db,04_PhysX-3D/재현자료/2026-09-21_공식예제진행/01_sparse검사/evidence/official-example-20260921/wheel-installs/20260921T090019865667Z/before.json,true
04_PhysX-3D/01_재현실행/재현자료/2026-09-21_공식예제진행/01_sparse검사/evidence/official-example-20260921/wheel-installs/20260921T090019865667Z/dry-run/command.json,962c6f8b340d2096719f871f8f14bb80249eb5d7,669,1544c6943ccaa7de7eee832277e511232bca8d069f668842507201b7a037901f,04_PhysX-3D/재현자료/2026-09-21_공식예제진행/01_sparse검사/evidence/official-example-20260921/wheel-installs/20260921T090019865667Z/dry-run/command.json,true
04_PhysX-3D/01_재현실행/재현자료/2026-09-21_공식예제진행/01_sparse검사/evidence/official-example-20260921/wheel-installs/20260921T090019865667Z/dry-run/result.json,4d6dcd0b6469e1f1d26293a4b3f2fff16c7837b9,737,ecaa244db70935b80017652d834ac6e74d6f8ec17808f69100c382ba2bee4997,04_PhysX-3D/재현자료/2026-09-21_공식예제진행/01_sparse검사/evidence/official-example-20260921/wheel-installs/20260921T090019865667Z/dry-run/result.json,true
04_PhysX-3D/01_재현실행/재현자료/2026-09-21_공식예제진행/01_sparse검사/evidence/official-example-20260921/wheel-installs/20260921T090019865667Z/dry-run/stderr.log,e69de29bb2d1d6434b8b29ae775ad8c2e48c5391,0,e3b0c44298fc1c149afbf4c8996fb92427ae41e4649b934ca495991b7852b855,04_PhysX-3D/재현자료/2026-09-21_공식예제진행/01_sparse검사/evidence/official-example-20260921/wheel-installs/20260921T090019865667Z/dry-run/stderr.log,true
04_PhysX-3D/01_재현실행/재현자료/2026-09-21_공식예제진행/01_sparse검사/evidence/official-example-20260921/wheel-installs/20260921T090019865667Z/dry-run/stdout.log,8b1cf61746529af7f49b0122d084a95adb7adc59,500,f12ba6f7c00de03462eeaac9040adc1bf6d0c624393a4bee9833ce2476e78a67,04_PhysX-3D/재현자료/2026-09-21_공식예제진행/01_sparse검사/evidence/official-example-20260921/wheel-installs/20260921T090019865667Z/dry-run/stdout.log,true
04_PhysX-3D/01_재현실행/재현자료/2026-09-21_공식예제진행/01_sparse검사/evidence/official-example-20260921/wheel-installs/20260921T090019865667Z/install/command.json,7dced1bf031a7b47fca3f2eb06959d5181a5e16f,516,c31403b89ecbbeb3f6621f87a86e7018c585157ae5ef64885d5b30f2864f3bfc,04_PhysX-3D/재현자료/2026-09-21_공식예제진행/01_sparse검사/evidence/official-example-20260921/wheel-installs/20260921T090019865667Z/install/command.json,true
04_PhysX-3D/01_재현실행/재현자료/2026-09-21_공식예제진행/01_sparse검사/evidence/official-example-20260921/wheel-installs/20260921T090019865667Z/install/result.json,d44797d964776390c83763ec43757cfd0cb9e06e,584,26baf5c5e6946714d43fcbc6be6a554cc24e47b78ca471149d92fb31fe17f8d8,04_PhysX-3D/재현자료/2026-09-21_공식예제진행/01_sparse검사/evidence/official-example-20260921/wheel-installs/20260921T090019865667Z/install/result.json,true
04_PhysX-3D/01_재현실행/재현자료/2026-09-21_공식예제진행/01_sparse검사/evidence/official-example-20260921/wheel-installs/20260921T090019865667Z/install/stderr.log,e69de29bb2d1d6434b8b29ae775ad8c2e48c5391,0,e3b0c44298fc1c149afbf4c8996fb92427ae41e4649b934ca495991b7852b855,04_PhysX-3D/재현자료/2026-09-21_공식예제진행/01_sparse검사/evidence/official-example-20260921/wheel-installs/20260921T090019865667Z/install/stderr.log,true
04_PhysX-3D/01_재현실행/재현자료/2026-09-21_공식예제진행/01_sparse검사/evidence/official-example-20260921/wheel-installs/20260921T090019865667Z/install/stdout.log,6dc1dfb4d8bfcc1b2aa660ecd176f0c9764862f8,566,6562a93751590e23e89cea1d8ed631f0e2f5cefad3268967b76f66580bae899d,04_PhysX-3D/재현자료/2026-09-21_공식예제진행/01_sparse검사/evidence/official-example-20260921/wheel-installs/20260921T090019865667Z/install/stdout.log,true
04_PhysX-3D/01_재현실행/재현자료/2026-09-21_공식예제진행/01_sparse검사/evidence/official-example-20260921/wheel-installs/20260921T090019865667Z/pip-check/command.json,6eff27996fe1e58cd220848e876f33b3f67b74c7,275,4cf666551264642838c04737f75982366f20572339a770884635ac0cda035a35,04_PhysX-3D/재현자료/2026-09-21_공식예제진행/01_sparse검사/evidence/official-example-20260921/wheel-installs/20260921T090019865667Z/pip-check/command.json,true
04_PhysX-3D/01_재현실행/재현자료/2026-09-21_공식예제진행/01_sparse검사/evidence/official-example-20260921/wheel-installs/20260921T090019865667Z/pip-check/result.json,4e925a62c4478772b00e28f807384636d1c83d72,343,53bbc6b8d5a612745c04e549db3eb730537590c9a7c650fe5297a5610dc4567d,04_PhysX-3D/재현자료/2026-09-21_공식예제진행/01_sparse검사/evidence/official-example-20260921/wheel-installs/20260921T090019865667Z/pip-check/result.json,true
04_PhysX-3D/01_재현실행/재현자료/2026-09-21_공식예제진행/01_sparse검사/evidence/official-example-20260921/wheel-installs/20260921T090019865667Z/pip-check/stderr.log,e69de29bb2d1d6434b8b29ae775ad8c2e48c5391,0,e3b0c44298fc1c149afbf4c8996fb92427ae41e4649b934ca495991b7852b855,04_PhysX-3D/재현자료/2026-09-21_공식예제진행/01_sparse검사/evidence/official-example-20260921/wheel-installs/20260921T090019865667Z/pip-check/stderr.log,true
04_PhysX-3D/01_재현실행/재현자료/2026-09-21_공식예제진행/01_sparse검사/evidence/official-example-20260921/wheel-installs/20260921T090019865667Z/pip-check/stdout.log,c688d8ccdad82420475fc31cb40020cccfeeef2b,30,9261363b733079a641c2e4cc9bc46ffa1d8336945a87f807b6cf68847dbc9b09,04_PhysX-3D/재현자료/2026-09-21_공식예제진행/01_sparse검사/evidence/official-example-20260921/wheel-installs/20260921T090019865667Z/pip-check/stdout.log,true
04_PhysX-3D/01_재현실행/재현자료/2026-09-21_공식예제진행/01_sparse검사/evidence/official-example-20260921/wheel-installs/20260921T090019865667Z/preview.json,db26e14698d0640bd127b638cc83a94d1ee12cd3,21539,b57dd547635bcfc83c13383412067e0fd0957e6149dd3437bac88aef15644ffe,04_PhysX-3D/재현자료/2026-09-21_공식예제진행/01_sparse검사/evidence/official-example-20260921/wheel-installs/20260921T090019865667Z/preview.json,true
04_PhysX-3D/01_재현실행/재현자료/2026-09-21_공식예제진행/01_sparse검사/evidence/official-example-20260921/wheel-installs/20260921T090019865667Z/result.json,6e6170dc9866331ed5463e356e4fb95c9ca3e9f2,242,faaee297c62dd702a2aa864b67bad70257becd0768121d1df971ee3c9b08df41,04_PhysX-3D/재현자료/2026-09-21_공식예제진행/01_sparse검사/evidence/official-example-20260921/wheel-installs/20260921T090019865667Z/result.json,true
04_PhysX-3D/01_재현실행/재현자료/2026-09-21_공식예제진행/01_sparse검사/evidence/official-example-20260921/wheel-installs/20260921T090019865667Z/verified-wheels.json,58590d8b920759cf0bfdef4413af9fb0695e2951,910,139c8a8a76d564019da066f8245d43566327fa970bfab21ea9ff183f8ace7b16,04_PhysX-3D/재현자료/2026-09-21_공식예제진행/01_sparse검사/evidence/official-example-20260921/wheel-installs/20260921T090019865667Z/verified-wheels.json,true
04_PhysX-3D/01_재현실행/재현자료/2026-09-21_공식예제진행/01_sparse검사/evidence/official-example-20260921/wheel-installs/20260921T090019865667Z/wheels.lock.txt,ad717612553d6abf9c4a5d44d0e42b36837f9553,415,22bef59d0c87d96d2042265bf5c2f7d7fc36cc2ea44e0ba75ca3f7d1af1c6c0d,04_PhysX-3D/재현자료/2026-09-21_공식예제진행/01_sparse검사/evidence/official-example-20260921/wheel-installs/20260921T090019865667Z/wheels.lock.txt,true
04_PhysX-3D/01_재현실행/재현자료/2026-09-21_공식예제진행/01_sparse검사/evidence/official-example-20260921/wheel-installs/20260921T090209005142Z/after.json,ed288dd7323ac10eedfc7739ac6beb0861aa33c1,4467,fa461e59c787607781e5bb4726eed4078d79e879814337141a0305cf6a7d4f95,04_PhysX-3D/재현자료/2026-09-21_공식예제진행/01_sparse검사/evidence/official-example-20260921/wheel-installs/20260921T090209005142Z/after.json,true
04_PhysX-3D/01_재현실행/재현자료/2026-09-21_공식예제진행/01_sparse검사/evidence/official-example-20260921/wheel-installs/20260921T090209005142Z/before.json,7b67d12df98918b9942872142b626716fc97eeb8,4403,ab91f19fa830db8a0ac388abf2ffc7da7c965fb2c7694544e0a7f1b84163ff9a,04_PhysX-3D/재현자료/2026-09-21_공식예제진행/01_sparse검사/evidence/official-example-20260921/wheel-installs/20260921T090209005142Z/before.json,true
04_PhysX-3D/01_재현실행/재현자료/2026-09-21_공식예제진행/01_sparse검사/evidence/official-example-20260921/wheel-installs/20260921T090209005142Z/dry-run/command.json,3fcf3310850c74b79e67f84ed13167c09315d4da,669,73429a6bb41ae4238495d51f70883eaae5c751053639491cff0c8965dc8f7d8e,04_PhysX-3D/재현자료/2026-09-21_공식예제진행/01_sparse검사/evidence/official-example-20260921/wheel-installs/20260921T090209005142Z/dry-run/command.json,true
04_PhysX-3D/01_재현실행/재현자료/2026-09-21_공식예제진행/01_sparse검사/evidence/official-example-20260921/wheel-installs/20260921T090209005142Z/dry-run/result.json,63a145518eb6141f3660bbc038a1dcf2e63ca162,737,30d439c335dd410d5094947bf45bb8e80c6d790357204b3483f376f22f66ec68,04_PhysX-3D/재현자료/2026-09-21_공식예제진행/01_sparse검사/evidence/official-example-20260921/wheel-installs/20260921T090209005142Z/dry-run/result.json,true
04_PhysX-3D/01_재현실행/재현자료/2026-09-21_공식예제진행/01_sparse검사/evidence/official-example-20260921/wheel-installs/20260921T090209005142Z/dry-run/stderr.log,e69de29bb2d1d6434b8b29ae775ad8c2e48c5391,0,e3b0c44298fc1c149afbf4c8996fb92427ae41e4649b934ca495991b7852b855,04_PhysX-3D/재현자료/2026-09-21_공식예제진행/01_sparse검사/evidence/official-example-20260921/wheel-installs/20260921T090209005142Z/dry-run/stderr.log,true
04_PhysX-3D/01_재현실행/재현자료/2026-09-21_공식예제진행/01_sparse검사/evidence/official-example-20260921/wheel-installs/20260921T090209005142Z/dry-run/stdout.log,979c0fabf7eae06b767d3e403b397289325d075a,679,e6b557d1e1805d3649e5befe767810421da35a4381e771fe3244c66a3ecf9c15,04_PhysX-3D/재현자료/2026-09-21_공식예제진행/01_sparse검사/evidence/official-example-20260921/wheel-installs/20260921T090209005142Z/dry-run/stdout.log,true
04_PhysX-3D/01_재현실행/재현자료/2026-09-21_공식예제진행/01_sparse검사/evidence/official-example-20260921/wheel-installs/20260921T090209005142Z/install/command.json,e47c7e602e0c6febfc99a5ed90e7e7501c4d565f,516,57b820c78f8f2ee72bb75ecd5089c63c4e9aeb81f4934a631edf0b1e58ea4173,04_PhysX-3D/재현자료/2026-09-21_공식예제진행/01_sparse검사/evidence/official-example-20260921/wheel-installs/20260921T090209005142Z/install/command.json,true
04_PhysX-3D/01_재현실행/재현자료/2026-09-21_공식예제진행/01_sparse검사/evidence/official-example-20260921/wheel-installs/20260921T090209005142Z/install/result.json,60e1db3ef2071a6773e539b501987fd05e536ebf,584,a0caafcb9b10c86a9c897312964b9ff85c4e48080de072f6b00dd65155c30255,04_PhysX-3D/재현자료/2026-09-21_공식예제진행/01_sparse검사/evidence/official-example-20260921/wheel-installs/20260921T090209005142Z/install/result.json,true
04_PhysX-3D/01_재현실행/재현자료/2026-09-21_공식예제진행/01_sparse검사/evidence/official-example-20260921/wheel-installs/20260921T090209005142Z/install/stderr.log,e69de29bb2d1d6434b8b29ae775ad8c2e48c5391,0,e3b0c44298fc1c149afbf4c8996fb92427ae41e4649b934ca495991b7852b855,04_PhysX-3D/재현자료/2026-09-21_공식예제진행/01_sparse검사/evidence/official-example-20260921/wheel-installs/20260921T090209005142Z/install/stderr.log,true
04_PhysX-3D/01_재현실행/재현자료/2026-09-21_공식예제진행/01_sparse검사/evidence/official-example-20260921/wheel-installs/20260921T090209005142Z/install/stdout.log,ecf2edb16b97ca8d54233e23c3d4d177de4c6aaf,746,b7a717c271181e0a5035abe8f9a79a918a7f32a097184cf2f7b1638bcd880d92,04_PhysX-3D/재현자료/2026-09-21_공식예제진행/01_sparse검사/evidence/official-example-20260921/wheel-installs/20260921T090209005142Z/install/stdout.log,true
04_PhysX-3D/01_재현실행/재현자료/2026-09-21_공식예제진행/01_sparse검사/evidence/official-example-20260921/wheel-installs/20260921T090209005142Z/pip-check/command.json,7d8f095a7cea0295b9d998f5c3c218840219c328,275,5a1e2c1401d752e56b68282fc691ae04c475d1bdf4582a22527e3b7f157fe00d,04_PhysX-3D/재현자료/2026-09-21_공식예제진행/01_sparse검사/evidence/official-example-20260921/wheel-installs/20260921T090209005142Z/pip-check/command.json,true
04_PhysX-3D/01_재현실행/재현자료/2026-09-21_공식예제진행/01_sparse검사/evidence/official-example-20260921/wheel-installs/20260921T090209005142Z/pip-check/result.json,c0b887023392f703f2397d0ebae5dda5f0f60b2c,343,afd8788cde41e3867f5363eb0e6bca690fa130c0aaa732325b0a04747d8ad30c,04_PhysX-3D/재현자료/2026-09-21_공식예제진행/01_sparse검사/evidence/official-example-20260921/wheel-installs/20260921T090209005142Z/pip-check/result.json,true
04_PhysX-3D/01_재현실행/재현자료/2026-09-21_공식예제진행/01_sparse검사/evidence/official-example-20260921/wheel-installs/20260921T090209005142Z/pip-check/stderr.log,e69de29bb2d1d6434b8b29ae775ad8c2e48c5391,0,e3b0c44298fc1c149afbf4c8996fb92427ae41e4649b934ca495991b7852b855,04_PhysX-3D/재현자료/2026-09-21_공식예제진행/01_sparse검사/evidence/official-example-20260921/wheel-installs/20260921T090209005142Z/pip-check/stderr.log,true
04_PhysX-3D/01_재현실행/재현자료/2026-09-21_공식예제진행/01_sparse검사/evidence/official-example-20260921/wheel-installs/20260921T090209005142Z/pip-check/stdout.log,c688d8ccdad82420475fc31cb40020cccfeeef2b,30,9261363b733079a641c2e4cc9bc46ffa1d8336945a87f807b6cf68847dbc9b09,04_PhysX-3D/재현자료/2026-09-21_공식예제진행/01_sparse검사/evidence/official-example-20260921/wheel-installs/20260921T090209005142Z/pip-check/stdout.log,true
04_PhysX-3D/01_재현실행/재현자료/2026-09-21_공식예제진행/01_sparse검사/evidence/official-example-20260921/wheel-installs/20260921T090209005142Z/preview.json,55645881c350ac2d6cb5e0b99a0ab5239b041e6c,7861,124feb1123bd7fbcd6632a85209cb712712c20b311854914786c43af711d10af,04_PhysX-3D/재현자료/2026-09-21_공식예제진행/01_sparse검사/evidence/official-example-20260921/wheel-installs/20260921T090209005142Z/preview.json,true
04_PhysX-3D/01_재현실행/재현자료/2026-09-21_공식예제진행/01_sparse검사/evidence/official-example-20260921/wheel-installs/20260921T090209005142Z/result.json,a754b9eb420b001c125f588db053c94de7cbcebd,255,5af34e56c81a9faabe309637451dee5a1801b178904323fa0ec69c1550e4c3f4,04_PhysX-3D/재현자료/2026-09-21_공식예제진행/01_sparse검사/evidence/official-example-20260921/wheel-installs/20260921T090209005142Z/result.json,true
04_PhysX-3D/01_재현실행/재현자료/2026-09-21_공식예제진행/01_sparse검사/evidence/official-example-20260921/wheel-installs/20260921T090209005142Z/verified-wheels.json,0d6edb40f79c83711a8563a81aa3c4cc84a94c81,1093,2a74e444f3506a6acebd8c03b3c8adab4be313cc5e80ab40fca2efec50337e1c,04_PhysX-3D/재현자료/2026-09-21_공식예제진행/01_sparse검사/evidence/official-example-20260921/wheel-installs/20260921T090209005142Z/verified-wheels.json,true
04_PhysX-3D/01_재현실행/재현자료/2026-09-21_공식예제진행/01_sparse검사/evidence/official-example-20260921/wheel-installs/20260921T090209005142Z/wheels.lock.txt,f27998806b9ac7b90358575a5d5d7bd81e39eaa1,562,62687b2a764886d2712a9aeb1d4656cfd63923abcf6eda85d9df3518e3cfb50e,04_PhysX-3D/재현자료/2026-09-21_공식예제진행/01_sparse검사/evidence/official-example-20260921/wheel-installs/20260921T090209005142Z/wheels.lock.txt,true
04_PhysX-3D/01_재현실행/재현자료/2026-09-21_공식예제진행/01_sparse검사/evidence/official-example-20260921/wheel-installs/20260921T090304164904Z/after.json,7319b38036797a4d20d40330d7d18ffa8150babc,4509,6751f6dd6779a3cc55d2687479c92008cf3c4643e6acc421df1914214901c590,04_PhysX-3D/재현자료/2026-09-21_공식예제진행/01_sparse검사/evidence/official-example-20260921/wheel-installs/20260921T090304164904Z/after.json,true
04_PhysX-3D/01_재현실행/재현자료/2026-09-21_공식예제진행/01_sparse검사/evidence/official-example-20260921/wheel-installs/20260921T090304164904Z/before.json,ed288dd7323ac10eedfc7739ac6beb0861aa33c1,4467,fa461e59c787607781e5bb4726eed4078d79e879814337141a0305cf6a7d4f95,04_PhysX-3D/재현자료/2026-09-21_공식예제진행/01_sparse검사/evidence/official-example-20260921/wheel-installs/20260921T090304164904Z/before.json,true
04_PhysX-3D/01_재현실행/재현자료/2026-09-21_공식예제진행/01_sparse검사/evidence/official-example-20260921/wheel-installs/20260921T090304164904Z/dry-run/command.json,56e083631238ae8950af9b1893d6d4eafb2d228f,669,175622e838f147fee85280230fb44ad9ad5dca7c6515ceabf2c07a3dafcc90a5,04_PhysX-3D/재현자료/2026-09-21_공식예제진행/01_sparse검사/evidence/official-example-20260921/wheel-installs/20260921T090304164904Z/dry-run/command.json,true
04_PhysX-3D/01_재현실행/재현자료/2026-09-21_공식예제진행/01_sparse검사/evidence/official-example-20260921/wheel-installs/20260921T090304164904Z/dry-run/result.json,7684d3e98ddd01f68d0dc3c0d756498a28bacd04,737,b9d49856c85f1af11757ed2aaf4097df6e13579e9382ec0abe59173ed8574fab,04_PhysX-3D/재현자료/2026-09-21_공식예제진행/01_sparse검사/evidence/official-example-20260921/wheel-installs/20260921T090304164904Z/dry-run/result.json,true
04_PhysX-3D/01_재현실행/재현자료/2026-09-21_공식예제진행/01_sparse검사/evidence/official-example-20260921/wheel-installs/20260921T090304164904Z/dry-run/stderr.log,e69de29bb2d1d6434b8b29ae775ad8c2e48c5391,0,e3b0c44298fc1c149afbf4c8996fb92427ae41e4649b934ca495991b7852b855,04_PhysX-3D/재현자료/2026-09-21_공식예제진행/01_sparse검사/evidence/official-example-20260921/wheel-installs/20260921T090304164904Z/dry-run/stderr.log,true
04_PhysX-3D/01_재현실행/재현자료/2026-09-21_공식예제진행/01_sparse검사/evidence/official-example-20260921/wheel-installs/20260921T090304164904Z/dry-run/stdout.log,1c5e5df33155ab7caa519c768bb378f6898020f9,289,a7c9c47181ca47224007e137cf75636cf6b71dc4bb2400c03ff5e11332e232c5,04_PhysX-3D/재현자료/2026-09-21_공식예제진행/01_sparse검사/evidence/official-example-20260921/wheel-installs/20260921T090304164904Z/dry-run/stdout.log,true
04_PhysX-3D/01_재현실행/재현자료/2026-09-21_공식예제진행/01_sparse검사/evidence/official-example-20260921/wheel-installs/20260921T090304164904Z/install/command.json,1b2eb23fd4a71966f1f5568533107d79aab00e69,516,8483f5b0462638f59fd75ccacd2586da82f09f60b8e8ea4942b2a48b7ca39c50,04_PhysX-3D/재현자료/2026-09-21_공식예제진행/01_sparse검사/evidence/official-example-20260921/wheel-installs/20260921T090304164904Z/install/command.json,true
04_PhysX-3D/01_재현실행/재현자료/2026-09-21_공식예제진행/01_sparse검사/evidence/official-example-20260921/wheel-installs/20260921T090304164904Z/install/result.json,740823ce32591cbff607a26556e90067b5c57ea4,584,76613993b744b57262cc496860f0c3217305dda3f22c51be5dc4e608017338d4,04_PhysX-3D/재현자료/2026-09-21_공식예제진행/01_sparse검사/evidence/official-example-20260921/wheel-installs/20260921T090304164904Z/install/result.json,true
04_PhysX-3D/01_재현실행/재현자료/2026-09-21_공식예제진행/01_sparse검사/evidence/official-example-20260921/wheel-installs/20260921T090304164904Z/install/stderr.log,e69de29bb2d1d6434b8b29ae775ad8c2e48c5391,0,e3b0c44298fc1c149afbf4c8996fb92427ae41e4649b934ca495991b7852b855,04_PhysX-3D/재현자료/2026-09-21_공식예제진행/01_sparse검사/evidence/official-example-20260921/wheel-installs/20260921T090304164904Z/install/stderr.log,true
04_PhysX-3D/01_재현실행/재현자료/2026-09-21_공식예제진행/01_sparse검사/evidence/official-example-20260921/wheel-installs/20260921T090304164904Z/install/stdout.log,20f0ebacce7cbb290097d1c0f2b78d40c9169786,357,c9530c16ad704b19e87635c1387962c4e963e225bfacfc3ac7ab807abf2179ca,04_PhysX-3D/재현자료/2026-09-21_공식예제진행/01_sparse검사/evidence/official-example-20260921/wheel-installs/20260921T090304164904Z/install/stdout.log,true
04_PhysX-3D/01_재현실행/재현자료/2026-09-21_공식예제진행/01_sparse검사/evidence/official-example-20260921/wheel-installs/20260921T090304164904Z/pip-check/command.json,e9193c9184b1c980f058a374fe9bf4ae54266ed3,275,06678047cf43ceaebb8978f0ebdc7e57474023ce8e90efaed6e02f03d9c2bcbe,04_PhysX-3D/재현자료/2026-09-21_공식예제진행/01_sparse검사/evidence/official-example-20260921/wheel-installs/20260921T090304164904Z/pip-check/command.json,true
04_PhysX-3D/01_재현실행/재현자료/2026-09-21_공식예제진행/01_sparse검사/evidence/official-example-20260921/wheel-installs/20260921T090304164904Z/pip-check/result.json,2a65851dd9175d45abb5cdd4cf2aeb303591da30,343,fac7c4fc9adae51b0152796883deedbf37b6c52f81aae18b0409396673dec2b4,04_PhysX-3D/재현자료/2026-09-21_공식예제진행/01_sparse검사/evidence/official-example-20260921/wheel-installs/20260921T090304164904Z/pip-check/result.json,true
04_PhysX-3D/01_재현실행/재현자료/2026-09-21_공식예제진행/01_sparse검사/evidence/official-example-20260921/wheel-installs/20260921T090304164904Z/pip-check/stderr.log,e69de29bb2d1d6434b8b29ae775ad8c2e48c5391,0,e3b0c44298fc1c149afbf4c8996fb92427ae41e4649b934ca495991b7852b855,04_PhysX-3D/재현자료/2026-09-21_공식예제진행/01_sparse검사/evidence/official-example-20260921/wheel-installs/20260921T090304164904Z/pip-check/stderr.log,true
04_PhysX-3D/01_재현실행/재현자료/2026-09-21_공식예제진행/01_sparse검사/evidence/official-example-20260921/wheel-installs/20260921T090304164904Z/pip-check/stdout.log,c688d8ccdad82420475fc31cb40020cccfeeef2b,30,9261363b733079a641c2e4cc9bc46ffa1d8336945a87f807b6cf68847dbc9b09,04_PhysX-3D/재현자료/2026-09-21_공식예제진행/01_sparse검사/evidence/official-example-20260921/wheel-installs/20260921T090304164904Z/pip-check/stdout.log,true
04_PhysX-3D/01_재현실행/재현자료/2026-09-21_공식예제진행/01_sparse검사/evidence/official-example-20260921/wheel-installs/20260921T090304164904Z/preview.json,9209e6b86f9463de6e4c357e369aff25f90445c1,1258,28f47f95509126a03cb782c276ca52bd31e2b3ff80ee5dae698719e7b0110b54,04_PhysX-3D/재현자료/2026-09-21_공식예제진행/01_sparse검사/evidence/official-example-20260921/wheel-installs/20260921T090304164904Z/preview.json,true
04_PhysX-3D/01_재현실행/재현자료/2026-09-21_공식예제진행/01_sparse검사/evidence/official-example-20260921/wheel-installs/20260921T090304164904Z/result.json,1faffc5a0bb4bcb71265351e75481b4a777436f9,229,0d0925dc1d610d632c456745b5875743ea32bc2f9a7eeb1960cb175dbda451a6,04_PhysX-3D/재현자료/2026-09-21_공식예제진행/01_sparse검사/evidence/official-example-20260921/wheel-installs/20260921T090304164904Z/result.json,true
04_PhysX-3D/01_재현실행/재현자료/2026-09-21_공식예제진행/01_sparse검사/evidence/official-example-20260921/wheel-installs/20260921T090304164904Z/verified-wheels.json,c2c60c73166cf157ca39c02da6ed85396d8784d2,345,ceead456522d7381e26e4012c940c0944f20a7a2bdb97e764bfedc4fe512a9a8,04_PhysX-3D/재현자료/2026-09-21_공식예제진행/01_sparse검사/evidence/official-example-20260921/wheel-installs/20260921T090304164904Z/verified-wheels.json,true
04_PhysX-3D/01_재현실행/재현자료/2026-09-21_공식예제진행/01_sparse검사/evidence/official-example-20260921/wheel-installs/20260921T090304164904Z/wheels.lock.txt,aa94f8e211a609f0879a980af6cb18c4fed96a93,240,220f91235297ae363bbc47b47a0f5331a7caf9e80df69b2d9c374457b56da3b5,04_PhysX-3D/재현자료/2026-09-21_공식예제진행/01_sparse검사/evidence/official-example-20260921/wheel-installs/20260921T090304164904Z/wheels.lock.txt,true
04_PhysX-3D/01_재현실행/재현자료/2026-09-21_공식예제진행/01_sparse검사/evidence/official-example-20260921/workspace_runner.py,922690eb3de59e9335eebd99cb8e03f416842d8f,24580,d842cf69dacd6b1921a10322a7de85518be0a54847e8aabebd85e9f885dfb6ee,04_PhysX-3D/재현자료/2026-09-21_공식예제진행/01_sparse검사/evidence/official-example-20260921/workspace_runner.py,true
04_PhysX-3D/01_재현실행/재현자료/2026-09-21_공식예제진행/01_sparse검사/evidence/sparse-wheel-review-20260921/artifacts-sha256.json,05f60dc9503ef8267f8dbcdffa82d0ad0d179a69,18782,e55dc8984d385344190bbf32f655e7955d0fe7dd3fbc66dda4aa9afc7778a928,04_PhysX-3D/재현자료/2026-09-21_공식예제진행/01_sparse검사/evidence/sparse-wheel-review-20260921/artifacts-sha256.json,true
04_PhysX-3D/01_재현실행/재현자료/2026-09-21_공식예제진행/01_sparse검사/evidence/sparse-wheel-review-20260921/cumm-cu126.metadata.json,9e0988fd053f30ed67fa68fb9d12a5416f75f301,960,e925d7f407ee11f9d2b3f34b48aa76f9e504272cd7bcabffb90bef1c244b0e6b,04_PhysX-3D/재현자료/2026-09-21_공식예제진행/01_sparse검사/evidence/sparse-wheel-review-20260921/cumm-cu126.metadata.json,true
04_PhysX-3D/01_재현실행/재현자료/2026-09-21_공식예제진행/01_sparse검사/evidence/sparse-wheel-review-20260921/result.json,fcc759b41a84b86061cb484ca0b2aca030e73c13,6075,74fd53566e01a30ef9bea2bb50110d93d376a6326e64211340947e0e06627585,04_PhysX-3D/재현자료/2026-09-21_공식예제진행/01_sparse검사/evidence/sparse-wheel-review-20260921/result.json,true
04_PhysX-3D/01_재현실행/재현자료/2026-09-21_공식예제진행/01_sparse검사/evidence/sparse-wheel-review-20260921/review_wheels.py,fc890105284c16d5a47826b233bae1f7f6fbc0a8,11556,dd24da6afb00beb7450d3fa16d4bc3df8e5dc3d38b7a269806b9d53b29f179da,04_PhysX-3D/재현자료/2026-09-21_공식예제진행/01_sparse검사/evidence/sparse-wheel-review-20260921/review_wheels.py,true
04_PhysX-3D/01_재현실행/재현자료/2026-09-21_공식예제진행/01_sparse검사/evidence/sparse-wheel-review-20260921/spconv-cu126.metadata.json,4f8871558a695814c9fa672d7f330a9cff8facbd,815,afef5c27ec441214e83e20cd4b30c9e768b923bc2283982b921de31cb4321bf2,04_PhysX-3D/재현자료/2026-09-21_공식예제진행/01_sparse검사/evidence/sparse-wheel-review-20260921/spconv-cu126.metadata.json,true
04_PhysX-3D/01_재현실행/재현자료/2026-09-21_공식예제진행/01_sparse검사/evidence/sparse-wheel-review-20260921/summary.md,3bffb55418d92482379ecf75ae5a1d7150a7f550,5008,41ec3a2d3b00f484f3499f0d84806f0515cd5584fa7cf09711289334ea55b22f,04_PhysX-3D/재현자료/2026-09-21_공식예제진행/01_sparse검사/evidence/sparse-wheel-review-20260921/summary.md,false
04_PhysX-3D/01_재현실행/재현자료/2026-09-21_공식예제진행/01_sparse검사/gpu-samples.json,69b4491cb46b7e744a2dd80c6ed064fc1e09f293,5419,c47c60513bae387e1f9a7cd9453179e3b43c6f2c9305b46116726d45c6bbcce9,04_PhysX-3D/재현자료/2026-09-21_공식예제진행/01_sparse검사/gpu-samples.json,true
04_PhysX-3D/01_재현실행/재현자료/2026-09-21_공식예제진행/02_renderer검사/.gitattributes,dc7fa84bd005a6f7cc04cee810c7eb3d17cdb10e,26,155348a89d5e749f50d336f8f164a39bf8415179177b36e8b51766f3ab9a16d3,04_PhysX-3D/재현자료/2026-09-21_공식예제진행/02_renderer검사/.gitattributes,true
04_PhysX-3D/01_재현실행/재현자료/2026-09-21_공식예제진행/02_renderer검사/evidence-manifest.json,378aefc92bfe00dd1bd80bb98427c4ede7ccb74f,39162,b8cc44714a63d22f1fb9792a2bf1b154f9f80f30fb87dca8fc56e651dfa09eb4,04_PhysX-3D/재현자료/2026-09-21_공식예제진행/02_renderer검사/evidence-manifest.json,true
04_PhysX-3D/01_재현실행/재현자료/2026-09-21_공식예제진행/02_renderer검사/evidence/check_extensions.py,8b67f96a1117b64bb6486362a13cfc0b3114a6a2,22430,1d7492f61482e8eda08c45a99529c72b55e77bc45013048f03892c6f5a1a8b2b,04_PhysX-3D/재현자료/2026-09-21_공식예제진행/02_renderer검사/evidence/check_extensions.py,true
04_PhysX-3D/01_재현실행/재현자료/2026-09-21_공식예제진행/02_renderer검사/evidence/extension-gaussian-20260921T091240646843Z-0f75744077/result.json,9ec416bb70f666d8bd7211cd310318aad91546bb,8574,71ba084ab4c4c692fa2f49977941cfdc24596479446ee2bef6242690854d557d,04_PhysX-3D/재현자료/2026-09-21_공식예제진행/02_renderer검사/evidence/extension-gaussian-20260921T091240646843Z-0f75744077/result.json,true
04_PhysX-3D/01_재현실행/재현자료/2026-09-21_공식예제진행/02_renderer검사/evidence/extension-kaolin-20260921T091144815712Z-21466a1bb2/result.json,185ddc7d78476b7ccc43f6d785e747c0556aeac3,9325,0f95ab0cb3aef48997ba3122d947e82e2b8471edfd8259ee5a1cc623d495dc7f,04_PhysX-3D/재현자료/2026-09-21_공식예제진행/02_renderer검사/evidence/extension-kaolin-20260921T091144815712Z-21466a1bb2/result.json,true
04_PhysX-3D/01_재현실행/재현자료/2026-09-21_공식예제진행/02_renderer검사/evidence/extension-nvdiffrast-20260921T091332288648Z-c75a685174/result.json,3330a74fad184c89239150a80142c1cc3c389c5b,7854,0e7904e1e21141e49c8ad18fcf0d123ed671ced60fe2a32aa823c15bf571d1b9,04_PhysX-3D/재현자료/2026-09-21_공식예제진행/02_renderer검사/evidence/extension-nvdiffrast-20260921T091332288648Z-c75a685174/result.json,true
04_PhysX-3D/01_재현실행/재현자료/2026-09-21_공식예제진행/02_renderer검사/evidence/runs/20260921T091143Z-kaolin-smoke-4315932808/command/command.json,a8a1f8b875b46c1e25781c44b29bdc42475e09eb,8536,ffb95561b501ea46902cf4f0c3f30128d8fa7ccadbe867970f0c7c934f378fce,04_PhysX-3D/재현자료/2026-09-21_공식예제진행/02_renderer검사/evidence/runs/20260921T091143Z-kaolin-smoke-4315932808/command/command.json,true
04_PhysX-3D/01_재현실행/재현자료/2026-09-21_공식예제진행/02_renderer검사/evidence/runs/20260921T091143Z-kaolin-smoke-4315932808/command/result.json,850b62e12c637d6fc4194363822bd4a8a86efb84,8664,a8fe5b99b6183eda0219881046f4f42b07f40cfff8fe1837258b581f63bdff41,04_PhysX-3D/재현자료/2026-09-21_공식예제진행/02_renderer검사/evidence/runs/20260921T091143Z-kaolin-smoke-4315932808/command/result.json,true
04_PhysX-3D/01_재현실행/재현자료/2026-09-21_공식예제진행/02_renderer검사/evidence/runs/20260921T091143Z-kaolin-smoke-4315932808/command/stderr.log,e69de29bb2d1d6434b8b29ae775ad8c2e48c5391,0,e3b0c44298fc1c149afbf4c8996fb92427ae41e4649b934ca495991b7852b855,04_PhysX-3D/재현자료/2026-09-21_공식예제진행/02_renderer검사/evidence/runs/20260921T091143Z-kaolin-smoke-4315932808/command/stderr.log,true
04_PhysX-3D/01_재현실행/재현자료/2026-09-21_공식예제진행/02_renderer검사/evidence/runs/20260921T091143Z-kaolin-smoke-4315932808/command/stdout.log,a78eb72ad8c1331b63077d16b706512148cd849d,193,cd5422fe9025b92cd6c2687c7d1b9c1f242ae8f3914efa9754e1d5159c3d55d8,04_PhysX-3D/재현자료/2026-09-21_공식예제진행/02_renderer검사/evidence/runs/20260921T091143Z-kaolin-smoke-4315932808/command/stdout.log,true
04_PhysX-3D/01_재현실행/재현자료/2026-09-21_공식예제진행/02_renderer검사/evidence/runs/20260921T091143Z-kaolin-smoke-4315932808/device-mapping.json,40f83ad58ce7bb3d6cb95e8f406a5e29b6b8456e,277,a722ac59a8ce5de35b3604e7f307c3b75f3e60a57ec79359b60f97d3eee7f470,04_PhysX-3D/재현자료/2026-09-21_공식예제진행/02_renderer검사/evidence/runs/20260921T091143Z-kaolin-smoke-4315932808/device-mapping.json,true
04_PhysX-3D/01_재현실행/재현자료/2026-09-21_공식예제진행/02_renderer검사/evidence/runs/20260921T091143Z-kaolin-smoke-4315932808/gcc-version/command.json,3d500f5453ea81e32589db393fa9a79a91d6d576,8289,6b145cf285867099df03642b8cef1d2ab55206a7df2eaa8f0187003263d2881e,04_PhysX-3D/재현자료/2026-09-21_공식예제진행/02_renderer검사/evidence/runs/20260921T091143Z-kaolin-smoke-4315932808/gcc-version/command.json,true
04_PhysX-3D/01_재현실행/재현자료/2026-09-21_공식예제진행/02_renderer검사/evidence/runs/20260921T091143Z-kaolin-smoke-4315932808/gcc-version/result.json,022590703bbd519f67853bd0c8ccd9f059a8ccbf,8417,86a2d8736b0a37dee2909b29353c6b7db1b07308ec95fddf61b65e8dddedbeb0,04_PhysX-3D/재현자료/2026-09-21_공식예제진행/02_renderer검사/evidence/runs/20260921T091143Z-kaolin-smoke-4315932808/gcc-version/result.json,true
04_PhysX-3D/01_재현실행/재현자료/2026-09-21_공식예제진행/02_renderer검사/evidence/runs/20260921T091143Z-kaolin-smoke-4315932808/gcc-version/stderr.log,e69de29bb2d1d6434b8b29ae775ad8c2e48c5391,0,e3b0c44298fc1c149afbf4c8996fb92427ae41e4649b934ca495991b7852b855,04_PhysX-3D/재현자료/2026-09-21_공식예제진행/02_renderer검사/evidence/runs/20260921T091143Z-kaolin-smoke-4315932808/gcc-version/stderr.log,true
04_PhysX-3D/01_재현실행/재현자료/2026-09-21_공식예제진행/02_renderer검사/evidence/runs/20260921T091143Z-kaolin-smoke-4315932808/gcc-version/stdout.log,ac565bc1cabdf5014d5d901c021f7a92694450e7,7,bb6aade8c4ca40cae9cb1be8abe12377f651fccd82954af74ec61703b6608fc5,04_PhysX-3D/재현자료/2026-09-21_공식예제진행/02_renderer검사/evidence/runs/20260921T091143Z-kaolin-smoke-4315932808/gcc-version/stdout.log,true
04_PhysX-3D/01_재현실행/재현자료/2026-09-21_공식예제진행/02_renderer검사/evidence/runs/20260921T091143Z-kaolin-smoke-4315932808/gpu-driver-info/command.json,ddcdc1162dc5874dcf44366c17e109551329313c,8498,6b4fe604f349cd1c0b49cae0fd15d40cbbd0b6a2db7511e27dddfbf3829d3341,04_PhysX-3D/재현자료/2026-09-21_공식예제진행/02_renderer검사/evidence/runs/20260921T091143Z-kaolin-smoke-4315932808/gpu-driver-info/command.json,true
04_PhysX-3D/01_재현실행/재현자료/2026-09-21_공식예제진행/02_renderer검사/evidence/runs/20260921T091143Z-kaolin-smoke-4315932808/gpu-driver-info/result.json,dced9d525bf02f71da7ccc98aefa075726f4d9aa,8626,f0d4864e5183a68629a0879363f19b766a1bbd451892bc807adc10e33174b47e,04_PhysX-3D/재현자료/2026-09-21_공식예제진행/02_renderer검사/evidence/runs/20260921T091143Z-kaolin-smoke-4315932808/gpu-driver-info/result.json,true
04_PhysX-3D/01_재현실행/재현자료/2026-09-21_공식예제진행/02_renderer검사/evidence/runs/20260921T091143Z-kaolin-smoke-4315932808/gpu-driver-info/stderr.log,e69de29bb2d1d6434b8b29ae775ad8c2e48c5391,0,e3b0c44298fc1c149afbf4c8996fb92427ae41e4649b934ca495991b7852b855,04_PhysX-3D/재현자료/2026-09-21_공식예제진행/02_renderer검사/evidence/runs/20260921T091143Z-kaolin-smoke-4315932808/gpu-driver-info/stderr.log,true
04_PhysX-3D/01_재현실행/재현자료/2026-09-21_공식예제진행/02_renderer검사/evidence/runs/20260921T091143Z-kaolin-smoke-4315932808/gpu-driver-info/stdout.log,f249b25896e3f2ff101e0e13889c7dcfc23658db,146,37569a239583f23b058fcf92934de9294821c5282e64ed73f62d748345a41aef,04_PhysX-3D/재현자료/2026-09-21_공식예제진행/02_renderer검사/evidence/runs/20260921T091143Z-kaolin-smoke-4315932808/gpu-driver-info/stdout.log,true
04_PhysX-3D/01_재현실행/재현자료/2026-09-21_공식예제진행/02_renderer검사/evidence/runs/20260921T091143Z-kaolin-smoke-4315932808/gpu-existing-compute-apps/command.json,f00eb37a168f3bcf2f4827ba61ed9bcba565b5a5,8416,205ee74765a4f3f901717d5154b53f268378ebe4cf39fc3042e1758b42ea2b31,04_PhysX-3D/재현자료/2026-09-21_공식예제진행/02_renderer검사/evidence/runs/20260921T091143Z-kaolin-smoke-4315932808/gpu-existing-compute-apps/command.json,true
04_PhysX-3D/01_재현실행/재현자료/2026-09-21_공식예제진행/02_renderer검사/evidence/runs/20260921T091143Z-kaolin-smoke-4315932808/gpu-existing-compute-apps/result.json,2136bfdf78f7f0b5dcc906cd4cdb98a1d9598bfe,8544,12851283b8ab174731a955c08bf2d42a22484f04f4dcafabe8f2dfaea9cde55e,04_PhysX-3D/재현자료/2026-09-21_공식예제진행/02_renderer검사/evidence/runs/20260921T091143Z-kaolin-smoke-4315932808/gpu-existing-compute-apps/result.json,true
04_PhysX-3D/01_재현실행/재현자료/2026-09-21_공식예제진행/02_renderer검사/evidence/runs/20260921T091143Z-kaolin-smoke-4315932808/gpu-existing-compute-apps/stderr.log,e69de29bb2d1d6434b8b29ae775ad8c2e48c5391,0,e3b0c44298fc1c149afbf4c8996fb92427ae41e4649b934ca495991b7852b855,04_PhysX-3D/재현자료/2026-09-21_공식예제진행/02_renderer검사/evidence/runs/20260921T091143Z-kaolin-smoke-4315932808/gpu-existing-compute-apps/stderr.log,true
04_PhysX-3D/01_재현실행/재현자료/2026-09-21_공식예제진행/02_renderer검사/evidence/runs/20260921T091143Z-kaolin-smoke-4315932808/gpu-existing-compute-apps/stdout.log,e69de29bb2d1d6434b8b29ae775ad8c2e48c5391,0,e3b0c44298fc1c149afbf4c8996fb92427ae41e4649b934ca495991b7852b855,04_PhysX-3D/재현자료/2026-09-21_공식예제진행/02_renderer검사/evidence/runs/20260921T091143Z-kaolin-smoke-4315932808/gpu-existing-compute-apps/stdout.log,true
04_PhysX-3D/01_재현실행/재현자료/2026-09-21_공식예제진행/02_renderer검사/evidence/runs/20260921T091143Z-kaolin-smoke-4315932808/gxx-version/command.json,6b4e131729d3d27003f387c6e0eea0cff8c92c70,8289,3edb4c04524347d4c6e0cfe704faa97341626907c669a637fff3338be6ff4468,04_PhysX-3D/재현자료/2026-09-21_공식예제진행/02_renderer검사/evidence/runs/20260921T091143Z-kaolin-smoke-4315932808/gxx-version/command.json,true
04_PhysX-3D/01_재현실행/재현자료/2026-09-21_공식예제진행/02_renderer검사/evidence/runs/20260921T091143Z-kaolin-smoke-4315932808/gxx-version/result.json,a75a5fb2c540b301866ea6d7d0d214ff886a660a,8417,b8c0ce5157f13489e835d109ab5f3e9e0703d4435749b6794dcfb82babfd463d,04_PhysX-3D/재현자료/2026-09-21_공식예제진행/02_renderer검사/evidence/runs/20260921T091143Z-kaolin-smoke-4315932808/gxx-version/result.json,true
04_PhysX-3D/01_재현실행/재현자료/2026-09-21_공식예제진행/02_renderer검사/evidence/runs/20260921T091143Z-kaolin-smoke-4315932808/gxx-version/stderr.log,e69de29bb2d1d6434b8b29ae775ad8c2e48c5391,0,e3b0c44298fc1c149afbf4c8996fb92427ae41e4649b934ca495991b7852b855,04_PhysX-3D/재현자료/2026-09-21_공식예제진행/02_renderer검사/evidence/runs/20260921T091143Z-kaolin-smoke-4315932808/gxx-version/stderr.log,true
04_PhysX-3D/01_재현실행/재현자료/2026-09-21_공식예제진행/02_renderer검사/evidence/runs/20260921T091143Z-kaolin-smoke-4315932808/gxx-version/stdout.log,ac565bc1cabdf5014d5d901c021f7a92694450e7,7,bb6aade8c4ca40cae9cb1be8abe12377f651fccd82954af74ec61703b6608fc5,04_PhysX-3D/재현자료/2026-09-21_공식예제진행/02_renderer검사/evidence/runs/20260921T091143Z-kaolin-smoke-4315932808/gxx-version/stdout.log,true
04_PhysX-3D/01_재현실행/재현자료/2026-09-21_공식예제진행/02_renderer검사/evidence/runs/20260921T091143Z-kaolin-smoke-4315932808/host-existing-compute-apps/command.json,d9c43671365845bade1575182afedd302d0ced3a,390,645768d7973f050f5e3087dc7a0588fa118629dc470796c785d30f66d540c6d8,04_PhysX-3D/재현자료/2026-09-21_공식예제진행/02_renderer검사/evidence/runs/20260921T091143Z-kaolin-smoke-4315932808/host-existing-compute-apps/command.json,true
04_PhysX-3D/01_재현실행/재현자료/2026-09-21_공식예제진행/02_renderer검사/evidence/runs/20260921T091143Z-kaolin-smoke-4315932808/host-existing-compute-apps/result.json,816f08035cd35a2cf40deff90a5c35d74f05bce6,518,5373931804e6d98761a858fa33e8fc6a9f5e76dad91bc5e46d4cf244d17fe359,04_PhysX-3D/재현자료/2026-09-21_공식예제진행/02_renderer검사/evidence/runs/20260921T091143Z-kaolin-smoke-4315932808/host-existing-compute-apps/result.json,true
04_PhysX-3D/01_재현실행/재현자료/2026-09-21_공식예제진행/02_renderer검사/evidence/runs/20260921T091143Z-kaolin-smoke-4315932808/host-existing-compute-apps/stderr.log,e69de29bb2d1d6434b8b29ae775ad8c2e48c5391,0,e3b0c44298fc1c149afbf4c8996fb92427ae41e4649b934ca495991b7852b855,04_PhysX-3D/재현자료/2026-09-21_공식예제진행/02_renderer검사/evidence/runs/20260921T091143Z-kaolin-smoke-4315932808/host-existing-compute-apps/stderr.log,true
04_PhysX-3D/01_재현실행/재현자료/2026-09-21_공식예제진행/02_renderer검사/evidence/runs/20260921T091143Z-kaolin-smoke-4315932808/host-existing-compute-apps/stdout.log,e69de29bb2d1d6434b8b29ae775ad8c2e48c5391,0,e3b0c44298fc1c149afbf4c8996fb92427ae41e4649b934ca495991b7852b855,04_PhysX-3D/재현자료/2026-09-21_공식예제진행/02_renderer검사/evidence/runs/20260921T091143Z-kaolin-smoke-4315932808/host-existing-compute-apps/stdout.log,true
04_PhysX-3D/01_재현실행/재현자료/2026-09-21_공식예제진행/02_renderer검사/evidence/runs/20260921T091143Z-kaolin-smoke-4315932808/host-selected-gpu/command.json,39de463e6766b413f3b3d979ebc6c6bb158614bb,472,4f9268a76f35ad0603d27a9a8cd0b6606d73a0e7ef0a97fd2cf7e9823d14f590,04_PhysX-3D/재현자료/2026-09-21_공식예제진행/02_renderer검사/evidence/runs/20260921T091143Z-kaolin-smoke-4315932808/host-selected-gpu/command.json,true
04_PhysX-3D/01_재현실행/재현자료/2026-09-21_공식예제진행/02_renderer검사/evidence/runs/20260921T091143Z-kaolin-smoke-4315932808/host-selected-gpu/result.json,855397a954aa87ab98ae32c382868d2c960fbe3b,600,b3c56ff76ed0f418ca67670cbdd09d94758302f1b584f35da72cd52aeb966708,04_PhysX-3D/재현자료/2026-09-21_공식예제진행/02_renderer검사/evidence/runs/20260921T091143Z-kaolin-smoke-4315932808/host-selected-gpu/result.json,true
04_PhysX-3D/01_재현실행/재현자료/2026-09-21_공식예제진행/02_renderer검사/evidence/runs/20260921T091143Z-kaolin-smoke-4315932808/host-selected-gpu/stderr.log,e69de29bb2d1d6434b8b29ae775ad8c2e48c5391,0,e3b0c44298fc1c149afbf4c8996fb92427ae41e4649b934ca495991b7852b855,04_PhysX-3D/재현자료/2026-09-21_공식예제진행/02_renderer검사/evidence/runs/20260921T091143Z-kaolin-smoke-4315932808/host-selected-gpu/stderr.log,true
04_PhysX-3D/01_재현실행/재현자료/2026-09-21_공식예제진행/02_renderer검사/evidence/runs/20260921T091143Z-kaolin-smoke-4315932808/host-selected-gpu/stdout.log,607e2400a8ac01487cc2a00e94e1d97ee4b2013a,146,f4843837e43adca8afea1b38a11dfc20220cd01b0748bf730ba27d2ec58e8b12,04_PhysX-3D/재현자료/2026-09-21_공식예제진행/02_renderer검사/evidence/runs/20260921T091143Z-kaolin-smoke-4315932808/host-selected-gpu/stdout.log,true
04_PhysX-3D/01_재현실행/재현자료/2026-09-21_공식예제진행/02_renderer검사/evidence/runs/20260921T091143Z-kaolin-smoke-4315932808/nvcc-version/command.json,6df94ddc8d25d3d433f76ec36338a86b1a0fbf54,8329,8dc58aad42a086c850545fa6695fa8774bfed889fe83fe2d43039c65d3ec3090,04_PhysX-3D/재현자료/2026-09-21_공식예제진행/02_renderer검사/evidence/runs/20260921T091143Z-kaolin-smoke-4315932808/nvcc-version/command.json,true
04_PhysX-3D/01_재현실행/재현자료/2026-09-21_공식예제진행/02_renderer검사/evidence/runs/20260921T091143Z-kaolin-smoke-4315932808/nvcc-version/result.json,95b34c194dfb8302a924f8f9fc3adb77cf9b969d,8457,fd87d59dc396dc6b3c4f3e1e5598003eb94ea3086d5c45361878a19a39fed202,04_PhysX-3D/재현자료/2026-09-21_공식예제진행/02_renderer검사/evidence/runs/20260921T091143Z-kaolin-smoke-4315932808/nvcc-version/result.json,true
04_PhysX-3D/01_재현실행/재현자료/2026-09-21_공식예제진행/02_renderer검사/evidence/runs/20260921T091143Z-kaolin-smoke-4315932808/nvcc-version/stderr.log,e69de29bb2d1d6434b8b29ae775ad8c2e48c5391,0,e3b0c44298fc1c149afbf4c8996fb92427ae41e4649b934ca495991b7852b855,04_PhysX-3D/재현자료/2026-09-21_공식예제진행/02_renderer검사/evidence/runs/20260921T091143Z-kaolin-smoke-4315932808/nvcc-version/stderr.log,true
04_PhysX-3D/01_재현실행/재현자료/2026-09-21_공식예제진행/02_renderer검사/evidence/runs/20260921T091143Z-kaolin-smoke-4315932808/nvcc-version/stdout.log,db7fbc66cc37eaca293616d8e64e24c2511a9805,208,68f8b0a1301428031e307cf5260142a517bff25cc232a09eae2734be475d721f,04_PhysX-3D/재현자료/2026-09-21_공식예제진행/02_renderer검사/evidence/runs/20260921T091143Z-kaolin-smoke-4315932808/nvcc-version/stdout.log,true
04_PhysX-3D/01_재현실행/재현자료/2026-09-21_공식예제진행/02_renderer검사/evidence/runs/20260921T091143Z-kaolin-smoke-4315932808/plan.json,cfd282ee37644e558eeff1c6512cabb72b61eeac,9446,866892ca86355e00141f95bbcf1f3e2aeee4878a0e90aecdd0a52930e0bafc56,04_PhysX-3D/재현자료/2026-09-21_공식예제진행/02_renderer검사/evidence/runs/20260921T091143Z-kaolin-smoke-4315932808/plan.json,true
04_PhysX-3D/01_재현실행/재현자료/2026-09-21_공식예제진행/02_renderer검사/evidence/runs/20260921T091143Z-kaolin-smoke-4315932808/status.json,43c0274331d4b198a3bde810525e392548422fe7,672,a2b1f867f6d52beec02aa53b434dc1ecff953041184d1a851ad5d5518b5dbdeb,04_PhysX-3D/재현자료/2026-09-21_공식예제진행/02_renderer검사/evidence/runs/20260921T091143Z-kaolin-smoke-4315932808/status.json,true
04_PhysX-3D/01_재현실행/재현자료/2026-09-21_공식예제진행/02_renderer검사/evidence/runs/20260921T091238Z-gaussian-smoke-163b2bf9d1/command/command.json,c999da04c0766a94866cc2b49057f5ca283509b4,8552,98b3c727fe2d1d45f98f0d67d89acafcf25141a126fa18e59361075163fe5aef,04_PhysX-3D/재현자료/2026-09-21_공식예제진행/02_renderer검사/evidence/runs/20260921T091238Z-gaussian-smoke-163b2bf9d1/command/command.json,true
04_PhysX-3D/01_재현실행/재현자료/2026-09-21_공식예제진행/02_renderer검사/evidence/runs/20260921T091238Z-gaussian-smoke-163b2bf9d1/command/result.json,5d673a2a52756bfc2db44f35cfb1382a1c54d499,8680,aea1722f4ff6e4a66f7e461394f5fd28692a311ef70f4f608799bcffd6ed922d,04_PhysX-3D/재현자료/2026-09-21_공식예제진행/02_renderer검사/evidence/runs/20260921T091238Z-gaussian-smoke-163b2bf9d1/command/result.json,true
04_PhysX-3D/01_재현실행/재현자료/2026-09-21_공식예제진행/02_renderer검사/evidence/runs/20260921T091238Z-gaussian-smoke-163b2bf9d1/command/stderr.log,e69de29bb2d1d6434b8b29ae775ad8c2e48c5391,0,e3b0c44298fc1c149afbf4c8996fb92427ae41e4649b934ca495991b7852b855,04_PhysX-3D/재현자료/2026-09-21_공식예제진행/02_renderer검사/evidence/runs/20260921T091238Z-gaussian-smoke-163b2bf9d1/command/stderr.log,true
04_PhysX-3D/01_재현실행/재현자료/2026-09-21_공식예제진행/02_renderer검사/evidence/runs/20260921T091238Z-gaussian-smoke-163b2bf9d1/command/stdout.log,9f11c5731b36508fe5770f65b9b8ee009a4d7a85,197,b2cf0582154395fbf3b49ba541bc982180656d047c7c70db4ac8f8388d1928d0,04_PhysX-3D/재현자료/2026-09-21_공식예제진행/02_renderer검사/evidence/runs/20260921T091238Z-gaussian-smoke-163b2bf9d1/command/stdout.log,true
04_PhysX-3D/01_재현실행/재현자료/2026-09-21_공식예제진행/02_renderer검사/evidence/runs/20260921T091238Z-gaussian-smoke-163b2bf9d1/device-mapping.json,40f83ad58ce7bb3d6cb95e8f406a5e29b6b8456e,277,a722ac59a8ce5de35b3604e7f307c3b75f3e60a57ec79359b60f97d3eee7f470,04_PhysX-3D/재현자료/2026-09-21_공식예제진행/02_renderer검사/evidence/runs/20260921T091238Z-gaussian-smoke-163b2bf9d1/device-mapping.json,true
04_PhysX-3D/01_재현실행/재현자료/2026-09-21_공식예제진행/02_renderer검사/evidence/runs/20260921T091238Z-gaussian-smoke-163b2bf9d1/gcc-version/command.json,d318ebc1bb3ad61259cd3b10fed8ce1dcd769929,8303,ae8c8ef2026cc27cbc8a0ebfcabc96d6071e735133b5371129fcfc971a041930,04_PhysX-3D/재현자료/2026-09-21_공식예제진행/02_renderer검사/evidence/runs/20260921T091238Z-gaussian-smoke-163b2bf9d1/gcc-version/command.json,true
04_PhysX-3D/01_재현실행/재현자료/2026-09-21_공식예제진행/02_renderer검사/evidence/runs/20260921T091238Z-gaussian-smoke-163b2bf9d1/gcc-version/result.json,fc57e9c4a03b11bda8346b6bcc3b42a437feadf5,8431,4719cc6edc4b75cc6a73f2675a4415979b9c2d3a0e565602c22068e247ae666f,04_PhysX-3D/재현자료/2026-09-21_공식예제진행/02_renderer검사/evidence/runs/20260921T091238Z-gaussian-smoke-163b2bf9d1/gcc-version/result.json,true
04_PhysX-3D/01_재현실행/재현자료/2026-09-21_공식예제진행/02_renderer검사/evidence/runs/20260921T091238Z-gaussian-smoke-163b2bf9d1/gcc-version/stderr.log,e69de29bb2d1d6434b8b29ae775ad8c2e48c5391,0,e3b0c44298fc1c149afbf4c8996fb92427ae41e4649b934ca495991b7852b855,04_PhysX-3D/재현자료/2026-09-21_공식예제진행/02_renderer검사/evidence/runs/20260921T091238Z-gaussian-smoke-163b2bf9d1/gcc-version/stderr.log,true
04_PhysX-3D/01_재현실행/재현자료/2026-09-21_공식예제진행/02_renderer검사/evidence/runs/20260921T091238Z-gaussian-smoke-163b2bf9d1/gcc-version/stdout.log,ac565bc1cabdf5014d5d901c021f7a92694450e7,7,bb6aade8c4ca40cae9cb1be8abe12377f651fccd82954af74ec61703b6608fc5,04_PhysX-3D/재현자료/2026-09-21_공식예제진행/02_renderer검사/evidence/runs/20260921T091238Z-gaussian-smoke-163b2bf9d1/gcc-version/stdout.log,true
04_PhysX-3D/01_재현실행/재현자료/2026-09-21_공식예제진행/02_renderer검사/evidence/runs/20260921T091238Z-gaussian-smoke-163b2bf9d1/gpu-driver-info/command.json,7db5a42a8e190cb475c3f8cb924bc81af180da9e,8512,f46c72b5bc088e28c67d4bb7a2e3dd247c1b3a7126ad67fece64d9cd2ecf6602,04_PhysX-3D/재현자료/2026-09-21_공식예제진행/02_renderer검사/evidence/runs/20260921T091238Z-gaussian-smoke-163b2bf9d1/gpu-driver-info/command.json,true
04_PhysX-3D/01_재현실행/재현자료/2026-09-21_공식예제진행/02_renderer검사/evidence/runs/20260921T091238Z-gaussian-smoke-163b2bf9d1/gpu-driver-info/result.json,66248566088bed34ab9a71a4dd57de21cd8d6ee8,8640,e3d06386f67cf55d48504cf824c26ff6b5a32d4f11a29546255071883973bd61,04_PhysX-3D/재현자료/2026-09-21_공식예제진행/02_renderer검사/evidence/runs/20260921T091238Z-gaussian-smoke-163b2bf9d1/gpu-driver-info/result.json,true
04_PhysX-3D/01_재현실행/재현자료/2026-09-21_공식예제진행/02_renderer검사/evidence/runs/20260921T091238Z-gaussian-smoke-163b2bf9d1/gpu-driver-info/stderr.log,e69de29bb2d1d6434b8b29ae775ad8c2e48c5391,0,e3b0c44298fc1c149afbf4c8996fb92427ae41e4649b934ca495991b7852b855,04_PhysX-3D/재현자료/2026-09-21_공식예제진행/02_renderer검사/evidence/runs/20260921T091238Z-gaussian-smoke-163b2bf9d1/gpu-driver-info/stderr.log,true
04_PhysX-3D/01_재현실행/재현자료/2026-09-21_공식예제진행/02_renderer검사/evidence/runs/20260921T091238Z-gaussian-smoke-163b2bf9d1/gpu-driver-info/stdout.log,2144393dc1f249d4e8e6446e57c3c040204a58a7,145,877a7099392a952a930d5ad82dc5b968f7ea211fc1c47ec17015b78eb17ecca5,04_PhysX-3D/재현자료/2026-09-21_공식예제진행/02_renderer검사/evidence/runs/20260921T091238Z-gaussian-smoke-163b2bf9d1/gpu-driver-info/stdout.log,true
04_PhysX-3D/01_재현실행/재현자료/2026-09-21_공식예제진행/02_renderer검사/evidence/runs/20260921T091238Z-gaussian-smoke-163b2bf9d1/gpu-existing-compute-apps/command.json,3c358eb2317cb3744ca008f8623a2f80154f9bf2,8430,74d374c2900274c47640aa4f5c065a418f12e8687966d913ced7f3cb79b40ed0,04_PhysX-3D/재현자료/2026-09-21_공식예제진행/02_renderer검사/evidence/runs/20260921T091238Z-gaussian-smoke-163b2bf9d1/gpu-existing-compute-apps/command.json,true
04_PhysX-3D/01_재현실행/재현자료/2026-09-21_공식예제진행/02_renderer검사/evidence/runs/20260921T091238Z-gaussian-smoke-163b2bf9d1/gpu-existing-compute-apps/result.json,5b4724662ac581dc6cd9e13f279e8ada0e692dfe,8558,dd530f0b5a9f3af8425d2abdfa4eb0263e3406696f0f1313c4c6a556744d659a,04_PhysX-3D/재현자료/2026-09-21_공식예제진행/02_renderer검사/evidence/runs/20260921T091238Z-gaussian-smoke-163b2bf9d1/gpu-existing-compute-apps/result.json,true
04_PhysX-3D/01_재현실행/재현자료/2026-09-21_공식예제진행/02_renderer검사/evidence/runs/20260921T091238Z-gaussian-smoke-163b2bf9d1/gpu-existing-compute-apps/stderr.log,e69de29bb2d1d6434b8b29ae775ad8c2e48c5391,0,e3b0c44298fc1c149afbf4c8996fb92427ae41e4649b934ca495991b7852b855,04_PhysX-3D/재현자료/2026-09-21_공식예제진행/02_renderer검사/evidence/runs/20260921T091238Z-gaussian-smoke-163b2bf9d1/gpu-existing-compute-apps/stderr.log,true
04_PhysX-3D/01_재현실행/재현자료/2026-09-21_공식예제진행/02_renderer검사/evidence/runs/20260921T091238Z-gaussian-smoke-163b2bf9d1/gpu-existing-compute-apps/stdout.log,e69de29bb2d1d6434b8b29ae775ad8c2e48c5391,0,e3b0c44298fc1c149afbf4c8996fb92427ae41e4649b934ca495991b7852b855,04_PhysX-3D/재현자료/2026-09-21_공식예제진행/02_renderer검사/evidence/runs/20260921T091238Z-gaussian-smoke-163b2bf9d1/gpu-existing-compute-apps/stdout.log,true
04_PhysX-3D/01_재현실행/재현자료/2026-09-21_공식예제진행/02_renderer검사/evidence/runs/20260921T091238Z-gaussian-smoke-163b2bf9d1/gxx-version/command.json,639257cb26d1f8eb48fe596b14d835417f658bf1,8303,ef3e37fe6502afafdebdcf9b596dbba49dd9170be291d84fea2ca515259dff93,04_PhysX-3D/재현자료/2026-09-21_공식예제진행/02_renderer검사/evidence/runs/20260921T091238Z-gaussian-smoke-163b2bf9d1/gxx-version/command.json,true
04_PhysX-3D/01_재현실행/재현자료/2026-09-21_공식예제진행/02_renderer검사/evidence/runs/20260921T091238Z-gaussian-smoke-163b2bf9d1/gxx-version/result.json,386b3c460ca781fc37a9e9826c5cc9b8d4a96711,8431,491ccd977c10e25bf1f99683895dfa5d8cf84454b5de3687cf703d12fd4630af,04_PhysX-3D/재현자료/2026-09-21_공식예제진행/02_renderer검사/evidence/runs/20260921T091238Z-gaussian-smoke-163b2bf9d1/gxx-version/result.json,true
04_PhysX-3D/01_재현실행/재현자료/2026-09-21_공식예제진행/02_renderer검사/evidence/runs/20260921T091238Z-gaussian-smoke-163b2bf9d1/gxx-version/stderr.log,e69de29bb2d1d6434b8b29ae775ad8c2e48c5391,0,e3b0c44298fc1c149afbf4c8996fb92427ae41e4649b934ca495991b7852b855,04_PhysX-3D/재현자료/2026-09-21_공식예제진행/02_renderer검사/evidence/runs/20260921T091238Z-gaussian-smoke-163b2bf9d1/gxx-version/stderr.log,true
04_PhysX-3D/01_재현실행/재현자료/2026-09-21_공식예제진행/02_renderer검사/evidence/runs/20260921T091238Z-gaussian-smoke-163b2bf9d1/gxx-version/stdout.log,ac565bc1cabdf5014d5d901c021f7a92694450e7,7,bb6aade8c4ca40cae9cb1be8abe12377f651fccd82954af74ec61703b6608fc5,04_PhysX-3D/재현자료/2026-09-21_공식예제진행/02_renderer검사/evidence/runs/20260921T091238Z-gaussian-smoke-163b2bf9d1/gxx-version/stdout.log,true
04_PhysX-3D/01_재현실행/재현자료/2026-09-21_공식예제진행/02_renderer검사/evidence/runs/20260921T091238Z-gaussian-smoke-163b2bf9d1/host-existing-compute-apps/command.json,da2895c08e61d4ec30be2508cc0748ac3dcd0ae1,390,f49a37bcfca7b88b5258ea41b3eaeafdbe68389e83eb4adc3905c4fb92184c15,04_PhysX-3D/재현자료/2026-09-21_공식예제진행/02_renderer검사/evidence/runs/20260921T091238Z-gaussian-smoke-163b2bf9d1/host-existing-compute-apps/command.json,true
04_PhysX-3D/01_재현실행/재현자료/2026-09-21_공식예제진행/02_renderer검사/evidence/runs/20260921T091238Z-gaussian-smoke-163b2bf9d1/host-existing-compute-apps/result.json,e49bca5d6d2c1297ef06b23636e2e2ec0d735506,518,d841a15a34811e9e0ea5263562c93b3fec7d8ee8e68d2ff9a1eb38804b23ad4d,04_PhysX-3D/재현자료/2026-09-21_공식예제진행/02_renderer검사/evidence/runs/20260921T091238Z-gaussian-smoke-163b2bf9d1/host-existing-compute-apps/result.json,true
04_PhysX-3D/01_재현실행/재현자료/2026-09-21_공식예제진행/02_renderer검사/evidence/runs/20260921T091238Z-gaussian-smoke-163b2bf9d1/host-existing-compute-apps/stderr.log,e69de29bb2d1d6434b8b29ae775ad8c2e48c5391,0,e3b0c44298fc1c149afbf4c8996fb92427ae41e4649b934ca495991b7852b855,04_PhysX-3D/재현자료/2026-09-21_공식예제진행/02_renderer검사/evidence/runs/20260921T091238Z-gaussian-smoke-163b2bf9d1/host-existing-compute-apps/stderr.log,true
04_PhysX-3D/01_재현실행/재현자료/2026-09-21_공식예제진행/02_renderer검사/evidence/runs/20260921T091238Z-gaussian-smoke-163b2bf9d1/host-existing-compute-apps/stdout.log,e69de29bb2d1d6434b8b29ae775ad8c2e48c5391,0,e3b0c44298fc1c149afbf4c8996fb92427ae41e4649b934ca495991b7852b855,04_PhysX-3D/재현자료/2026-09-21_공식예제진행/02_renderer검사/evidence/runs/20260921T091238Z-gaussian-smoke-163b2bf9d1/host-existing-compute-apps/stdout.log,true
04_PhysX-3D/01_재현실행/재현자료/2026-09-21_공식예제진행/02_renderer검사/evidence/runs/20260921T091238Z-gaussian-smoke-163b2bf9d1/host-selected-gpu/command.json,f90285c77cac4d64144109bc6092fd71d58dfeca,472,09aeeab6d42e16dbb78da1270314a214605aa00c186d23611a7db4676f269b5a,04_PhysX-3D/재현자료/2026-09-21_공식예제진행/02_renderer검사/evidence/runs/20260921T091238Z-gaussian-smoke-163b2bf9d1/host-selected-gpu/command.json,true
04_PhysX-3D/01_재현실행/재현자료/2026-09-21_공식예제진행/02_renderer검사/evidence/runs/20260921T091238Z-gaussian-smoke-163b2bf9d1/host-selected-gpu/result.json,88c067e3fdd57a91c0c29eec1c2a33fb8446e8d6,600,71a70bb94ec401725380b3a5e77bfc97a415a4d6bd6acfc06a0f4471451145bc,04_PhysX-3D/재현자료/2026-09-21_공식예제진행/02_renderer검사/evidence/runs/20260921T091238Z-gaussian-smoke-163b2bf9d1/host-selected-gpu/result.json,true
04_PhysX-3D/01_재현실행/재현자료/2026-09-21_공식예제진행/02_renderer검사/evidence/runs/20260921T091238Z-gaussian-smoke-163b2bf9d1/host-selected-gpu/stderr.log,e69de29bb2d1d6434b8b29ae775ad8c2e48c5391,0,e3b0c44298fc1c149afbf4c8996fb92427ae41e4649b934ca495991b7852b855,04_PhysX-3D/재현자료/2026-09-21_공식예제진행/02_renderer검사/evidence/runs/20260921T091238Z-gaussian-smoke-163b2bf9d1/host-selected-gpu/stderr.log,true
04_PhysX-3D/01_재현실행/재현자료/2026-09-21_공식예제진행/02_renderer검사/evidence/runs/20260921T091238Z-gaussian-smoke-163b2bf9d1/host-selected-gpu/stdout.log,908f6ebec876fce34a55e8efba6c50e0ee8ac932,145,140ae1920b5cddf1df9c3cdf8b47c6d1945dd60921f2d50382c0165bf718e964,04_PhysX-3D/재현자료/2026-09-21_공식예제진행/02_renderer검사/evidence/runs/20260921T091238Z-gaussian-smoke-163b2bf9d1/host-selected-gpu/stdout.log,true
04_PhysX-3D/01_재현실행/재현자료/2026-09-21_공식예제진행/02_renderer검사/evidence/runs/20260921T091238Z-gaussian-smoke-163b2bf9d1/nvcc-version/command.json,94ec34aca85a336f261327ab122868cb763bf14d,8343,9fe59a0ce4b4616d8b5c3526681d67304683f5348ef959f53667e76c52bc6406,04_PhysX-3D/재현자료/2026-09-21_공식예제진행/02_renderer검사/evidence/runs/20260921T091238Z-gaussian-smoke-163b2bf9d1/nvcc-version/command.json,true
04_PhysX-3D/01_재현실행/재현자료/2026-09-21_공식예제진행/02_renderer검사/evidence/runs/20260921T091238Z-gaussian-smoke-163b2bf9d1/nvcc-version/result.json,757053ce53a15403fc73dd032a30804c1052fb28,8471,049768f54d5d9f72b63ab497c7d6abdca8e819745bf7c61b23e8848ebd26d226,04_PhysX-3D/재현자료/2026-09-21_공식예제진행/02_renderer검사/evidence/runs/20260921T091238Z-gaussian-smoke-163b2bf9d1/nvcc-version/result.json,true
04_PhysX-3D/01_재현실행/재현자료/2026-09-21_공식예제진행/02_renderer검사/evidence/runs/20260921T091238Z-gaussian-smoke-163b2bf9d1/nvcc-version/stderr.log,e69de29bb2d1d6434b8b29ae775ad8c2e48c5391,0,e3b0c44298fc1c149afbf4c8996fb92427ae41e4649b934ca495991b7852b855,04_PhysX-3D/재현자료/2026-09-21_공식예제진행/02_renderer검사/evidence/runs/20260921T091238Z-gaussian-smoke-163b2bf9d1/nvcc-version/stderr.log,true
04_PhysX-3D/01_재현실행/재현자료/2026-09-21_공식예제진행/02_renderer검사/evidence/runs/20260921T091238Z-gaussian-smoke-163b2bf9d1/nvcc-version/stdout.log,db7fbc66cc37eaca293616d8e64e24c2511a9805,208,68f8b0a1301428031e307cf5260142a517bff25cc232a09eae2734be475d721f,04_PhysX-3D/재현자료/2026-09-21_공식예제진행/02_renderer검사/evidence/runs/20260921T091238Z-gaussian-smoke-163b2bf9d1/nvcc-version/stdout.log,true
04_PhysX-3D/01_재현실행/재현자료/2026-09-21_공식예제진행/02_renderer검사/evidence/runs/20260921T091238Z-gaussian-smoke-163b2bf9d1/plan.json,3f55e8f7515236d20ace265de902222aea8f55e4,9452,1ff6fbeb3515248c06d04721c989006d656e68b74ae48e8b97c8d9f59bd31993,04_PhysX-3D/재현자료/2026-09-21_공식예제진행/02_renderer검사/evidence/runs/20260921T091238Z-gaussian-smoke-163b2bf9d1/plan.json,true
04_PhysX-3D/01_재현실행/재현자료/2026-09-21_공식예제진행/02_renderer검사/evidence/runs/20260921T091238Z-gaussian-smoke-163b2bf9d1/status.json,6dad6b5fb7fbd4a76901893146b281574f7a79e4,676,5d14117224cf8a4684487f7e1c99f96af583d6fee4f889a63aafc07a02b3bbe6,04_PhysX-3D/재현자료/2026-09-21_공식예제진행/02_renderer검사/evidence/runs/20260921T091238Z-gaussian-smoke-163b2bf9d1/status.json,true
04_PhysX-3D/01_재현실행/재현자료/2026-09-21_공식예제진행/02_renderer검사/evidence/runs/20260921T091330Z-nvdiffrast-smoke-ca716903ca/command/command.json,fe67e225ef99e747744e605d380d9b5e912dbfa8,8569,2ce71253216b2140d39ab11362b8e0881b57e51fb990c662a6a9f66661b97825,04_PhysX-3D/재현자료/2026-09-21_공식예제진행/02_renderer검사/evidence/runs/20260921T091330Z-nvdiffrast-smoke-ca716903ca/command/command.json,true
04_PhysX-3D/01_재현실행/재현자료/2026-09-21_공식예제진행/02_renderer검사/evidence/runs/20260921T091330Z-nvdiffrast-smoke-ca716903ca/command/result.json,45bc374931eb9b4bf523d7f23564ed89ba14adcb,8698,bb0ee4d6fbe3a1cd6b60da24bbeb610daa85373b4698bef190f1621ba0848a2c,04_PhysX-3D/재현자료/2026-09-21_공식예제진행/02_renderer검사/evidence/runs/20260921T091330Z-nvdiffrast-smoke-ca716903ca/command/result.json,true
04_PhysX-3D/01_재현실행/재현자료/2026-09-21_공식예제진행/02_renderer검사/evidence/runs/20260921T091330Z-nvdiffrast-smoke-ca716903ca/command/stderr.log,3a5874dfb6894150d6e68df4ce7a64a49af43a3b,302,340a57696c48efd989730299f439a72ee2a6d1f4af8f8b329264dce37640e33b,04_PhysX-3D/재현자료/2026-09-21_공식예제진행/02_renderer검사/evidence/runs/20260921T091330Z-nvdiffrast-smoke-ca716903ca/command/stderr.log,true
04_PhysX-3D/01_재현실행/재현자료/2026-09-21_공식예제진행/02_renderer검사/evidence/runs/20260921T091330Z-nvdiffrast-smoke-ca716903ca/command/stdout.log,2631fda9f32c0093bc6fcecc2694f48ce464e1b0,201,967a601ff3f5bc0c7623b9ad4b657783b1624ef50edc6fcfa3075d06f6f46a2a,04_PhysX-3D/재현자료/2026-09-21_공식예제진행/02_renderer검사/evidence/runs/20260921T091330Z-nvdiffrast-smoke-ca716903ca/command/stdout.log,true
04_PhysX-3D/01_재현실행/재현자료/2026-09-21_공식예제진행/02_renderer검사/evidence/runs/20260921T091330Z-nvdiffrast-smoke-ca716903ca/device-mapping.json,40f83ad58ce7bb3d6cb95e8f406a5e29b6b8456e,277,a722ac59a8ce5de35b3604e7f307c3b75f3e60a57ec79359b60f97d3eee7f470,04_PhysX-3D/재현자료/2026-09-21_공식예제진행/02_renderer검사/evidence/runs/20260921T091330Z-nvdiffrast-smoke-ca716903ca/device-mapping.json,true
04_PhysX-3D/01_재현실행/재현자료/2026-09-21_공식예제진행/02_renderer검사/evidence/runs/20260921T091330Z-nvdiffrast-smoke-ca716903ca/gcc-version/command.json,b1168e49dd7ee992c916cf05c91ebf8a13d11dd4,8317,54c1a7e895303760171a106dc3b9a7a516641834a008e83da3038e32829f45fe,04_PhysX-3D/재현자료/2026-09-21_공식예제진행/02_renderer검사/evidence/runs/20260921T091330Z-nvdiffrast-smoke-ca716903ca/gcc-version/command.json,true
04_PhysX-3D/01_재현실행/재현자료/2026-09-21_공식예제진행/02_renderer검사/evidence/runs/20260921T091330Z-nvdiffrast-smoke-ca716903ca/gcc-version/result.json,0347bda860a5ee095ed79e09b36e9ffd66f5b4c7,8445,01c590c9058b04dc4a414600b73ab910a6015e3aed9389833f715602478fca66,04_PhysX-3D/재현자료/2026-09-21_공식예제진행/02_renderer검사/evidence/runs/20260921T091330Z-nvdiffrast-smoke-ca716903ca/gcc-version/result.json,true
04_PhysX-3D/01_재현실행/재현자료/2026-09-21_공식예제진행/02_renderer검사/evidence/runs/20260921T091330Z-nvdiffrast-smoke-ca716903ca/gcc-version/stderr.log,e69de29bb2d1d6434b8b29ae775ad8c2e48c5391,0,e3b0c44298fc1c149afbf4c8996fb92427ae41e4649b934ca495991b7852b855,04_PhysX-3D/재현자료/2026-09-21_공식예제진행/02_renderer검사/evidence/runs/20260921T091330Z-nvdiffrast-smoke-ca716903ca/gcc-version/stderr.log,true
04_PhysX-3D/01_재현실행/재현자료/2026-09-21_공식예제진행/02_renderer검사/evidence/runs/20260921T091330Z-nvdiffrast-smoke-ca716903ca/gcc-version/stdout.log,ac565bc1cabdf5014d5d901c021f7a92694450e7,7,bb6aade8c4ca40cae9cb1be8abe12377f651fccd82954af74ec61703b6608fc5,04_PhysX-3D/재현자료/2026-09-21_공식예제진행/02_renderer검사/evidence/runs/20260921T091330Z-nvdiffrast-smoke-ca716903ca/gcc-version/stdout.log,true
04_PhysX-3D/01_재현실행/재현자료/2026-09-21_공식예제진행/02_renderer검사/evidence/runs/20260921T091330Z-nvdiffrast-smoke-ca716903ca/gpu-driver-info/command.json,69f03bb6c5b9067600514e8a45411095e82ca6a5,8526,c5185d42596b913c7f58c51ec725506f6092592c565383991e8fdbd252c00f88,04_PhysX-3D/재현자료/2026-09-21_공식예제진행/02_renderer검사/evidence/runs/20260921T091330Z-nvdiffrast-smoke-ca716903ca/gpu-driver-info/command.json,true
04_PhysX-3D/01_재현실행/재현자료/2026-09-21_공식예제진행/02_renderer검사/evidence/runs/20260921T091330Z-nvdiffrast-smoke-ca716903ca/gpu-driver-info/result.json,6143de250ba27717dbe9660f428c4e96e1c789ca,8654,8cf732c9905ec199fd210f1e35c7ba2b508d640f0959f9cd766b4b524f943cba,04_PhysX-3D/재현자료/2026-09-21_공식예제진행/02_renderer검사/evidence/runs/20260921T091330Z-nvdiffrast-smoke-ca716903ca/gpu-driver-info/result.json,true
04_PhysX-3D/01_재현실행/재현자료/2026-09-21_공식예제진행/02_renderer검사/evidence/runs/20260921T091330Z-nvdiffrast-smoke-ca716903ca/gpu-driver-info/stderr.log,e69de29bb2d1d6434b8b29ae775ad8c2e48c5391,0,e3b0c44298fc1c149afbf4c8996fb92427ae41e4649b934ca495991b7852b855,04_PhysX-3D/재현자료/2026-09-21_공식예제진행/02_renderer검사/evidence/runs/20260921T091330Z-nvdiffrast-smoke-ca716903ca/gpu-driver-info/stderr.log,true
04_PhysX-3D/01_재현실행/재현자료/2026-09-21_공식예제진행/02_renderer검사/evidence/runs/20260921T091330Z-nvdiffrast-smoke-ca716903ca/gpu-driver-info/stdout.log,b80bd6b04a99b25ac6b9c50614069ea0b70b7134,146,0e823c392f21c1689bebfbbd92df368917f33539bde250bb3d0b62acae9df21b,04_PhysX-3D/재현자료/2026-09-21_공식예제진행/02_renderer검사/evidence/runs/20260921T091330Z-nvdiffrast-smoke-ca716903ca/gpu-driver-info/stdout.log,true
04_PhysX-3D/01_재현실행/재현자료/2026-09-21_공식예제진행/02_renderer검사/evidence/runs/20260921T091330Z-nvdiffrast-smoke-ca716903ca/gpu-existing-compute-apps/command.json,c4dff6b2a7eb27945a5db92cb8d69bbe1ec2b90e,8444,8f3f497822a9ea103fa93ca792c285af87895a64a3665245a69b50c6132dda49,04_PhysX-3D/재현자료/2026-09-21_공식예제진행/02_renderer검사/evidence/runs/20260921T091330Z-nvdiffrast-smoke-ca716903ca/gpu-existing-compute-apps/command.json,true
04_PhysX-3D/01_재현실행/재현자료/2026-09-21_공식예제진행/02_renderer검사/evidence/runs/20260921T091330Z-nvdiffrast-smoke-ca716903ca/gpu-existing-compute-apps/result.json,6b16c58ed37b120d48d12588a4ed281aea4a9329,8572,8aeed6fddd3b485cfb6e07b3039896d272adadea329535f668ea36f42421e7a6,04_PhysX-3D/재현자료/2026-09-21_공식예제진행/02_renderer검사/evidence/runs/20260921T091330Z-nvdiffrast-smoke-ca716903ca/gpu-existing-compute-apps/result.json,true
04_PhysX-3D/01_재현실행/재현자료/2026-09-21_공식예제진행/02_renderer검사/evidence/runs/20260921T091330Z-nvdiffrast-smoke-ca716903ca/gpu-existing-compute-apps/stderr.log,e69de29bb2d1d6434b8b29ae775ad8c2e48c5391,0,e3b0c44298fc1c149afbf4c8996fb92427ae41e4649b934ca495991b7852b855,04_PhysX-3D/재현자료/2026-09-21_공식예제진행/02_renderer검사/evidence/runs/20260921T091330Z-nvdiffrast-smoke-ca716903ca/gpu-existing-compute-apps/stderr.log,true
04_PhysX-3D/01_재현실행/재현자료/2026-09-21_공식예제진행/02_renderer검사/evidence/runs/20260921T091330Z-nvdiffrast-smoke-ca716903ca/gpu-existing-compute-apps/stdout.log,e69de29bb2d1d6434b8b29ae775ad8c2e48c5391,0,e3b0c44298fc1c149afbf4c8996fb92427ae41e4649b934ca495991b7852b855,04_PhysX-3D/재현자료/2026-09-21_공식예제진행/02_renderer검사/evidence/runs/20260921T091330Z-nvdiffrast-smoke-ca716903ca/gpu-existing-compute-apps/stdout.log,true
04_PhysX-3D/01_재현실행/재현자료/2026-09-21_공식예제진행/02_renderer검사/evidence/runs/20260921T091330Z-nvdiffrast-smoke-ca716903ca/gxx-version/command.json,c703a6ae2f37d3ee6457a7de1c09290d7f2ce135,8317,e4c3f2f932de40ddd365ae3dfd2c9fc2790f9f08509d9ba960a7316956b569b6,04_PhysX-3D/재현자료/2026-09-21_공식예제진행/02_renderer검사/evidence/runs/20260921T091330Z-nvdiffrast-smoke-ca716903ca/gxx-version/command.json,true
04_PhysX-3D/01_재현실행/재현자료/2026-09-21_공식예제진행/02_renderer검사/evidence/runs/20260921T091330Z-nvdiffrast-smoke-ca716903ca/gxx-version/result.json,427110edf89fa84e126a4b04891ccd985ccbbee3,8445,f4d47df2e08278a0ba450870fc4328152b8ecad19992e57b94e394d9c60331b2,04_PhysX-3D/재현자료/2026-09-21_공식예제진행/02_renderer검사/evidence/runs/20260921T091330Z-nvdiffrast-smoke-ca716903ca/gxx-version/result.json,true
04_PhysX-3D/01_재현실행/재현자료/2026-09-21_공식예제진행/02_renderer검사/evidence/runs/20260921T091330Z-nvdiffrast-smoke-ca716903ca/gxx-version/stderr.log,e69de29bb2d1d6434b8b29ae775ad8c2e48c5391,0,e3b0c44298fc1c149afbf4c8996fb92427ae41e4649b934ca495991b7852b855,04_PhysX-3D/재현자료/2026-09-21_공식예제진행/02_renderer검사/evidence/runs/20260921T091330Z-nvdiffrast-smoke-ca716903ca/gxx-version/stderr.log,true
04_PhysX-3D/01_재현실행/재현자료/2026-09-21_공식예제진행/02_renderer검사/evidence/runs/20260921T091330Z-nvdiffrast-smoke-ca716903ca/gxx-version/stdout.log,ac565bc1cabdf5014d5d901c021f7a92694450e7,7,bb6aade8c4ca40cae9cb1be8abe12377f651fccd82954af74ec61703b6608fc5,04_PhysX-3D/재현자료/2026-09-21_공식예제진행/02_renderer검사/evidence/runs/20260921T091330Z-nvdiffrast-smoke-ca716903ca/gxx-version/stdout.log,true
04_PhysX-3D/01_재현실행/재현자료/2026-09-21_공식예제진행/02_renderer검사/evidence/runs/20260921T091330Z-nvdiffrast-smoke-ca716903ca/host-existing-compute-apps/command.json,89239959564c21e0aa0875f69735b62a954b933f,390,469237ebd9a1d4b6696903a31919dce8ab36db2072aea893a716a4f970354000,04_PhysX-3D/재현자료/2026-09-21_공식예제진행/02_renderer검사/evidence/runs/20260921T091330Z-nvdiffrast-smoke-ca716903ca/host-existing-compute-apps/command.json,true
04_PhysX-3D/01_재현실행/재현자료/2026-09-21_공식예제진행/02_renderer검사/evidence/runs/20260921T091330Z-nvdiffrast-smoke-ca716903ca/host-existing-compute-apps/result.json,ceec564f2fefe931db18533117f267bb67478306,518,25c553bebee16b25182a244f0918d6a35ecfa3a823b753e547649fe23f661e36,04_PhysX-3D/재현자료/2026-09-21_공식예제진행/02_renderer검사/evidence/runs/20260921T091330Z-nvdiffrast-smoke-ca716903ca/host-existing-compute-apps/result.json,true
04_PhysX-3D/01_재현실행/재현자료/2026-09-21_공식예제진행/02_renderer검사/evidence/runs/20260921T091330Z-nvdiffrast-smoke-ca716903ca/host-existing-compute-apps/stderr.log,e69de29bb2d1d6434b8b29ae775ad8c2e48c5391,0,e3b0c44298fc1c149afbf4c8996fb92427ae41e4649b934ca495991b7852b855,04_PhysX-3D/재현자료/2026-09-21_공식예제진행/02_renderer검사/evidence/runs/20260921T091330Z-nvdiffrast-smoke-ca716903ca/host-existing-compute-apps/stderr.log,true
04_PhysX-3D/01_재현실행/재현자료/2026-09-21_공식예제진행/02_renderer검사/evidence/runs/20260921T091330Z-nvdiffrast-smoke-ca716903ca/host-existing-compute-apps/stdout.log,e69de29bb2d1d6434b8b29ae775ad8c2e48c5391,0,e3b0c44298fc1c149afbf4c8996fb92427ae41e4649b934ca495991b7852b855,04_PhysX-3D/재현자료/2026-09-21_공식예제진행/02_renderer검사/evidence/runs/20260921T091330Z-nvdiffrast-smoke-ca716903ca/host-existing-compute-apps/stdout.log,true
04_PhysX-3D/01_재현실행/재현자료/2026-09-21_공식예제진행/02_renderer검사/evidence/runs/20260921T091330Z-nvdiffrast-smoke-ca716903ca/host-selected-gpu/command.json,2df4ce3ed3a864a5f6f1d19ba3e6783782804520,472,d716c81cf9228c87371ed3dca63a4937ecff5e5e415f7e2bad8a4fd8d777b1fa,04_PhysX-3D/재현자료/2026-09-21_공식예제진행/02_renderer검사/evidence/runs/20260921T091330Z-nvdiffrast-smoke-ca716903ca/host-selected-gpu/command.json,true
04_PhysX-3D/01_재현실행/재현자료/2026-09-21_공식예제진행/02_renderer검사/evidence/runs/20260921T091330Z-nvdiffrast-smoke-ca716903ca/host-selected-gpu/result.json,63e2601490996131ce09eddc04517c17e1c8e1d9,600,9826c731bfbebe82c533792189c1e340fead66c67c5dee70b1e9ea6441d48355,04_PhysX-3D/재현자료/2026-09-21_공식예제진행/02_renderer검사/evidence/runs/20260921T091330Z-nvdiffrast-smoke-ca716903ca/host-selected-gpu/result.json,true
04_PhysX-3D/01_재현실행/재현자료/2026-09-21_공식예제진행/02_renderer검사/evidence/runs/20260921T091330Z-nvdiffrast-smoke-ca716903ca/host-selected-gpu/stderr.log,e69de29bb2d1d6434b8b29ae775ad8c2e48c5391,0,e3b0c44298fc1c149afbf4c8996fb92427ae41e4649b934ca495991b7852b855,04_PhysX-3D/재현자료/2026-09-21_공식예제진행/02_renderer검사/evidence/runs/20260921T091330Z-nvdiffrast-smoke-ca716903ca/host-selected-gpu/stderr.log,true
04_PhysX-3D/01_재현실행/재현자료/2026-09-21_공식예제진행/02_renderer검사/evidence/runs/20260921T091330Z-nvdiffrast-smoke-ca716903ca/host-selected-gpu/stdout.log,fd0541e5e41d2f3edb7b7d3a8f63f648edece196,146,697aea411d016497034e762968fa6f8730dedea383755a6e2714ccd85fb1b8fa,04_PhysX-3D/재현자료/2026-09-21_공식예제진행/02_renderer검사/evidence/runs/20260921T091330Z-nvdiffrast-smoke-ca716903ca/host-selected-gpu/stdout.log,true
04_PhysX-3D/01_재현실행/재현자료/2026-09-21_공식예제진행/02_renderer검사/evidence/runs/20260921T091330Z-nvdiffrast-smoke-ca716903ca/nvcc-version/command.json,bc827c482b24928878c7bd31607aa5b1342c1d2c,8357,cee665cfb95df0ba75263849462a6e36b0869bce5d1952c89caec19867674cf8,04_PhysX-3D/재현자료/2026-09-21_공식예제진행/02_renderer검사/evidence/runs/20260921T091330Z-nvdiffrast-smoke-ca716903ca/nvcc-version/command.json,true
04_PhysX-3D/01_재현실행/재현자료/2026-09-21_공식예제진행/02_renderer검사/evidence/runs/20260921T091330Z-nvdiffrast-smoke-ca716903ca/nvcc-version/result.json,f4b8a569ddef32a85aa38a4483b0d38e3f761105,8485,20f9e0eb7c2e21d5844f4d5a56f18e9153d14236e1f02be172a3faccb085c47e,04_PhysX-3D/재현자료/2026-09-21_공식예제진행/02_renderer검사/evidence/runs/20260921T091330Z-nvdiffrast-smoke-ca716903ca/nvcc-version/result.json,true
04_PhysX-3D/01_재현실행/재현자료/2026-09-21_공식예제진행/02_renderer검사/evidence/runs/20260921T091330Z-nvdiffrast-smoke-ca716903ca/nvcc-version/stderr.log,e69de29bb2d1d6434b8b29ae775ad8c2e48c5391,0,e3b0c44298fc1c149afbf4c8996fb92427ae41e4649b934ca495991b7852b855,04_PhysX-3D/재현자료/2026-09-21_공식예제진행/02_renderer검사/evidence/runs/20260921T091330Z-nvdiffrast-smoke-ca716903ca/nvcc-version/stderr.log,true
04_PhysX-3D/01_재현실행/재현자료/2026-09-21_공식예제진행/02_renderer검사/evidence/runs/20260921T091330Z-nvdiffrast-smoke-ca716903ca/nvcc-version/stdout.log,db7fbc66cc37eaca293616d8e64e24c2511a9805,208,68f8b0a1301428031e307cf5260142a517bff25cc232a09eae2734be475d721f,04_PhysX-3D/재현자료/2026-09-21_공식예제진행/02_renderer검사/evidence/runs/20260921T091330Z-nvdiffrast-smoke-ca716903ca/nvcc-version/stdout.log,true
04_PhysX-3D/01_재현실행/재현자료/2026-09-21_공식예제진행/02_renderer검사/evidence/runs/20260921T091330Z-nvdiffrast-smoke-ca716903ca/plan.json,02f8a509c328121054e4508bb842825efcbe5a2e,9459,191697338dc2bfcad3dc2b637995f3b4a0a63c722ab61a23fc45e50e6b54c92a,04_PhysX-3D/재현자료/2026-09-21_공식예제진행/02_renderer검사/evidence/runs/20260921T091330Z-nvdiffrast-smoke-ca716903ca/plan.json,true
04_PhysX-3D/01_재현실행/재현자료/2026-09-21_공식예제진행/02_renderer검사/evidence/runs/20260921T091330Z-nvdiffrast-smoke-ca716903ca/status.json,78a3a3c63ac3d571e942f43065511335b556503d,680,16b558ee141d25ce2b9e5e418c1e39cf5c530c718e22790a467f86668851165a,04_PhysX-3D/재현자료/2026-09-21_공식예제진행/02_renderer검사/evidence/runs/20260921T091330Z-nvdiffrast-smoke-ca716903ca/status.json,true
04_PhysX-3D/01_재현실행/재현자료/2026-09-21_공식예제진행/02_renderer검사/gpu-samples.json,a47092396ce6096a53010e6593b77836dfe6b382,639707,b775f86fedac8a0a27cbb4832ab6d3f36fd644bb7d6c1657d2e86c3d46c7c144,04_PhysX-3D/재현자료/2026-09-21_공식예제진행/02_renderer검사/gpu-samples.json,true
04_PhysX-3D/01_재현실행/재현자료/2026-09-21_공식예제진행/02_renderer검사/summary.json,8926e825e625081ec71cc25b8511d03a75cc9619,3930,b6fd1282ac8c2f285468829928ec939087648bac4b930fa63d0d00c2612168f2,04_PhysX-3D/재현자료/2026-09-21_공식예제진행/02_renderer검사/summary.json,true
04_PhysX-3D/01_재현실행/재현자료/2026-09-21_공식예제진행/03_공식예제결과/.gitattributes,5a836e05c0ff9daed755f838dd4d1546d6595d5b,229,ce3bfba3ea14be11d699d0a248dc9c11cf4fcae84a9f50366c0e920f4a1f1d75,04_PhysX-3D/재현자료/2026-09-21_공식예제진행/03_공식예제결과/.gitattributes,true
04_PhysX-3D/01_재현실행/재현자료/2026-09-21_공식예제진행/03_공식예제결과/README.md,00784de2bb39c4e9d95ec17c54cc92d124fd3be1,6159,daba5f9b94819196a93c5ee0898bf61c104d160e9b77ed61df9f51ccbdac21f1,04_PhysX-3D/재현자료/2026-09-21_공식예제진행/03_공식예제결과/README.md,false
04_PhysX-3D/01_재현실행/재현자료/2026-09-21_공식예제진행/03_공식예제결과/evidence-manifest.json,07b02ae0a3e34b8a1d324f13c16e564559ad55ff,181195,bdf819ece3e9d4c32557848895a91be26ff9090acff4185a57a44f1709c5802b,04_PhysX-3D/재현자료/2026-09-21_공식예제진행/03_공식예제결과/evidence-manifest.json,true
04_PhysX-3D/01_재현실행/재현자료/2026-09-21_공식예제진행/03_공식예제결과/evidence/logs/install-plan-20260921/source-pins.json,614b11a3d5fe102fe9e95e38c22a27f8b56531f9,1777,e86de6a7a242a90af756a32d2f8745b88acd8276715d028ad17632373ba2eb92,04_PhysX-3D/재현자료/2026-09-21_공식예제진행/03_공식예제결과/evidence/logs/install-plan-20260921/source-pins.json,true
04_PhysX-3D/01_재현실행/재현자료/2026-09-21_공식예제진행/03_공식예제결과/evidence/logs/official-example-20260921/CLIP-source.json,1987a60a03cab0f1c7b6a650c2a66f2569a42d1c,176,cc6f4b0e48f6eebedbef72f7a67650ffc5e938f714031043f8c103b5b46a682c,04_PhysX-3D/재현자료/2026-09-21_공식예제진행/03_공식예제결과/evidence/logs/official-example-20260921/CLIP-source.json,true
04_PhysX-3D/01_재현실행/재현자료/2026-09-21_공식예제진행/03_공식예제결과/evidence/logs/official-example-20260921/TERMINAL_HANDOFF.md,9197b892b1b8c6ddacb9ab3ae36771d962300732,5064,47dc60227c19c6ee25fdea81ecba393f79247b7d50c26804c9252fe08e62db2c,04_PhysX-3D/재현자료/2026-09-21_공식예제진행/03_공식예제결과/evidence/logs/official-example-20260921/TERMINAL_HANDOFF.md,true
04_PhysX-3D/01_재현실행/재현자료/2026-09-21_공식예제진행/03_공식예제결과/evidence/logs/official-example-20260921/check_cpu_prerequisites.py,d82e03f5faf9f8481b140b95dbd8383f4eb14b97,1171,844261e8f93ce7ef9f1aa12bab0d15ea82ee605146fdd17c66178362c74a5975,04_PhysX-3D/재현자료/2026-09-21_공식예제진행/03_공식예제결과/evidence/logs/official-example-20260921/check_cpu_prerequisites.py,true
04_PhysX-3D/01_재현실행/재현자료/2026-09-21_공식예제진행/03_공식예제결과/evidence/logs/official-example-20260921/check_extensions.py,976eefabe301047721ddf5e58f4028aa574eba45,22647,79f84c8c0f3610964def0c87d3e50a666479e06ffda3589a6310e151b6a88d38,04_PhysX-3D/재현자료/2026-09-21_공식예제진행/03_공식예제결과/evidence/logs/official-example-20260921/check_extensions.py,true
04_PhysX-3D/01_재현실행/재현자료/2026-09-21_공식예제진행/03_공식예제결과/evidence/logs/official-example-20260921/dinov2-source.json,94020254a83581865eb8d65147da3c90505e451e,300,2db780df510dd7393bb48980aa11659b2db6c3e597811986e2b0434fa5595bbd,04_PhysX-3D/재현자료/2026-09-21_공식예제진행/03_공식예제결과/evidence/logs/official-example-20260921/dinov2-source.json,true
04_PhysX-3D/01_재현실행/재현자료/2026-09-21_공식예제진행/03_공식예제결과/evidence/logs/official-example-20260921/example-source-manifest.json,9d7f61730dffc0012068f401f04b9d7d34224485,1266,31b6c8db01f02dec9bd1185484dc8a8f15b458feea8a93cb4f9e15805a84d6b3,04_PhysX-3D/재현자료/2026-09-21_공식예제진행/03_공식예제결과/evidence/logs/official-example-20260921/example-source-manifest.json,true
04_PhysX-3D/01_재현실행/재현자료/2026-09-21_공식예제진행/03_공식예제결과/evidence/logs/official-example-20260921/extension-flashattn-20260921T122026731860Z-6761909575/result.json,5ca7d23112bcde3e4fda28ec837d818d3acb887c,13231,760511c7be7d1e4c1453b96feb3aed62432caf618a0c433316c9a76358a4f2c9,04_PhysX-3D/재현자료/2026-09-21_공식예제진행/03_공식예제결과/evidence/logs/official-example-20260921/extension-flashattn-20260921T122026731860Z-6761909575/result.json,true
04_PhysX-3D/01_재현실행/재현자료/2026-09-21_공식예제진행/03_공식예제결과/evidence/logs/official-example-20260921/extension-gaussian-20260921T091240646843Z-0f75744077/result.json,9ec416bb70f666d8bd7211cd310318aad91546bb,8574,71ba084ab4c4c692fa2f49977941cfdc24596479446ee2bef6242690854d557d,04_PhysX-3D/재현자료/2026-09-21_공식예제진행/03_공식예제결과/evidence/logs/official-example-20260921/extension-gaussian-20260921T091240646843Z-0f75744077/result.json,true
04_PhysX-3D/01_재현실행/재현자료/2026-09-21_공식예제진행/03_공식예제결과/evidence/logs/official-example-20260921/extension-kaolin-20260921T091144815712Z-21466a1bb2/result.json,185ddc7d78476b7ccc43f6d785e747c0556aeac3,9325,0f95ab0cb3aef48997ba3122d947e82e2b8471edfd8259ee5a1cc623d495dc7f,04_PhysX-3D/재현자료/2026-09-21_공식예제진행/03_공식예제결과/evidence/logs/official-example-20260921/extension-kaolin-20260921T091144815712Z-21466a1bb2/result.json,true
04_PhysX-3D/01_재현실행/재현자료/2026-09-21_공식예제진행/03_공식예제결과/evidence/logs/official-example-20260921/extension-nvdiffrast-20260921T091332288648Z-c75a685174/result.json,3330a74fad184c89239150a80142c1cc3c389c5b,7854,0e7904e1e21141e49c8ad18fcf0d123ed671ced60fe2a32aa823c15bf571d1b9,04_PhysX-3D/재현자료/2026-09-21_공식예제진행/03_공식예제결과/evidence/logs/official-example-20260921/extension-nvdiffrast-20260921T091332288648Z-c75a685174/result.json,true
04_PhysX-3D/01_재현실행/재현자료/2026-09-21_공식예제진행/03_공식예제결과/evidence/logs/official-example-20260921/fetch_sources.py,0f9f8b687c70aeae9477b15614e4647caa5cc631,3016,f19f856cf47f6758532386f74ca1a1f6fe5fef33b009b3b3d6c9c6165c688976,04_PhysX-3D/재현자료/2026-09-21_공식예제진행/03_공식예제결과/evidence/logs/official-example-20260921/fetch_sources.py,true
04_PhysX-3D/01_재현실행/재현자료/2026-09-21_공식예제진행/03_공식예제결과/evidence/logs/official-example-20260921/flash-attention-build/conda-target-path-adjustment.json,d983bd732d16893983fdbe164d9029c6d8cf297e,1311,b0e3c0c1a82597b2a45b115eb3375ff5033f385e7da3f4d6ef9c938554322ab9,04_PhysX-3D/재현자료/2026-09-21_공식예제진행/03_공식예제결과/evidence/logs/official-example-20260921/flash-attention-build/conda-target-path-adjustment.json,true
04_PhysX-3D/01_재현실행/재현자료/2026-09-21_공식예제진행/03_공식예제결과/evidence/logs/official-example-20260921/flash-attention-build/preparation.json,cbda05d1dcd87193d4070b61ae0583d1225f9453,667,7bece4537e2e54a5cc55fd824d93e5d5603a106e84ddfd6e649bba8d7fb9f012,04_PhysX-3D/재현자료/2026-09-21_공식예제진행/03_공식예제결과/evidence/logs/official-example-20260921/flash-attention-build/preparation.json,true
04_PhysX-3D/01_재현실행/재현자료/2026-09-21_공식예제진행/03_공식예제결과/evidence/logs/official-example-20260921/flash-attention-build/result.json,9a7bcb1307383dd75f58dcc457aff9c859e522b0,3648,6bfacbdd971f5fcd3c3f88b43f1ac0142e5275c7389adaeefa0a5618ffe1d020,04_PhysX-3D/재현자료/2026-09-21_공식예제진행/03_공식예제결과/evidence/logs/official-example-20260921/flash-attention-build/result.json,true
04_PhysX-3D/01_재현실행/재현자료/2026-09-21_공식예제진행/03_공식예제결과/evidence/logs/official-example-20260921/flash-attention-build/wheel-METADATA.txt,1378b2a9286a89c048e98a69484051278d4b64d2,23500,e06c67f26e0ed2da0e259965e83382fb99d7b20fa26d3d3ee559004a64e76ad8,04_PhysX-3D/재현자료/2026-09-21_공식예제진행/03_공식예제결과/evidence/logs/official-example-20260921/flash-attention-build/wheel-METADATA.txt,true
04_PhysX-3D/01_재현실행/재현자료/2026-09-21_공식예제진행/03_공식예제결과/evidence/logs/official-example-20260921/flash-attention-build/wheel-WHEEL.txt,94856657663aef513dc1fcecdf40a37eb27b1551,104,689e11bf21a435edeca489e28c6fed75ea362998520535709a1e4b439db7a5b9,04_PhysX-3D/재현자료/2026-09-21_공식예제진행/03_공식예제결과/evidence/logs/official-example-20260921/flash-attention-build/wheel-WHEEL.txt,true
04_PhysX-3D/01_재현실행/재현자료/2026-09-21_공식예제진행/03_공식예제결과/evidence/logs/official-example-20260921/flash-attention-source.json,f5d154babeb8abaeb92f1b34fefc4be236afa000,418,e0a5b9f94f640c0ca78722d588f8a3ef50203aeb066156356f13d9a201cfc874,04_PhysX-3D/재현자료/2026-09-21_공식예제진행/03_공식예제결과/evidence/logs/official-example-20260921/flash-attention-source.json,true
04_PhysX-3D/01_재현실행/재현자료/2026-09-21_공식예제진행/03_공식예제결과/evidence/logs/official-example-20260921/inspect_flash_wheel.py,272f8db59f847d4ea07f38f7e58e36a2c10d45ca,4642,19561a50bdfc21ce8fe893d32e2d895305f6a6749299c85d972f5a3fc6028149,04_PhysX-3D/재현자료/2026-09-21_공식예제진행/03_공식예제결과/evidence/logs/official-example-20260921/inspect_flash_wheel.py,true
04_PhysX-3D/01_재현실행/재현자료/2026-09-21_공식예제진행/03_공식예제결과/evidence/logs/official-example-20260921/install_verified_wheels.py,d113949b73b5a0e915a00c3afb2400568d59f87c,5168,2287d7e49970fc8e60819f8820c6c36e51a18fe867fed334ce822b5bba65f71a,04_PhysX-3D/재현자료/2026-09-21_공식예제진행/03_공식예제결과/evidence/logs/official-example-20260921/install_verified_wheels.py,true
04_PhysX-3D/01_재현실행/재현자료/2026-09-21_공식예제진행/03_공식예제결과/evidence/logs/official-example-20260921/model-download-receipt.json,ed68d161f45ba7a03db38591ebc6c3b59f87e3eb,12661,fed004d7c00d8f37544790df5fe5fb0466b9b82a385c0328dcb9fe696b9b8d44,04_PhysX-3D/재현자료/2026-09-21_공식예제진행/03_공식예제결과/evidence/logs/official-example-20260921/model-download-receipt.json,true
04_PhysX-3D/01_재현실행/재현자료/2026-09-21_공식예제진행/03_공식예제결과/evidence/logs/official-example-20260921/model-downloads/20260921T090509Z-348dfdada5/01-decoder_step0100000.json/command.json,514825aef93819f6cf32e21c519cf796db7f85bd,488,1161482a1813e94d96e6115afa97933e426a45074b229a9139d5725cc3a734c7,04_PhysX-3D/재현자료/2026-09-21_공식예제진행/03_공식예제결과/evidence/logs/official-example-20260921/model-downloads/20260921T090509Z-348dfdada5/01-decoder_step0100000.json/command.json,true
04_PhysX-3D/01_재현실행/재현자료/2026-09-21_공식예제진행/03_공식예제결과/evidence/logs/official-example-20260921/model-downloads/20260921T090509Z-348dfdada5/01-decoder_step0100000.json/result.json,b540eab75a13c30eae5e4d37566244bcf0bd5928,538,f3d81f890e3b0a0512c227e800f7ad2a1b8ef3685ebf0294d1018c2b18969537,04_PhysX-3D/재현자료/2026-09-21_공식예제진행/03_공식예제결과/evidence/logs/official-example-20260921/model-downloads/20260921T090509Z-348dfdada5/01-decoder_step0100000.json/result.json,true
04_PhysX-3D/01_재현실행/재현자료/2026-09-21_공식예제진행/03_공식예제결과/evidence/logs/official-example-20260921/model-downloads/20260921T090509Z-348dfdada5/01-decoder_step0100000.json/stderr.log,e69de29bb2d1d6434b8b29ae775ad8c2e48c5391,0,e3b0c44298fc1c149afbf4c8996fb92427ae41e4649b934ca495991b7852b855,04_PhysX-3D/재현자료/2026-09-21_공식예제진행/03_공식예제결과/evidence/logs/official-example-20260921/model-downloads/20260921T090509Z-348dfdada5/01-decoder_step0100000.json/stderr.log,true
04_PhysX-3D/01_재현실행/재현자료/2026-09-21_공식예제진행/03_공식예제결과/evidence/logs/official-example-20260921/model-downloads/20260921T090509Z-348dfdada5/01-decoder_step0100000.json/stdout.log,e9308ccd0859456000a339b894b9dc1f69ffafb5,489,9ecf002ce24929bc647564539680748cdf73e0ba289bf5449684e5aba6bb8066,04_PhysX-3D/재현자료/2026-09-21_공식예제진행/03_공식예제결과/evidence/logs/official-example-20260921/model-downloads/20260921T090509Z-348dfdada5/01-decoder_step0100000.json/stdout.log,true
04_PhysX-3D/01_재현실행/재현자료/2026-09-21_공식예제진행/03_공식예제결과/evidence/logs/official-example-20260921/model-downloads/20260921T090509Z-348dfdada5/02-decoder_step0100000.pt/command.json,9d50a04a2e5dc1d7eb7bd12294f708644ae9442d,484,b5c30f5c171093fe491f842397fc6c928e8d253b525b978e2f9aa448141f94a1,04_PhysX-3D/재현자료/2026-09-21_공식예제진행/03_공식예제결과/evidence/logs/official-example-20260921/model-downloads/20260921T090509Z-348dfdada5/02-decoder_step0100000.pt/command.json,true
04_PhysX-3D/01_재현실행/재현자료/2026-09-21_공식예제진행/03_공식예제결과/evidence/logs/official-example-20260921/model-downloads/20260921T090509Z-348dfdada5/02-decoder_step0100000.pt/result.json,4f5c0c19a2ff579c6501a3c2e1e002046b6f5315,543,b70454c17f1969b9c87b1422edec03b352dd7c2827852a9ab77e65b438e9d6b7,04_PhysX-3D/재현자료/2026-09-21_공식예제진행/03_공식예제결과/evidence/logs/official-example-20260921/model-downloads/20260921T090509Z-348dfdada5/02-decoder_step0100000.pt/result.json,true
04_PhysX-3D/01_재현실행/재현자료/2026-09-21_공식예제진행/03_공식예제결과/evidence/logs/official-example-20260921/model-downloads/20260921T090509Z-348dfdada5/02-decoder_step0100000.pt/stderr.log,e69de29bb2d1d6434b8b29ae775ad8c2e48c5391,0,e3b0c44298fc1c149afbf4c8996fb92427ae41e4649b934ca495991b7852b855,04_PhysX-3D/재현자료/2026-09-21_공식예제진행/03_공식예제결과/evidence/logs/official-example-20260921/model-downloads/20260921T090509Z-348dfdada5/02-decoder_step0100000.pt/stderr.log,true
04_PhysX-3D/01_재현실행/재현자료/2026-09-21_공식예제진행/03_공식예제결과/evidence/logs/official-example-20260921/model-downloads/20260921T090509Z-348dfdada5/02-decoder_step0100000.pt/stdout.log,a7a7536d84717b828d157f6cf74e7d8985ff7faa,494,f56a57091451d15cdb3a0ff3b49cee5eb255fedec37681d1de680c207e15c2b8,04_PhysX-3D/재현자료/2026-09-21_공식예제진행/03_공식예제결과/evidence/logs/official-example-20260921/model-downloads/20260921T090509Z-348dfdada5/02-decoder_step0100000.pt/stdout.log,true
04_PhysX-3D/01_재현실행/재현자료/2026-09-21_공식예제진행/03_공식예제결과/evidence/logs/official-example-20260921/model-downloads/20260921T090509Z-348dfdada5/03-denoiser_phy_step0700000.json/command.json,14ca8bd83f3cb2b3549d4afe87c646789ab1ef35,498,4de9427f87f10300a5f7bf770c6c67acbf14a94096e9e009ec182c271d38b975,04_PhysX-3D/재현자료/2026-09-21_공식예제진행/03_공식예제결과/evidence/logs/official-example-20260921/model-downloads/20260921T090509Z-348dfdada5/03-denoiser_phy_step0700000.json/command.json,true
04_PhysX-3D/01_재현실행/재현자료/2026-09-21_공식예제진행/03_공식예제결과/evidence/logs/official-example-20260921/model-downloads/20260921T090509Z-348dfdada5/03-denoiser_phy_step0700000.json/result.json,216ff45c2bcc75b9be5c710d886b1ca5988994de,543,7e8290b8280557aaafbf7490aecfe03f2d04e878bd46bdaa8c40436cea4d113a,04_PhysX-3D/재현자료/2026-09-21_공식예제진행/03_공식예제결과/evidence/logs/official-example-20260921/model-downloads/20260921T090509Z-348dfdada5/03-denoiser_phy_step0700000.json/result.json,true
04_PhysX-3D/01_재현실행/재현자료/2026-09-21_공식예제진행/03_공식예제결과/evidence/logs/official-example-20260921/model-downloads/20260921T090509Z-348dfdada5/03-denoiser_phy_step0700000.json/stderr.log,e69de29bb2d1d6434b8b29ae775ad8c2e48c5391,0,e3b0c44298fc1c149afbf4c8996fb92427ae41e4649b934ca495991b7852b855,04_PhysX-3D/재현자료/2026-09-21_공식예제진행/03_공식예제결과/evidence/logs/official-example-20260921/model-downloads/20260921T090509Z-348dfdada5/03-denoiser_phy_step0700000.json/stderr.log,true
04_PhysX-3D/01_재현실행/재현자료/2026-09-21_공식예제진행/03_공식예제결과/evidence/logs/official-example-20260921/model-downloads/20260921T090509Z-348dfdada5/03-denoiser_phy_step0700000.json/stdout.log,2a620d0364aab9ee3887645c479af18d020045f3,494,22285101e3098d731f3eed20e6b68d4d33cd827b3eef94708e91bd61b5901c7e,04_PhysX-3D/재현자료/2026-09-21_공식예제진행/03_공식예제결과/evidence/logs/official-example-20260921/model-downloads/20260921T090509Z-348dfdada5/03-denoiser_phy_step0700000.json/stdout.log,true
04_PhysX-3D/01_재현실행/재현자료/2026-09-21_공식예제진행/03_공식예제결과/evidence/logs/official-example-20260921/model-downloads/20260921T090509Z-348dfdada5/04-denoiser_phy_step0700000.pt/command.json,b05bc29fd7c6c8ed7db81240433053399dc86c05,494,b7c656235eb0372bbbc1f90d2966ba62343e65daee115c157e5ec4875fbf0605,04_PhysX-3D/재현자료/2026-09-21_공식예제진행/03_공식예제결과/evidence/logs/official-example-20260921/model-downloads/20260921T090509Z-348dfdada5/04-denoiser_phy_step0700000.pt/command.json,true
04_PhysX-3D/01_재현실행/재현자료/2026-09-21_공식예제진행/03_공식예제결과/evidence/logs/official-example-20260921/model-downloads/20260921T090509Z-348dfdada5/04-denoiser_phy_step0700000.pt/result.json,d61224dee15a3de71491ec1eaf8f41c8f5882d7c,548,9575ab499a11c6f41d54b92441bd6f51a5cea677a7dbe0360f0257c7ebe12837,04_PhysX-3D/재현자료/2026-09-21_공식예제진행/03_공식예제결과/evidence/logs/official-example-20260921/model-downloads/20260921T090509Z-348dfdada5/04-denoiser_phy_step0700000.pt/result.json,true
04_PhysX-3D/01_재현실행/재현자료/2026-09-21_공식예제진행/03_공식예제결과/evidence/logs/official-example-20260921/model-downloads/20260921T090509Z-348dfdada5/04-denoiser_phy_step0700000.pt/stderr.log,e69de29bb2d1d6434b8b29ae775ad8c2e48c5391,0,e3b0c44298fc1c149afbf4c8996fb92427ae41e4649b934ca495991b7852b855,04_PhysX-3D/재현자료/2026-09-21_공식예제진행/03_공식예제결과/evidence/logs/official-example-20260921/model-downloads/20260921T090509Z-348dfdada5/04-denoiser_phy_step0700000.pt/stderr.log,true
04_PhysX-3D/01_재현실행/재현자료/2026-09-21_공식예제진행/03_공식예제결과/evidence/logs/official-example-20260921/model-downloads/20260921T090509Z-348dfdada5/04-denoiser_phy_step0700000.pt/stdout.log,81033fcf99fd8d8c312c13cf6cfd36d31612514e,499,3dad9256ff9df920073f5d634576b162ace448ec8618f93176c570d5dcbd287c,04_PhysX-3D/재현자료/2026-09-21_공식예제진행/03_공식예제결과/evidence/logs/official-example-20260921/model-downloads/20260921T090509Z-348dfdada5/04-denoiser_phy_step0700000.pt/stdout.log,true
04_PhysX-3D/01_재현실행/재현자료/2026-09-21_공식예제진행/03_공식예제결과/evidence/logs/official-example-20260921/model-downloads/20260921T090509Z-348dfdada5/05-denoiser_step0700000.json/command.json,b49896969b3872d15b4901a00ccc13e7b6e87ee5,490,db048dd5f541a1b79af20b0cc39108f7325553efd09ccf26fc253ef8b6dc7862,04_PhysX-3D/재현자료/2026-09-21_공식예제진행/03_공식예제결과/evidence/logs/official-example-20260921/model-downloads/20260921T090509Z-348dfdada5/05-denoiser_step0700000.json/command.json,true
04_PhysX-3D/01_재현실행/재현자료/2026-09-21_공식예제진행/03_공식예제결과/evidence/logs/official-example-20260921/model-downloads/20260921T090509Z-348dfdada5/05-denoiser_step0700000.json/result.json,3bf2e451fb594185208f0a74f77785ccd5765749,539,d2bf392d1aebaa8337733899363a7a1ebcc98da59a86993e018687e94351395a,04_PhysX-3D/재현자료/2026-09-21_공식예제진행/03_공식예제결과/evidence/logs/official-example-20260921/model-downloads/20260921T090509Z-348dfdada5/05-denoiser_step0700000.json/result.json,true
04_PhysX-3D/01_재현실행/재현자료/2026-09-21_공식예제진행/03_공식예제결과/evidence/logs/official-example-20260921/model-downloads/20260921T090509Z-348dfdada5/05-denoiser_step0700000.json/stderr.log,e69de29bb2d1d6434b8b29ae775ad8c2e48c5391,0,e3b0c44298fc1c149afbf4c8996fb92427ae41e4649b934ca495991b7852b855,04_PhysX-3D/재현자료/2026-09-21_공식예제진행/03_공식예제결과/evidence/logs/official-example-20260921/model-downloads/20260921T090509Z-348dfdada5/05-denoiser_step0700000.json/stderr.log,true
04_PhysX-3D/01_재현실행/재현자료/2026-09-21_공식예제진행/03_공식예제결과/evidence/logs/official-example-20260921/model-downloads/20260921T090509Z-348dfdada5/05-denoiser_step0700000.json/stdout.log,2d57e7bd066a6b4804fb8ac8c0344fa94d5b2a1b,490,c83d372d6e4f6c173106f819b7ee240d4364daee21ae4d89df741d27cde8ad36,04_PhysX-3D/재현자료/2026-09-21_공식예제진행/03_공식예제결과/evidence/logs/official-example-20260921/model-downloads/20260921T090509Z-348dfdada5/05-denoiser_step0700000.json/stdout.log,true
04_PhysX-3D/01_재현실행/재현자료/2026-09-21_공식예제진행/03_공식예제결과/evidence/logs/official-example-20260921/model-downloads/20260921T090509Z-348dfdada5/06-denoiser_step0700000.pt/command.json,66e502fd83a800824b6aee0dbcc5aa28de65910f,486,2fe6f8a8cc8967b192074afa78cbdcd14f9c14bf23afd5013dc5aff7f3e541c2,04_PhysX-3D/재현자료/2026-09-21_공식예제진행/03_공식예제결과/evidence/logs/official-example-20260921/model-downloads/20260921T090509Z-348dfdada5/06-denoiser_step0700000.pt/command.json,true
04_PhysX-3D/01_재현실행/재현자료/2026-09-21_공식예제진행/03_공식예제결과/evidence/logs/official-example-20260921/model-downloads/20260921T090509Z-348dfdada5/06-denoiser_step0700000.pt/result.json,d5adc2f0087b3a1145d46c30a7864c65095e97a3,544,72ce28a4752575061e1d6222a3b8248cf5c379ebcd34e7fd9ab38e08fe218a18,04_PhysX-3D/재현자료/2026-09-21_공식예제진행/03_공식예제결과/evidence/logs/official-example-20260921/model-downloads/20260921T090509Z-348dfdada5/06-denoiser_step0700000.pt/result.json,true
04_PhysX-3D/01_재현실행/재현자료/2026-09-21_공식예제진행/03_공식예제결과/evidence/logs/official-example-20260921/model-downloads/20260921T090509Z-348dfdada5/06-denoiser_step0700000.pt/stderr.log,e69de29bb2d1d6434b8b29ae775ad8c2e48c5391,0,e3b0c44298fc1c149afbf4c8996fb92427ae41e4649b934ca495991b7852b855,04_PhysX-3D/재현자료/2026-09-21_공식예제진행/03_공식예제결과/evidence/logs/official-example-20260921/model-downloads/20260921T090509Z-348dfdada5/06-denoiser_step0700000.pt/stderr.log,true
04_PhysX-3D/01_재현실행/재현자료/2026-09-21_공식예제진행/03_공식예제결과/evidence/logs/official-example-20260921/model-downloads/20260921T090509Z-348dfdada5/06-denoiser_step0700000.pt/stdout.log,d51a98d138a3cfe30b316ed41c72c8f8a1220963,495,a89c6d14f1b21679dd8d013917e30fdd473c6e518ba4c6c1e2c1843295e85665,04_PhysX-3D/재현자료/2026-09-21_공식예제진행/03_공식예제결과/evidence/logs/official-example-20260921/model-downloads/20260921T090509Z-348dfdada5/06-denoiser_step0700000.pt/stdout.log,true
04_PhysX-3D/01_재현실행/재현자료/2026-09-21_공식예제진행/03_공식예제결과/evidence/logs/official-example-20260921/model-downloads/20260921T090509Z-348dfdada5/07-property_decoder_step0100000.json/command.json,ac8867692de122b0ee56162e5a755be77edd9646,506,b5dfeceb4eaa1d3b2f7520a7ee3d855d36452da029e0c713df6f18f84f01aa83,04_PhysX-3D/재현자료/2026-09-21_공식예제진행/03_공식예제결과/evidence/logs/official-example-20260921/model-downloads/20260921T090509Z-348dfdada5/07-property_decoder_step0100000.json/command.json,true
04_PhysX-3D/01_재현실행/재현자료/2026-09-21_공식예제진행/03_공식예제결과/evidence/logs/official-example-20260921/model-downloads/20260921T090509Z-348dfdada5/07-property_decoder_step0100000.json/result.json,3ef7a40e7683800c9925b8ef606cdee1c936ade3,547,f9dddd836f77aef75c8f2bf7f864b4b5b87a59fcd48ed1df37c0e27fb1947eb5,04_PhysX-3D/재현자료/2026-09-21_공식예제진행/03_공식예제결과/evidence/logs/official-example-20260921/model-downloads/20260921T090509Z-348dfdada5/07-property_decoder_step0100000.json/result.json,true
04_PhysX-3D/01_재현실행/재현자료/2026-09-21_공식예제진행/03_공식예제결과/evidence/logs/official-example-20260921/model-downloads/20260921T090509Z-348dfdada5/07-property_decoder_step0100000.json/stderr.log,e69de29bb2d1d6434b8b29ae775ad8c2e48c5391,0,e3b0c44298fc1c149afbf4c8996fb92427ae41e4649b934ca495991b7852b855,04_PhysX-3D/재현자료/2026-09-21_공식예제진행/03_공식예제결과/evidence/logs/official-example-20260921/model-downloads/20260921T090509Z-348dfdada5/07-property_decoder_step0100000.json/stderr.log,true
04_PhysX-3D/01_재현실행/재현자료/2026-09-21_공식예제진행/03_공식예제결과/evidence/logs/official-example-20260921/model-downloads/20260921T090509Z-348dfdada5/07-property_decoder_step0100000.json/stdout.log,fe7f88ecb4f2946892e9dca5d249606099a7b2f5,498,a8796689d6cc7723bbfa64b9a743399828579bf19e6cb579a8c3cce4aa915864,04_PhysX-3D/재현자료/2026-09-21_공식예제진행/03_공식예제결과/evidence/logs/official-example-20260921/model-downloads/20260921T090509Z-348dfdada5/07-property_decoder_step0100000.json/stdout.log,true
04_PhysX-3D/01_재현실행/재현자료/2026-09-21_공식예제진행/03_공식예제결과/evidence/logs/official-example-20260921/model-downloads/20260921T090509Z-348dfdada5/08-property_decoder_step0100000.pt/command.json,319146ed9ba0fc677d94a246e8a74d7b10045e75,502,5dd4e6b08306d7dc721eb6c0a4f648cb0801ca96a5b8d0c71779006fe56ba8ab,04_PhysX-3D/재현자료/2026-09-21_공식예제진행/03_공식예제결과/evidence/logs/official-example-20260921/model-downloads/20260921T090509Z-348dfdada5/08-property_decoder_step0100000.pt/command.json,true
04_PhysX-3D/01_재현실행/재현자료/2026-09-21_공식예제진행/03_공식예제결과/evidence/logs/official-example-20260921/model-downloads/20260921T090509Z-348dfdada5/08-property_decoder_step0100000.pt/result.json,2e7957ab52ec2dc5951d85ae70e8665d32c80c63,552,00f09d6e856e7c9e6efbb030782f2b3f6d20443444512eba872d205f8b492873,04_PhysX-3D/재현자료/2026-09-21_공식예제진행/03_공식예제결과/evidence/logs/official-example-20260921/model-downloads/20260921T090509Z-348dfdada5/08-property_decoder_step0100000.pt/result.json,true
04_PhysX-3D/01_재현실행/재현자료/2026-09-21_공식예제진행/03_공식예제결과/evidence/logs/official-example-20260921/model-downloads/20260921T090509Z-348dfdada5/08-property_decoder_step0100000.pt/stderr.log,e69de29bb2d1d6434b8b29ae775ad8c2e48c5391,0,e3b0c44298fc1c149afbf4c8996fb92427ae41e4649b934ca495991b7852b855,04_PhysX-3D/재현자료/2026-09-21_공식예제진행/03_공식예제결과/evidence/logs/official-example-20260921/model-downloads/20260921T090509Z-348dfdada5/08-property_decoder_step0100000.pt/stderr.log,true
04_PhysX-3D/01_재현실행/재현자료/2026-09-21_공식예제진행/03_공식예제결과/evidence/logs/official-example-20260921/model-downloads/20260921T090509Z-348dfdada5/08-property_decoder_step0100000.pt/stdout.log,17f35b04229757a990ed983cab2242341c2e6f14,503,554a36c014ced5a2c4d6ab667c4ea40d3b1daa39006967b3e69e5163635a4a74,04_PhysX-3D/재현자료/2026-09-21_공식예제진행/03_공식예제결과/evidence/logs/official-example-20260921/model-downloads/20260921T090509Z-348dfdada5/08-property_decoder_step0100000.pt/stdout.log,true
04_PhysX-3D/01_재현실행/재현자료/2026-09-21_공식예제진행/03_공식예제결과/evidence/logs/official-example-20260921/model-downloads/20260921T090509Z-348dfdada5/09-property_output_step0100000.json/command.json,29ec7169a172338f3391937b91c7601c701b29fb,504,cc58ec0dedb42f56ac4621c7e4a6fc2f9fe0ec95d3cd7429afce38fe419bba7c,04_PhysX-3D/재현자료/2026-09-21_공식예제진행/03_공식예제결과/evidence/logs/official-example-20260921/model-downloads/20260921T090509Z-348dfdada5/09-property_output_step0100000.json/command.json,true
04_PhysX-3D/01_재현실행/재현자료/2026-09-21_공식예제진행/03_공식예제결과/evidence/logs/official-example-20260921/model-downloads/20260921T090509Z-348dfdada5/09-property_output_step0100000.json/result.json,17b16fa0aad1ca982887765ebfac7c0086902b8b,546,62bcfe9fd186827c27be3a245e16b17daa1b7e009dfd7f0bc8c172ffd174dfba,04_PhysX-3D/재현자료/2026-09-21_공식예제진행/03_공식예제결과/evidence/logs/official-example-20260921/model-downloads/20260921T090509Z-348dfdada5/09-property_output_step0100000.json/result.json,true
04_PhysX-3D/01_재현실행/재현자료/2026-09-21_공식예제진행/03_공식예제결과/evidence/logs/official-example-20260921/model-downloads/20260921T090509Z-348dfdada5/09-property_output_step0100000.json/stderr.log,e69de29bb2d1d6434b8b29ae775ad8c2e48c5391,0,e3b0c44298fc1c149afbf4c8996fb92427ae41e4649b934ca495991b7852b855,04_PhysX-3D/재현자료/2026-09-21_공식예제진행/03_공식예제결과/evidence/logs/official-example-20260921/model-downloads/20260921T090509Z-348dfdada5/09-property_output_step0100000.json/stderr.log,true
04_PhysX-3D/01_재현실행/재현자료/2026-09-21_공식예제진행/03_공식예제결과/evidence/logs/official-example-20260921/model-downloads/20260921T090509Z-348dfdada5/09-property_output_step0100000.json/stdout.log,fc765e5252b3a464a9f8bad8f9b03635338883aa,497,b56403cf79dc5409bfa562f9cd5d80e6c5730fcd05735c2e9c6c3b1ce0c48040,04_PhysX-3D/재현자료/2026-09-21_공식예제진행/03_공식예제결과/evidence/logs/official-example-20260921/model-downloads/20260921T090509Z-348dfdada5/09-property_output_step0100000.json/stdout.log,true
04_PhysX-3D/01_재현실행/재현자료/2026-09-21_공식예제진행/03_공식예제결과/evidence/logs/official-example-20260921/model-downloads/20260921T090509Z-348dfdada5/10-property_output_step0100000.pt/command.json,a43b66e418272c8b65931acaa5c9f941dc8b8347,500,ca4d04b53422582f4c9a9634ee361d3d8400a80f3df70bee96a279337d4b633a,04_PhysX-3D/재현자료/2026-09-21_공식예제진행/03_공식예제결과/evidence/logs/official-example-20260921/model-downloads/20260921T090509Z-348dfdada5/10-property_output_step0100000.pt/command.json,true
04_PhysX-3D/01_재현실행/재현자료/2026-09-21_공식예제진행/03_공식예제결과/evidence/logs/official-example-20260921/model-downloads/20260921T090509Z-348dfdada5/10-property_output_step0100000.pt/result.json,5056d031c81e3e61b725b714f096fa09e2ab5043,551,7ae635666a89e43343153ef30959ea0b3f57f12cdde5cda68065a551d3741c20,04_PhysX-3D/재현자료/2026-09-21_공식예제진행/03_공식예제결과/evidence/logs/official-example-20260921/model-downloads/20260921T090509Z-348dfdada5/10-property_output_step0100000.pt/result.json,true
04_PhysX-3D/01_재현실행/재현자료/2026-09-21_공식예제진행/03_공식예제결과/evidence/logs/official-example-20260921/model-downloads/20260921T090509Z-348dfdada5/10-property_output_step0100000.pt/stderr.log,e69de29bb2d1d6434b8b29ae775ad8c2e48c5391,0,e3b0c44298fc1c149afbf4c8996fb92427ae41e4649b934ca495991b7852b855,04_PhysX-3D/재현자료/2026-09-21_공식예제진행/03_공식예제결과/evidence/logs/official-example-20260921/model-downloads/20260921T090509Z-348dfdada5/10-property_output_step0100000.pt/stderr.log,true
04_PhysX-3D/01_재현실행/재현자료/2026-09-21_공식예제진행/03_공식예제결과/evidence/logs/official-example-20260921/model-downloads/20260921T090509Z-348dfdada5/10-property_output_step0100000.pt/stdout.log,b288ac196fa40e0cc6efb0afe99068aab70f4156,502,9be46c176c286188c04b554185c52920b6e8b5a3c24d859e9e902530658d26a2,04_PhysX-3D/재현자료/2026-09-21_공식예제진행/03_공식예제결과/evidence/logs/official-example-20260921/model-downloads/20260921T090509Z-348dfdada5/10-property_output_step0100000.pt/stdout.log,true
04_PhysX-3D/01_재현실행/재현자료/2026-09-21_공식예제진행/03_공식예제결과/evidence/logs/official-example-20260921/model-downloads/20260921T090509Z-348dfdada5/11-pipeline.json/command.json,0582cadf714aee9f602a8a40eef6794bc506fbff,446,665b9c59ec5f0bf5d4c660086b641b47c83d3e680a59d18d63de30a8a97f54a3,04_PhysX-3D/재현자료/2026-09-21_공식예제진행/03_공식예제결과/evidence/logs/official-example-20260921/model-downloads/20260921T090509Z-348dfdada5/11-pipeline.json/command.json,true
04_PhysX-3D/01_재현실행/재현자료/2026-09-21_공식예제진행/03_공식예제결과/evidence/logs/official-example-20260921/model-downloads/20260921T090509Z-348dfdada5/11-pipeline.json/result.json,09f2a8d97cc0145ff7a16f750408f2735ab0b80a,518,75a2325f716243f750cbf0e062e8932e19a0f82f6f82ab2e02b1bea4fe53cddd,04_PhysX-3D/재현자료/2026-09-21_공식예제진행/03_공식예제결과/evidence/logs/official-example-20260921/model-downloads/20260921T090509Z-348dfdada5/11-pipeline.json/result.json,true
04_PhysX-3D/01_재현실행/재현자료/2026-09-21_공식예제진행/03_공식예제결과/evidence/logs/official-example-20260921/model-downloads/20260921T090509Z-348dfdada5/11-pipeline.json/stderr.log,e69de29bb2d1d6434b8b29ae775ad8c2e48c5391,0,e3b0c44298fc1c149afbf4c8996fb92427ae41e4649b934ca495991b7852b855,04_PhysX-3D/재현자료/2026-09-21_공식예제진행/03_공식예제결과/evidence/logs/official-example-20260921/model-downloads/20260921T090509Z-348dfdada5/11-pipeline.json/stderr.log,true
04_PhysX-3D/01_재현실행/재현자료/2026-09-21_공식예제진행/03_공식예제결과/evidence/logs/official-example-20260921/model-downloads/20260921T090509Z-348dfdada5/11-pipeline.json/stdout.log,f1d7e7a8735b9022c660e612be0d0c8e5f39896f,469,20f5db515b8b535ae9ae412169b52b268a5582ed68ce687d1c09e80893f639c6,04_PhysX-3D/재현자료/2026-09-21_공식예제진행/03_공식예제결과/evidence/logs/official-example-20260921/model-downloads/20260921T090509Z-348dfdada5/11-pipeline.json/stdout.log,true
04_PhysX-3D/01_재현실행/재현자료/2026-09-21_공식예제진행/03_공식예제결과/evidence/logs/official-example-20260921/model-downloads/20260921T090509Z-348dfdada5/12-slat_dec_gs_swin8_B_64l8gs32_fp16.json/command.json,45e92604537a35c5c53ff1498d8d96816d3b4791,511,975040516d4303b8c9e2882293db2799385bf4f37eb73a5adf578ddd4219c318,04_PhysX-3D/재현자료/2026-09-21_공식예제진행/03_공식예제결과/evidence/logs/official-example-20260921/model-downloads/20260921T090509Z-348dfdada5/12-slat_dec_gs_swin8_B_64l8gs32_fp16.json/command.json,true
04_PhysX-3D/01_재현실행/재현자료/2026-09-21_공식예제진행/03_공식예제결과/evidence/logs/official-example-20260921/model-downloads/20260921T090509Z-348dfdada5/12-slat_dec_gs_swin8_B_64l8gs32_fp16.json/result.json,4e59887097795c4be602fb3d061a8ea9eac4c1e3,546,19831c1a8e20f4749502e85db17bcbe554db00adfdec34dba4d42cbec331a545,04_PhysX-3D/재현자료/2026-09-21_공식예제진행/03_공식예제결과/evidence/logs/official-example-20260921/model-downloads/20260921T090509Z-348dfdada5/12-slat_dec_gs_swin8_B_64l8gs32_fp16.json/result.json,true
04_PhysX-3D/01_재현실행/재현자료/2026-09-21_공식예제진행/03_공식예제결과/evidence/logs/official-example-20260921/model-downloads/20260921T090509Z-348dfdada5/12-slat_dec_gs_swin8_B_64l8gs32_fp16.json/stderr.log,e69de29bb2d1d6434b8b29ae775ad8c2e48c5391,0,e3b0c44298fc1c149afbf4c8996fb92427ae41e4649b934ca495991b7852b855,04_PhysX-3D/재현자료/2026-09-21_공식예제진행/03_공식예제결과/evidence/logs/official-example-20260921/model-downloads/20260921T090509Z-348dfdada5/12-slat_dec_gs_swin8_B_64l8gs32_fp16.json/stderr.log,true
04_PhysX-3D/01_재현실행/재현자료/2026-09-21_공식예제진행/03_공식예제결과/evidence/logs/official-example-20260921/model-downloads/20260921T090509Z-348dfdada5/12-slat_dec_gs_swin8_B_64l8gs32_fp16.json/stdout.log,2e80723a6aa83cb76b8393e534eae954579ce774,497,68b2daf748c259e05b7d3c2b21e0686e9888fa805ce8bc47ed7c3e7846c15db4,04_PhysX-3D/재현자료/2026-09-21_공식예제진행/03_공식예제결과/evidence/logs/official-example-20260921/model-downloads/20260921T090509Z-348dfdada5/12-slat_dec_gs_swin8_B_64l8gs32_fp16.json/stdout.log,true
04_PhysX-3D/01_재현실행/재현자료/2026-09-21_공식예제진행/03_공식예제결과/evidence/logs/official-example-20260921/model-downloads/20260921T090509Z-348dfdada5/13-slat_dec_gs_swin8_B_64l8gs32_fp16.safetensors/command.json,7d26b0d2e91591184fab07e85d3a3610938c5845,525,4ad9dd8cd0ed49a07ca6b87c272cf2f18def6e6ae4bb1ef94dc3f01c01745222,04_PhysX-3D/재현자료/2026-09-21_공식예제진행/03_공식예제결과/evidence/logs/official-example-20260921/model-downloads/20260921T090509Z-348dfdada5/13-slat_dec_gs_swin8_B_64l8gs32_fp16.safetensors/command.json,true
04_PhysX-3D/01_재현실행/재현자료/2026-09-21_공식예제진행/03_공식예제결과/evidence/logs/official-example-20260921/model-downloads/20260921T090509Z-348dfdada5/13-slat_dec_gs_swin8_B_64l8gs32_fp16.safetensors/result.json,6372729968a86f0fef336d5a5e8ea2b0ca887116,559,a992bfa6e7c91623b29eefb8c5d83421299111907c0d63be7634e45f04f8b147,04_PhysX-3D/재현자료/2026-09-21_공식예제진행/03_공식예제결과/evidence/logs/official-example-20260921/model-downloads/20260921T090509Z-348dfdada5/13-slat_dec_gs_swin8_B_64l8gs32_fp16.safetensors/result.json,true
04_PhysX-3D/01_재현실행/재현자료/2026-09-21_공식예제진행/03_공식예제결과/evidence/logs/official-example-20260921/model-downloads/20260921T090509Z-348dfdada5/13-slat_dec_gs_swin8_B_64l8gs32_fp16.safetensors/stderr.log,e69de29bb2d1d6434b8b29ae775ad8c2e48c5391,0,e3b0c44298fc1c149afbf4c8996fb92427ae41e4649b934ca495991b7852b855,04_PhysX-3D/재현자료/2026-09-21_공식예제진행/03_공식예제결과/evidence/logs/official-example-20260921/model-downloads/20260921T090509Z-348dfdada5/13-slat_dec_gs_swin8_B_64l8gs32_fp16.safetensors/stderr.log,true
04_PhysX-3D/01_재현실행/재현자료/2026-09-21_공식예제진행/03_공식예제결과/evidence/logs/official-example-20260921/model-downloads/20260921T090509Z-348dfdada5/13-slat_dec_gs_swin8_B_64l8gs32_fp16.safetensors/stdout.log,3f349efff0cd5cd6cfd3e5fa6cff7611b8898c2c,510,72d9f877168e2631e0e7ff016f3de5126cfd6fa69045ee0ee92b97474a449388,04_PhysX-3D/재현자료/2026-09-21_공식예제진행/03_공식예제결과/evidence/logs/official-example-20260921/model-downloads/20260921T090509Z-348dfdada5/13-slat_dec_gs_swin8_B_64l8gs32_fp16.safetensors/stdout.log,true
04_PhysX-3D/01_재현실행/재현자료/2026-09-21_공식예제진행/03_공식예제결과/evidence/logs/official-example-20260921/model-downloads/20260921T090509Z-348dfdada5/14-slat_dec_rf_swin8_B_64l8r16_fp16.json/command.json,a4c43cdbf1e84c397d77d00cda3811b63d2a6543,509,d79d17704948edc2d73c0acf2cfe1fc44ce9896ecdf1a5b53e4a08ec06d4df3f,04_PhysX-3D/재현자료/2026-09-21_공식예제진행/03_공식예제결과/evidence/logs/official-example-20260921/model-downloads/20260921T090509Z-348dfdada5/14-slat_dec_rf_swin8_B_64l8r16_fp16.json/command.json,true
04_PhysX-3D/01_재현실행/재현자료/2026-09-21_공식예제진행/03_공식예제결과/evidence/logs/official-example-20260921/model-downloads/20260921T090509Z-348dfdada5/14-slat_dec_rf_swin8_B_64l8r16_fp16.json/result.json,7d7edbd66cfc1c25b8ac3bedbf0a5b37bd9d7bb8,545,0036267fe30e3a50972c4e320d2c390c3ce8f1b9a16fb995d91db93913203933,04_PhysX-3D/재현자료/2026-09-21_공식예제진행/03_공식예제결과/evidence/logs/official-example-20260921/model-downloads/20260921T090509Z-348dfdada5/14-slat_dec_rf_swin8_B_64l8r16_fp16.json/result.json,true
04_PhysX-3D/01_재현실행/재현자료/2026-09-21_공식예제진행/03_공식예제결과/evidence/logs/official-example-20260921/model-downloads/20260921T090509Z-348dfdada5/14-slat_dec_rf_swin8_B_64l8r16_fp16.json/stderr.log,e69de29bb2d1d6434b8b29ae775ad8c2e48c5391,0,e3b0c44298fc1c149afbf4c8996fb92427ae41e4649b934ca495991b7852b855,04_PhysX-3D/재현자료/2026-09-21_공식예제진행/03_공식예제결과/evidence/logs/official-example-20260921/model-downloads/20260921T090509Z-348dfdada5/14-slat_dec_rf_swin8_B_64l8r16_fp16.json/stderr.log,true
04_PhysX-3D/01_재현실행/재현자료/2026-09-21_공식예제진행/03_공식예제결과/evidence/logs/official-example-20260921/model-downloads/20260921T090509Z-348dfdada5/14-slat_dec_rf_swin8_B_64l8r16_fp16.json/stdout.log,85f371423985c21f3f90a4d208fbe0e9dd97a464,496,e0dbeec6ebc6bf38f74e5b39c9147a1ace6d665915c310c072681d6f5abd0896,04_PhysX-3D/재현자료/2026-09-21_공식예제진행/03_공식예제결과/evidence/logs/official-example-20260921/model-downloads/20260921T090509Z-348dfdada5/14-slat_dec_rf_swin8_B_64l8r16_fp16.json/stdout.log,true
04_PhysX-3D/01_재현실행/재현자료/2026-09-21_공식예제진행/03_공식예제결과/evidence/logs/official-example-20260921/model-downloads/20260921T090509Z-348dfdada5/15-slat_dec_rf_swin8_B_64l8r16_fp16.safetensors/command.json,5e5e59c73a72fb5d9bb7e6f2d1c2b5dd97c18d1b,523,2c38dc311aa9e83f5b6ee6e45021fa6e3cdcd02365a4ad0e7491e0c1c0bc6a62,04_PhysX-3D/재현자료/2026-09-21_공식예제진행/03_공식예제결과/evidence/logs/official-example-20260921/model-downloads/20260921T090509Z-348dfdada5/15-slat_dec_rf_swin8_B_64l8r16_fp16.safetensors/command.json,true
04_PhysX-3D/01_재현실행/재현자료/2026-09-21_공식예제진행/03_공식예제결과/evidence/logs/official-example-20260921/model-downloads/20260921T090509Z-348dfdada5/15-slat_dec_rf_swin8_B_64l8r16_fp16.safetensors/result.json,4ceede54e518412daad3b22d6c471be7f1e2b099,558,8789d24f75b1085448cb1d802a01c1bdeadb2e62378eb7f5fe05865b39e1d0df,04_PhysX-3D/재현자료/2026-09-21_공식예제진행/03_공식예제결과/evidence/logs/official-example-20260921/model-downloads/20260921T090509Z-348dfdada5/15-slat_dec_rf_swin8_B_64l8r16_fp16.safetensors/result.json,true
04_PhysX-3D/01_재현실행/재현자료/2026-09-21_공식예제진행/03_공식예제결과/evidence/logs/official-example-20260921/model-downloads/20260921T090509Z-348dfdada5/15-slat_dec_rf_swin8_B_64l8r16_fp16.safetensors/stderr.log,e69de29bb2d1d6434b8b29ae775ad8c2e48c5391,0,e3b0c44298fc1c149afbf4c8996fb92427ae41e4649b934ca495991b7852b855,04_PhysX-3D/재현자료/2026-09-21_공식예제진행/03_공식예제결과/evidence/logs/official-example-20260921/model-downloads/20260921T090509Z-348dfdada5/15-slat_dec_rf_swin8_B_64l8r16_fp16.safetensors/stderr.log,true
04_PhysX-3D/01_재현실행/재현자료/2026-09-21_공식예제진행/03_공식예제결과/evidence/logs/official-example-20260921/model-downloads/20260921T090509Z-348dfdada5/15-slat_dec_rf_swin8_B_64l8r16_fp16.safetensors/stdout.log,b33dbe056afad9fddebe2e35a8b55eba851fbf71,509,3248c4f2b1466dcb243f95e6d5e8fae6303fbe821d2fd9736f85be02445dbf06,04_PhysX-3D/재현자료/2026-09-21_공식예제진행/03_공식예제결과/evidence/logs/official-example-20260921/model-downloads/20260921T090509Z-348dfdada5/15-slat_dec_rf_swin8_B_64l8r16_fp16.safetensors/stdout.log,true
04_PhysX-3D/01_재현실행/재현자료/2026-09-21_공식예제진행/03_공식예제결과/evidence/logs/official-example-20260921/model-downloads/20260921T090509Z-348dfdada5/16-ss_dec_conv3d_16l8_fp16.json/command.json,26e32697405e8ee8825af5cdc52fdb6df94741f1,491,fca477c0cead324ebfd1252eea75e0efaf4a3ddbed8a6f4de7d9147a468177f1,04_PhysX-3D/재현자료/2026-09-21_공식예제진행/03_공식예제결과/evidence/logs/official-example-20260921/model-downloads/20260921T090509Z-348dfdada5/16-ss_dec_conv3d_16l8_fp16.json/command.json,true
04_PhysX-3D/01_재현실행/재현자료/2026-09-21_공식예제진행/03_공식예제결과/evidence/logs/official-example-20260921/model-downloads/20260921T090509Z-348dfdada5/16-ss_dec_conv3d_16l8_fp16.json/result.json,add3bf50250781a6987968fdd628fd001c2b5a5c,536,4e8e871100fa0ec1cc3e1dec5421ad00bdf27d79183d49e912f614f8d4b1e9e7,04_PhysX-3D/재현자료/2026-09-21_공식예제진행/03_공식예제결과/evidence/logs/official-example-20260921/model-downloads/20260921T090509Z-348dfdada5/16-ss_dec_conv3d_16l8_fp16.json/result.json,true
04_PhysX-3D/01_재현실행/재현자료/2026-09-21_공식예제진행/03_공식예제결과/evidence/logs/official-example-20260921/model-downloads/20260921T090509Z-348dfdada5/16-ss_dec_conv3d_16l8_fp16.json/stderr.log,e69de29bb2d1d6434b8b29ae775ad8c2e48c5391,0,e3b0c44298fc1c149afbf4c8996fb92427ae41e4649b934ca495991b7852b855,04_PhysX-3D/재현자료/2026-09-21_공식예제진행/03_공식예제결과/evidence/logs/official-example-20260921/model-downloads/20260921T090509Z-348dfdada5/16-ss_dec_conv3d_16l8_fp16.json/stderr.log,true
04_PhysX-3D/01_재현실행/재현자료/2026-09-21_공식예제진행/03_공식예제결과/evidence/logs/official-example-20260921/model-downloads/20260921T090509Z-348dfdada5/16-ss_dec_conv3d_16l8_fp16.json/stdout.log,d2827973346004f3241fc85150f76f60bb4cfac7,487,3ee89ebda38a399d5997b0f34b3faf675f7335ab0ab08f48c64748a2318b9710,04_PhysX-3D/재현자료/2026-09-21_공식예제진행/03_공식예제결과/evidence/logs/official-example-20260921/model-downloads/20260921T090509Z-348dfdada5/16-ss_dec_conv3d_16l8_fp16.json/stdout.log,true
04_PhysX-3D/01_재현실행/재현자료/2026-09-21_공식예제진행/03_공식예제결과/evidence/logs/official-example-20260921/model-downloads/20260921T090509Z-348dfdada5/17-ss_dec_conv3d_16l8_fp16.safetensors/command.json,ebcd5349a2a688114bd78deb24dc10630ac6e8af,505,58ab1203064ab73c14990cef1a4e373562ad4c5ff4d106cc943822f237375ae2,04_PhysX-3D/재현자료/2026-09-21_공식예제진행/03_공식예제결과/evidence/logs/official-example-20260921/model-downloads/20260921T090509Z-348dfdada5/17-ss_dec_conv3d_16l8_fp16.safetensors/command.json,true
04_PhysX-3D/01_재현실행/재현자료/2026-09-21_공식예제진행/03_공식예제결과/evidence/logs/official-example-20260921/model-downloads/20260921T090509Z-348dfdada5/17-ss_dec_conv3d_16l8_fp16.safetensors/result.json,bae0f4044e1cf77d00998ce68041e5cc99cf0b18,549,4b3854134d1ed77e130cd9a5ab5e51f1f6d163e3cbb19a48d099bcb12eb23820,04_PhysX-3D/재현자료/2026-09-21_공식예제진행/03_공식예제결과/evidence/logs/official-example-20260921/model-downloads/20260921T090509Z-348dfdada5/17-ss_dec_conv3d_16l8_fp16.safetensors/result.json,true
04_PhysX-3D/01_재현실행/재현자료/2026-09-21_공식예제진행/03_공식예제결과/evidence/logs/official-example-20260921/model-downloads/20260921T090509Z-348dfdada5/17-ss_dec_conv3d_16l8_fp16.safetensors/stderr.log,e69de29bb2d1d6434b8b29ae775ad8c2e48c5391,0,e3b0c44298fc1c149afbf4c8996fb92427ae41e4649b934ca495991b7852b855,04_PhysX-3D/재현자료/2026-09-21_공식예제진행/03_공식예제결과/evidence/logs/official-example-20260921/model-downloads/20260921T090509Z-348dfdada5/17-ss_dec_conv3d_16l8_fp16.safetensors/stderr.log,true
04_PhysX-3D/01_재현실행/재현자료/2026-09-21_공식예제진행/03_공식예제결과/evidence/logs/official-example-20260921/model-downloads/20260921T090509Z-348dfdada5/17-ss_dec_conv3d_16l8_fp16.safetensors/stdout.log,2b9626aaf68b4f3810c9a7bcacc87c35b612e23f,500,c0f3747aef23e146a2ef1d661c26003ee65b6cc38edd1c7459f8900683693dd0,04_PhysX-3D/재현자료/2026-09-21_공식예제진행/03_공식예제결과/evidence/logs/official-example-20260921/model-downloads/20260921T090509Z-348dfdada5/17-ss_dec_conv3d_16l8_fp16.safetensors/stdout.log,true
04_PhysX-3D/01_재현실행/재현자료/2026-09-21_공식예제진행/03_공식예제결과/evidence/logs/official-example-20260921/model-downloads/20260921T090509Z-348dfdada5/18-ss_flow_img_dit_L_16l8_fp16.json/command.json,59480dd01e4b29be4e6369b467b3f04b95dddae8,499,f03c6a9ef7380eb404e02b2a3912d46e557f9679c7049af18b07236de1f1f6f4,04_PhysX-3D/재현자료/2026-09-21_공식예제진행/03_공식예제결과/evidence/logs/official-example-20260921/model-downloads/20260921T090509Z-348dfdada5/18-ss_flow_img_dit_L_16l8_fp16.json/command.json,true
04_PhysX-3D/01_재현실행/재현자료/2026-09-21_공식예제진행/03_공식예제결과/evidence/logs/official-example-20260921/model-downloads/20260921T090509Z-348dfdada5/18-ss_flow_img_dit_L_16l8_fp16.json/result.json,d1bc6b2332366d5991e934671ed417d2df8b4099,540,61657883283ccc605b84e7a8c12ec4ec87f9264be6fa2cea4cb92b7bdc82b998,04_PhysX-3D/재현자료/2026-09-21_공식예제진행/03_공식예제결과/evidence/logs/official-example-20260921/model-downloads/20260921T090509Z-348dfdada5/18-ss_flow_img_dit_L_16l8_fp16.json/result.json,true
04_PhysX-3D/01_재현실행/재현자료/2026-09-21_공식예제진행/03_공식예제결과/evidence/logs/official-example-20260921/model-downloads/20260921T090509Z-348dfdada5/18-ss_flow_img_dit_L_16l8_fp16.json/stderr.log,e69de29bb2d1d6434b8b29ae775ad8c2e48c5391,0,e3b0c44298fc1c149afbf4c8996fb92427ae41e4649b934ca495991b7852b855,04_PhysX-3D/재현자료/2026-09-21_공식예제진행/03_공식예제결과/evidence/logs/official-example-20260921/model-downloads/20260921T090509Z-348dfdada5/18-ss_flow_img_dit_L_16l8_fp16.json/stderr.log,true
04_PhysX-3D/01_재현실행/재현자료/2026-09-21_공식예제진행/03_공식예제결과/evidence/logs/official-example-20260921/model-downloads/20260921T090509Z-348dfdada5/18-ss_flow_img_dit_L_16l8_fp16.json/stdout.log,c896a3ba7b1ce5cb5c1579a774c51299a9e3cb25,491,1f63e1bea5c1428f2d5c57f08d1f41379587b033dc706e035aa281a1be81158b,04_PhysX-3D/재현자료/2026-09-21_공식예제진행/03_공식예제결과/evidence/logs/official-example-20260921/model-downloads/20260921T090509Z-348dfdada5/18-ss_flow_img_dit_L_16l8_fp16.json/stdout.log,true
04_PhysX-3D/01_재현실행/재현자료/2026-09-21_공식예제진행/03_공식예제결과/evidence/logs/official-example-20260921/model-downloads/20260921T090509Z-348dfdada5/19-ss_flow_img_dit_L_16l8_fp16.safetensors/command.json,edebcdca3f1fbdd6f1be24c9c6fc87e408ef6c06,513,78d82ec5ae80e1b6149034dc2c7ab376b4931bbdd51692912f0d8ceb3fa91a33,04_PhysX-3D/재현자료/2026-09-21_공식예제진행/03_공식예제결과/evidence/logs/official-example-20260921/model-downloads/20260921T090509Z-348dfdada5/19-ss_flow_img_dit_L_16l8_fp16.safetensors/command.json,true
04_PhysX-3D/01_재현실행/재현자료/2026-09-21_공식예제진행/03_공식예제결과/evidence/logs/official-example-20260921/model-downloads/20260921T090509Z-348dfdada5/19-ss_flow_img_dit_L_16l8_fp16.safetensors/result.json,af590fc66cb05c1dff9ae61c602a7b502491ef63,554,9cef049d1459379a9f9f6051a4417a1c5fcb0fe7d4d201f3cf9bcbaa89495f91,04_PhysX-3D/재현자료/2026-09-21_공식예제진행/03_공식예제결과/evidence/logs/official-example-20260921/model-downloads/20260921T090509Z-348dfdada5/19-ss_flow_img_dit_L_16l8_fp16.safetensors/result.json,true
04_PhysX-3D/01_재현실행/재현자료/2026-09-21_공식예제진행/03_공식예제결과/evidence/logs/official-example-20260921/model-downloads/20260921T090509Z-348dfdada5/19-ss_flow_img_dit_L_16l8_fp16.safetensors/stderr.log,e69de29bb2d1d6434b8b29ae775ad8c2e48c5391,0,e3b0c44298fc1c149afbf4c8996fb92427ae41e4649b934ca495991b7852b855,04_PhysX-3D/재현자료/2026-09-21_공식예제진행/03_공식예제결과/evidence/logs/official-example-20260921/model-downloads/20260921T090509Z-348dfdada5/19-ss_flow_img_dit_L_16l8_fp16.safetensors/stderr.log,true
04_PhysX-3D/01_재현실행/재현자료/2026-09-21_공식예제진행/03_공식예제결과/evidence/logs/official-example-20260921/model-downloads/20260921T090509Z-348dfdada5/19-ss_flow_img_dit_L_16l8_fp16.safetensors/stdout.log,bbfba35f7707a8545bba74889472fe3e3bf3a37c,505,c65e97700cabd14d9001e602ddf5ec54f7ed6cb69f4ed22bf064ba944478d0b4,04_PhysX-3D/재현자료/2026-09-21_공식예제진행/03_공식예제결과/evidence/logs/official-example-20260921/model-downloads/20260921T090509Z-348dfdada5/19-ss_flow_img_dit_L_16l8_fp16.safetensors/stdout.log,true
04_PhysX-3D/01_재현실행/재현자료/2026-09-21_공식예제진행/03_공식예제결과/evidence/logs/official-example-20260921/model-downloads/20260921T090509Z-348dfdada5/20-ViT-L-14.pt/command.json,aa4fc967d9b768217b38bc89dd72df841c4a4a1e,422,b154a07872026e4c1d7bb76a459c4b1c240f2a21bd9e7840b67ea99aa2526e4d,04_PhysX-3D/재현자료/2026-09-21_공식예제진행/03_공식예제결과/evidence/logs/official-example-20260921/model-downloads/20260921T090509Z-348dfdada5/20-ViT-L-14.pt/command.json,true
04_PhysX-3D/01_재현실행/재현자료/2026-09-21_공식예제진행/03_공식예제결과/evidence/logs/official-example-20260921/model-downloads/20260921T090509Z-348dfdada5/20-ViT-L-14.pt/result.json,d850d3d3bcfa73a9f205adee76ef665d99889bed,486,f4c16ff4b74019c3693bbe847e6e08111b1dd8e6e5762ed0b0a0bb3d295b88a4,04_PhysX-3D/재현자료/2026-09-21_공식예제진행/03_공식예제결과/evidence/logs/official-example-20260921/model-downloads/20260921T090509Z-348dfdada5/20-ViT-L-14.pt/result.json,true
04_PhysX-3D/01_재현실행/재현자료/2026-09-21_공식예제진행/03_공식예제결과/evidence/logs/official-example-20260921/model-downloads/20260921T090509Z-348dfdada5/20-ViT-L-14.pt/stderr.log,e69de29bb2d1d6434b8b29ae775ad8c2e48c5391,0,e3b0c44298fc1c149afbf4c8996fb92427ae41e4649b934ca495991b7852b855,04_PhysX-3D/재현자료/2026-09-21_공식예제진행/03_공식예제결과/evidence/logs/official-example-20260921/model-downloads/20260921T090509Z-348dfdada5/20-ViT-L-14.pt/stderr.log,true
04_PhysX-3D/01_재현실행/재현자료/2026-09-21_공식예제진행/03_공식예제결과/evidence/logs/official-example-20260921/model-downloads/20260921T090509Z-348dfdada5/20-ViT-L-14.pt/stdout.log,e29d185af9b24842fe09f98a2c3e4b23cc779fc8,437,0101fdbd1556d145d4a0f8b997d1adda7d31e65a499455384f4f179844b9e0a9,04_PhysX-3D/재현자료/2026-09-21_공식예제진행/03_공식예제결과/evidence/logs/official-example-20260921/model-downloads/20260921T090509Z-348dfdada5/20-ViT-L-14.pt/stdout.log,true
04_PhysX-3D/01_재현실행/재현자료/2026-09-21_공식예제진행/03_공식예제결과/evidence/logs/official-example-20260921/model-downloads/20260921T090509Z-348dfdada5/21-dinov2_vitl14_reg4_pretrain.pth/command.json,1aa3060d1fafae85462cda7093a1e6649ac7d53c,419,55bfd25abed6fc971fc293c3f1148e6869064b23d2d295e5b23471adcc8389ad,04_PhysX-3D/재현자료/2026-09-21_공식예제진행/03_공식예제결과/evidence/logs/official-example-20260921/model-downloads/20260921T090509Z-348dfdada5/21-dinov2_vitl14_reg4_pretrain.pth/command.json,true
04_PhysX-3D/01_재현실행/재현자료/2026-09-21_공식예제진행/03_공식예제결과/evidence/logs/official-example-20260921/model-downloads/20260921T090509Z-348dfdada5/21-dinov2_vitl14_reg4_pretrain.pth/result.json,5bba19fe3055cc545fd4d0b942ae414f67276e6e,525,f1b0ef7ac82b6ce518c07fe2e60dd27c3c521f6d57ee681212a0c651c107be9d,04_PhysX-3D/재현자료/2026-09-21_공식예제진행/03_공식예제결과/evidence/logs/official-example-20260921/model-downloads/20260921T090509Z-348dfdada5/21-dinov2_vitl14_reg4_pretrain.pth/result.json,true
04_PhysX-3D/01_재현실행/재현자료/2026-09-21_공식예제진행/03_공식예제결과/evidence/logs/official-example-20260921/model-downloads/20260921T090509Z-348dfdada5/21-dinov2_vitl14_reg4_pretrain.pth/stderr.log,e69de29bb2d1d6434b8b29ae775ad8c2e48c5391,0,e3b0c44298fc1c149afbf4c8996fb92427ae41e4649b934ca495991b7852b855,04_PhysX-3D/재현자료/2026-09-21_공식예제진행/03_공식예제결과/evidence/logs/official-example-20260921/model-downloads/20260921T090509Z-348dfdada5/21-dinov2_vitl14_reg4_pretrain.pth/stderr.log,true
04_PhysX-3D/01_재현실행/재현자료/2026-09-21_공식예제진행/03_공식예제결과/evidence/logs/official-example-20260921/model-downloads/20260921T090509Z-348dfdada5/21-dinov2_vitl14_reg4_pretrain.pth/stdout.log,38fd77476b1ae640c24ba6c122a6b5ae3f19a071,476,8589302dd9c662675ced5a26ba10d77d708255eb96a3be488e24d112b19959e8,04_PhysX-3D/재현자료/2026-09-21_공식예제진행/03_공식예제결과/evidence/logs/official-example-20260921/model-downloads/20260921T090509Z-348dfdada5/21-dinov2_vitl14_reg4_pretrain.pth/stdout.log,true
04_PhysX-3D/01_재현실행/재현자료/2026-09-21_공식예제진행/03_공식예제결과/evidence/logs/official-example-20260921/model-downloads/20260921T090509Z-348dfdada5/status.json,3c5813e037fef054ae56563d31478b58903cb60f,433,2312a67ac727929ed35054020f802e49552bef99b37ebd28b81563c0284b8448,04_PhysX-3D/재현자료/2026-09-21_공식예제진행/03_공식예제결과/evidence/logs/official-example-20260921/model-downloads/20260921T090509Z-348dfdada5/status.json,true
04_PhysX-3D/01_재현실행/재현자료/2026-09-21_공식예제진행/03_공식예제결과/evidence/logs/official-example-20260921/model-source-hf-PhysXGen-metadata.json,9eb4c6a886a900c17bc2d928edd087bb093a5abb,4921,2a8034903cca890cbb4faf442470b6764941fd62fd25fd16ec879a392b6e838d,04_PhysX-3D/재현자료/2026-09-21_공식예제진행/03_공식예제결과/evidence/logs/official-example-20260921/model-source-hf-PhysXGen-metadata.json,true
04_PhysX-3D/01_재현실행/재현자료/2026-09-21_공식예제진행/03_공식예제결과/evidence/logs/official-example-20260921/model-source-hf-TRELLIS-metadata.json,46a22057a9f622fa966616794e64e2953f671d60,8023,322d3977563b7c840e5b7b5a52fa364409846bc6c68935521726f0a8cfaee186,04_PhysX-3D/재현자료/2026-09-21_공식예제진행/03_공식예제결과/evidence/logs/official-example-20260921/model-source-hf-TRELLIS-metadata.json,true
04_PhysX-3D/01_재현실행/재현자료/2026-09-21_공식예제진행/03_공식예제결과/evidence/logs/official-example-20260921/model-source-manifest.json,612f1f722a31642e292d0d9d3079427c1985bf8e,17099,921e73ceaf046d1dc28ff7ec253846dd6ee711e79dc95dc94da680b4ddd8bd89,04_PhysX-3D/재현자료/2026-09-21_공식예제진행/03_공식예제결과/evidence/logs/official-example-20260921/model-source-manifest.json,true
04_PhysX-3D/01_재현실행/재현자료/2026-09-21_공식예제진행/03_공식예제결과/evidence/logs/official-example-20260921/model-source-preparation-review.json,51b8b12ef70529e830749ba47c27464cd875fde4,2566,aa1ff74080e5d001e2644b7312836b0ae7b3b804668d34dae848507bf88c6f2e,04_PhysX-3D/재현자료/2026-09-21_공식예제진행/03_공식예제결과/evidence/logs/official-example-20260921/model-source-preparation-review.json,true
04_PhysX-3D/01_재현실행/재현자료/2026-09-21_공식예제진행/03_공식예제결과/evidence/logs/official-example-20260921/model-source-review.md,fb715df6526622aac519fc471e66df501b42c06b,6165,da421b575fa7dcd48a86bc3795f6e7c7b698487746bab3221f99c0adfb82b90d,04_PhysX-3D/재현자료/2026-09-21_공식예제진행/03_공식예제결과/evidence/logs/official-example-20260921/model-source-review.md,true
04_PhysX-3D/01_재현실행/재현자료/2026-09-21_공식예제진행/03_공식예제결과/evidence/logs/official-example-20260921/official-example.patch,4f7edc2973280e2c9ed94432c31301f3f587fefc,4633,69183fcc8a17918f44a950ac626f9961dcb718218eac2cefdd61181f98c59a7a,04_PhysX-3D/재현자료/2026-09-21_공식예제진행/03_공식예제결과/evidence/logs/official-example-20260921/official-example.patch,true
04_PhysX-3D/01_재현실행/재현자료/2026-09-21_공식예제진행/03_공식예제결과/evidence/logs/official-example-20260921/physx-source.json,31e391de55c4a74f95e35a4e467ab7b062696117,187,f4ee0abcc054853ac6be5280be014fddcda6a5b621083ad5189b478dde0dd553,04_PhysX-3D/재현자료/2026-09-21_공식예제진행/03_공식예제결과/evidence/logs/official-example-20260921/physx-source.json,true
04_PhysX-3D/01_재현실행/재현자료/2026-09-21_공식예제진행/03_공식예제결과/evidence/logs/official-example-20260921/prepare_example_source.py,a5a1af583867886ef637ac9dd5121985ad1a14b6,6126,cb5065817b17024d890d4e85d5858d2261b85973b5692270f23e0ec5cb99682e,04_PhysX-3D/재현자료/2026-09-21_공식예제진행/03_공식예제결과/evidence/logs/official-example-20260921/prepare_example_source.py,true
04_PhysX-3D/01_재현실행/재현자료/2026-09-21_공식예제진행/03_공식예제결과/evidence/logs/official-example-20260921/prepare_flash_build.py,fad4e89c715fcd265b401758fc4e081eede9500c,2825,aae8ddc2ead698afefaad9125c077632baa5690db3cdfcd25e3ada06de447196,04_PhysX-3D/재현자료/2026-09-21_공식예제진행/03_공식예제결과/evidence/logs/official-example-20260921/prepare_flash_build.py,true
04_PhysX-3D/01_재현실행/재현자료/2026-09-21_공식예제진행/03_공식예제결과/evidence/logs/official-example-20260921/prepare_models.py,1540aa5d8683982087a06b6af0ed11f3c46011d1,13495,cb4fdad51fd392daa52a2067dcedc4273aa93ea92cf766362846802006368bc3,04_PhysX-3D/재현자료/2026-09-21_공식예제진행/03_공식예제결과/evidence/logs/official-example-20260921/prepare_models.py,true
04_PhysX-3D/01_재현실행/재현자료/2026-09-21_공식예제진행/03_공식예제결과/evidence/logs/official-example-20260921/run_example.py,dfaa184ec7838e0ae7f3dd8373434bfe0cdedc36,8947,2b37ac33df0f8fb5c6c866ace6f52e8611c4f30904d35a1711b8e03777d19ea1,04_PhysX-3D/재현자료/2026-09-21_공식예제진행/03_공식예제결과/evidence/logs/official-example-20260921/run_example.py,true
04_PhysX-3D/01_재현실행/재현자료/2026-09-21_공식예제진행/03_공식예제결과/evidence/logs/official-example-20260921/runs/20260921T085752Z-flash-attention-wheel-f9f3ed2b30/nvcc-version/command.json,2df305a30ec08b096cfcb8bd6549b63715b44c81,7823,46514f32f3a3bbe43afd46318805cc421058740ea33d9017a243ade3117fc7d0,04_PhysX-3D/재현자료/2026-09-21_공식예제진행/03_공식예제결과/evidence/logs/official-example-20260921/runs/20260921T085752Z-flash-attention-wheel-f9f3ed2b30/nvcc-version/command.json,true
04_PhysX-3D/01_재현실행/재현자료/2026-09-21_공식예제진행/03_공식예제결과/evidence/logs/official-example-20260921/runs/20260921T085752Z-flash-attention-wheel-f9f3ed2b30/nvcc-version/result.json,64118d18c5436ef2eab4f22859be22840c94ce77,7951,6a1e2b1869f4a04753f390659caf9b8af357878d5a5ff252dde0b6b0c3531774,04_PhysX-3D/재현자료/2026-09-21_공식예제진행/03_공식예제결과/evidence/logs/official-example-20260921/runs/20260921T085752Z-flash-attention-wheel-f9f3ed2b30/nvcc-version/result.json,true
04_PhysX-3D/01_재현실행/재현자료/2026-09-21_공식예제진행/03_공식예제결과/evidence/logs/official-example-20260921/runs/20260921T085752Z-flash-attention-wheel-f9f3ed2b30/nvcc-version/stderr.log,80e5f0140395f088e4d43af56df8f073760b838a,208,f584d723d6016799815da1fe797c1cb4d40b556ab350e3d7b78d3d12d7febf46,04_PhysX-3D/재현자료/2026-09-21_공식예제진행/03_공식예제결과/evidence/logs/official-example-20260921/runs/20260921T085752Z-flash-attention-wheel-f9f3ed2b30/nvcc-version/stderr.log,true
04_PhysX-3D/01_재현실행/재현자료/2026-09-21_공식예제진행/03_공식예제결과/evidence/logs/official-example-20260921/runs/20260921T085752Z-flash-attention-wheel-f9f3ed2b30/nvcc-version/stdout.log,e69de29bb2d1d6434b8b29ae775ad8c2e48c5391,0,e3b0c44298fc1c149afbf4c8996fb92427ae41e4649b934ca495991b7852b855,04_PhysX-3D/재현자료/2026-09-21_공식예제진행/03_공식예제결과/evidence/logs/official-example-20260921/runs/20260921T085752Z-flash-attention-wheel-f9f3ed2b30/nvcc-version/stdout.log,true
04_PhysX-3D/01_재현실행/재현자료/2026-09-21_공식예제진행/03_공식예제결과/evidence/logs/official-example-20260921/runs/20260921T085752Z-flash-attention-wheel-f9f3ed2b30/plan.json,7064be3dea25abd01d89767b5de50865481573c2,9014,3102775d1d51181702199ce1899bd04d5470d73becdf3c76644e4bd76cd4b812,04_PhysX-3D/재현자료/2026-09-21_공식예제진행/03_공식예제결과/evidence/logs/official-example-20260921/runs/20260921T085752Z-flash-attention-wheel-f9f3ed2b30/plan.json,true
04_PhysX-3D/01_재현실행/재현자료/2026-09-21_공식예제진행/03_공식예제결과/evidence/logs/official-example-20260921/runs/20260921T085752Z-flash-attention-wheel-f9f3ed2b30/status.json,b9229bb7204ddab3a28d503793609fef94139f3f,647,b8fc94329b6f67883575ee2138ddf767970c970eccd2f69ce86fa598b4937735,04_PhysX-3D/재현자료/2026-09-21_공식예제진행/03_공식예제결과/evidence/logs/official-example-20260921/runs/20260921T085752Z-flash-attention-wheel-f9f3ed2b30/status.json,true
04_PhysX-3D/01_재현실행/재현자료/2026-09-21_공식예제진행/03_공식예제결과/evidence/logs/official-example-20260921/runs/20260921T090022Z-flash-attention-wheel-775acb713d/command/command.json,ad17aecb9cfda6242bfd89870ebefea7d766e4a7,8250,c193b3b5c4fa2204e8ab189e46b88fa1405901048803e27b7c6f776ac4514ab0,04_PhysX-3D/재현자료/2026-09-21_공식예제진행/03_공식예제결과/evidence/logs/official-example-20260921/runs/20260921T090022Z-flash-attention-wheel-775acb713d/command/command.json,true
04_PhysX-3D/01_재현실행/재현자료/2026-09-21_공식예제진행/03_공식예제결과/evidence/logs/official-example-20260921/runs/20260921T090022Z-flash-attention-wheel-775acb713d/command/result.json,9cc67ccb9abd1dc63405c28af5df6525e48e2f57,8378,153c93a913f01ba5652bb510788b612191890d1049469fceeb1521accb1582ec,04_PhysX-3D/재현자료/2026-09-21_공식예제진행/03_공식예제결과/evidence/logs/official-example-20260921/runs/20260921T090022Z-flash-attention-wheel-775acb713d/command/result.json,true
04_PhysX-3D/01_재현실행/재현자료/2026-09-21_공식예제진행/03_공식예제결과/evidence/logs/official-example-20260921/runs/20260921T090022Z-flash-attention-wheel-775acb713d/command/stderr.log,bf979232280a6dd9dae174779366d2b4cd757259,25036,64cf3c63bd0f6c2bec1ddea6e1c3058cff107a4ed595500a593ebf7753f36e86,04_PhysX-3D/재현자료/2026-09-21_공식예제진행/03_공식예제결과/evidence/logs/official-example-20260921/runs/20260921T090022Z-flash-attention-wheel-775acb713d/command/stderr.log,true
04_PhysX-3D/01_재현실행/재현자료/2026-09-21_공식예제진행/03_공식예제결과/evidence/logs/official-example-20260921/runs/20260921T090022Z-flash-attention-wheel-775acb713d/command/stdout.log,6273b7196a8d9ce88f74eae4394b6ba0a77ff528,411,34c63ebb79504107226ef17663d87945a17632994408494084ff767c15b2db55,04_PhysX-3D/재현자료/2026-09-21_공식예제진행/03_공식예제결과/evidence/logs/official-example-20260921/runs/20260921T090022Z-flash-attention-wheel-775acb713d/command/stdout.log,true
04_PhysX-3D/01_재현실행/재현자료/2026-09-21_공식예제진행/03_공식예제결과/evidence/logs/official-example-20260921/runs/20260921T090022Z-flash-attention-wheel-775acb713d/gcc-version/command.json,7344980c751a2c215eb9cdc5eeb4c0952aa8aa64,7783,b0ea9f87d1eee0f19b0d231acd11045936a5487b4417efff11c766adcfe35b1e,04_PhysX-3D/재현자료/2026-09-21_공식예제진행/03_공식예제결과/evidence/logs/official-example-20260921/runs/20260921T090022Z-flash-attention-wheel-775acb713d/gcc-version/command.json,true
04_PhysX-3D/01_재현실행/재현자료/2026-09-21_공식예제진행/03_공식예제결과/evidence/logs/official-example-20260921/runs/20260921T090022Z-flash-attention-wheel-775acb713d/gcc-version/result.json,f38c3520f2d2916ed10e082fa50676c410f9e763,7911,5e07ed5ff2dabb7154caa86f9c876d606c616ac2dc76c65269a10f2e81620461,04_PhysX-3D/재현자료/2026-09-21_공식예제진행/03_공식예제결과/evidence/logs/official-example-20260921/runs/20260921T090022Z-flash-attention-wheel-775acb713d/gcc-version/result.json,true
04_PhysX-3D/01_재현실행/재현자료/2026-09-21_공식예제진행/03_공식예제결과/evidence/logs/official-example-20260921/runs/20260921T090022Z-flash-attention-wheel-775acb713d/gcc-version/stderr.log,e69de29bb2d1d6434b8b29ae775ad8c2e48c5391,0,e3b0c44298fc1c149afbf4c8996fb92427ae41e4649b934ca495991b7852b855,04_PhysX-3D/재현자료/2026-09-21_공식예제진행/03_공식예제결과/evidence/logs/official-example-20260921/runs/20260921T090022Z-flash-attention-wheel-775acb713d/gcc-version/stderr.log,true
04_PhysX-3D/01_재현실행/재현자료/2026-09-21_공식예제진행/03_공식예제결과/evidence/logs/official-example-20260921/runs/20260921T090022Z-flash-attention-wheel-775acb713d/gcc-version/stdout.log,ac565bc1cabdf5014d5d901c021f7a92694450e7,7,bb6aade8c4ca40cae9cb1be8abe12377f651fccd82954af74ec61703b6608fc5,04_PhysX-3D/재현자료/2026-09-21_공식예제진행/03_공식예제결과/evidence/logs/official-example-20260921/runs/20260921T090022Z-flash-attention-wheel-775acb713d/gcc-version/stdout.log,true
04_PhysX-3D/01_재현실행/재현자료/2026-09-21_공식예제진행/03_공식예제결과/evidence/logs/official-example-20260921/runs/20260921T090022Z-flash-attention-wheel-775acb713d/gxx-version/command.json,aec76bdc0dcac589552009788294cdae72c82843,7783,899c145715fab01ee72de8205d5e77afa811aa3b64852cdc88983afae9d4b0cb,04_PhysX-3D/재현자료/2026-09-21_공식예제진행/03_공식예제결과/evidence/logs/official-example-20260921/runs/20260921T090022Z-flash-attention-wheel-775acb713d/gxx-version/command.json,true
04_PhysX-3D/01_재현실행/재현자료/2026-09-21_공식예제진행/03_공식예제결과/evidence/logs/official-example-20260921/runs/20260921T090022Z-flash-attention-wheel-775acb713d/gxx-version/result.json,e909b21b99cf338d1ce346bc605650163d880322,7911,b67119b80c3add2751c4371ea1c1f29544a0a9c6e74e098bb8b97df4341d38d0,04_PhysX-3D/재현자료/2026-09-21_공식예제진행/03_공식예제결과/evidence/logs/official-example-20260921/runs/20260921T090022Z-flash-attention-wheel-775acb713d/gxx-version/result.json,true
04_PhysX-3D/01_재현실행/재현자료/2026-09-21_공식예제진행/03_공식예제결과/evidence/logs/official-example-20260921/runs/20260921T090022Z-flash-attention-wheel-775acb713d/gxx-version/stderr.log,e69de29bb2d1d6434b8b29ae775ad8c2e48c5391,0,e3b0c44298fc1c149afbf4c8996fb92427ae41e4649b934ca495991b7852b855,04_PhysX-3D/재현자료/2026-09-21_공식예제진행/03_공식예제결과/evidence/logs/official-example-20260921/runs/20260921T090022Z-flash-attention-wheel-775acb713d/gxx-version/stderr.log,true
04_PhysX-3D/01_재현실행/재현자료/2026-09-21_공식예제진행/03_공식예제결과/evidence/logs/official-example-20260921/runs/20260921T090022Z-flash-attention-wheel-775acb713d/gxx-version/stdout.log,ac565bc1cabdf5014d5d901c021f7a92694450e7,7,bb6aade8c4ca40cae9cb1be8abe12377f651fccd82954af74ec61703b6608fc5,04_PhysX-3D/재현자료/2026-09-21_공식예제진행/03_공식예제결과/evidence/logs/official-example-20260921/runs/20260921T090022Z-flash-attention-wheel-775acb713d/gxx-version/stdout.log,true
04_PhysX-3D/01_재현실행/재현자료/2026-09-21_공식예제진행/03_공식예제결과/evidence/logs/official-example-20260921/runs/20260921T090022Z-flash-attention-wheel-775acb713d/nvcc-version/command.json,a9372e12f4ca61d84dc22db4569dbe5d8b748585,7823,fda9cd5433512c796c12c87f7ef90cf595c11ad0506dde03ab87ceebae5f4a79,04_PhysX-3D/재현자료/2026-09-21_공식예제진행/03_공식예제결과/evidence/logs/official-example-20260921/runs/20260921T090022Z-flash-attention-wheel-775acb713d/nvcc-version/command.json,true
04_PhysX-3D/01_재현실행/재현자료/2026-09-21_공식예제진행/03_공식예제결과/evidence/logs/official-example-20260921/runs/20260921T090022Z-flash-attention-wheel-775acb713d/nvcc-version/result.json,f755ac6212561455abfb4f11abf24765d3810454,7951,73fdacd802f631a5b601654aaf9b92b009f21d28f44fa543b31e914d960f661d,04_PhysX-3D/재현자료/2026-09-21_공식예제진행/03_공식예제결과/evidence/logs/official-example-20260921/runs/20260921T090022Z-flash-attention-wheel-775acb713d/nvcc-version/result.json,true
04_PhysX-3D/01_재현실행/재현자료/2026-09-21_공식예제진행/03_공식예제결과/evidence/logs/official-example-20260921/runs/20260921T090022Z-flash-attention-wheel-775acb713d/nvcc-version/stderr.log,e69de29bb2d1d6434b8b29ae775ad8c2e48c5391,0,e3b0c44298fc1c149afbf4c8996fb92427ae41e4649b934ca495991b7852b855,04_PhysX-3D/재현자료/2026-09-21_공식예제진행/03_공식예제결과/evidence/logs/official-example-20260921/runs/20260921T090022Z-flash-attention-wheel-775acb713d/nvcc-version/stderr.log,true
04_PhysX-3D/01_재현실행/재현자료/2026-09-21_공식예제진행/03_공식예제결과/evidence/logs/official-example-20260921/runs/20260921T090022Z-flash-attention-wheel-775acb713d/nvcc-version/stdout.log,db7fbc66cc37eaca293616d8e64e24c2511a9805,208,68f8b0a1301428031e307cf5260142a517bff25cc232a09eae2734be475d721f,04_PhysX-3D/재현자료/2026-09-21_공식예제진행/03_공식예제결과/evidence/logs/official-example-20260921/runs/20260921T090022Z-flash-attention-wheel-775acb713d/nvcc-version/stdout.log,true
04_PhysX-3D/01_재현실행/재현자료/2026-09-21_공식예제진행/03_공식예제결과/evidence/logs/official-example-20260921/runs/20260921T090022Z-flash-attention-wheel-775acb713d/plan.json,7064be3dea25abd01d89767b5de50865481573c2,9014,3102775d1d51181702199ce1899bd04d5470d73becdf3c76644e4bd76cd4b812,04_PhysX-3D/재현자료/2026-09-21_공식예제진행/03_공식예제결과/evidence/logs/official-example-20260921/runs/20260921T090022Z-flash-attention-wheel-775acb713d/plan.json,true
04_PhysX-3D/01_재현실행/재현자료/2026-09-21_공식예제진행/03_공식예제결과/evidence/logs/official-example-20260921/runs/20260921T090022Z-flash-attention-wheel-775acb713d/status.json,26a957604b46b16fb6dd59f7ac0886a58731f30f,653,3fdb9466fb2964310cf2dbbacec172299ee2ea4c448de7b84c5c3255747b303a,04_PhysX-3D/재현자료/2026-09-21_공식예제진행/03_공식예제결과/evidence/logs/official-example-20260921/runs/20260921T090022Z-flash-attention-wheel-775acb713d/status.json,true
04_PhysX-3D/01_재현실행/재현자료/2026-09-21_공식예제진행/03_공식예제결과/evidence/logs/official-example-20260921/runs/20260921T090259Z-flash-attention-wheel-conda-paths-2d7b8ff070/command/command.json,12dd3198e78cc39d50206664a6d7ce0d79fb775f,8716,b4cb71976af5b102f0b6d267f5434eac1d3f516bb8f6973bdc9626fe23a054d4,04_PhysX-3D/재현자료/2026-09-21_공식예제진행/03_공식예제결과/evidence/logs/official-example-20260921/runs/20260921T090259Z-flash-attention-wheel-conda-paths-2d7b8ff070/command/command.json,true
04_PhysX-3D/01_재현실행/재현자료/2026-09-21_공식예제진행/03_공식예제결과/evidence/logs/official-example-20260921/runs/20260921T090259Z-flash-attention-wheel-conda-paths-2d7b8ff070/command/result.json,578237671d2aa2164052cbd118e4d9e8d36c46bf,8844,59ec4e6c9a82ca628a297e9a45d11ca4853e068da8fcf9ec8c4ce211d251ff96,04_PhysX-3D/재현자료/2026-09-21_공식예제진행/03_공식예제결과/evidence/logs/official-example-20260921/runs/20260921T090259Z-flash-attention-wheel-conda-paths-2d7b8ff070/command/result.json,true
04_PhysX-3D/01_재현실행/재현자료/2026-09-21_공식예제진행/03_공식예제결과/evidence/logs/official-example-20260921/runs/20260921T090259Z-flash-attention-wheel-conda-paths-2d7b8ff070/command/stderr.log,e69de29bb2d1d6434b8b29ae775ad8c2e48c5391,0,e3b0c44298fc1c149afbf4c8996fb92427ae41e4649b934ca495991b7852b855,04_PhysX-3D/재현자료/2026-09-21_공식예제진행/03_공식예제결과/evidence/logs/official-example-20260921/runs/20260921T090259Z-flash-attention-wheel-conda-paths-2d7b8ff070/command/stderr.log,true
04_PhysX-3D/01_재현실행/재현자료/2026-09-21_공식예제진행/03_공식예제결과/evidence/logs/official-example-20260921/runs/20260921T090259Z-flash-attention-wheel-conda-paths-2d7b8ff070/command/stdout.log,9326a88006b5ac8327bb4223f37b031182b38650,3099,2f958997a3c66e8a02bffd065038b7f8b201bbd06607759a90805923d414dbea,04_PhysX-3D/재현자료/2026-09-21_공식예제진행/03_공식예제결과/evidence/logs/official-example-20260921/runs/20260921T090259Z-flash-attention-wheel-conda-paths-2d7b8ff070/command/stdout.log,true
04_PhysX-3D/01_재현실행/재현자료/2026-09-21_공식예제진행/03_공식예제결과/evidence/logs/official-example-20260921/runs/20260921T090259Z-flash-attention-wheel-conda-paths-2d7b8ff070/gcc-version/command.json,1d058212bdba46b7ff92ffa5db916025a338cecd,8249,c01d03ac6790567a7d837fbf818afd400f4f7aea4f274bc47d8c43761cb4ce00,04_PhysX-3D/재현자료/2026-09-21_공식예제진행/03_공식예제결과/evidence/logs/official-example-20260921/runs/20260921T090259Z-flash-attention-wheel-conda-paths-2d7b8ff070/gcc-version/command.json,true
04_PhysX-3D/01_재현실행/재현자료/2026-09-21_공식예제진행/03_공식예제결과/evidence/logs/official-example-20260921/runs/20260921T090259Z-flash-attention-wheel-conda-paths-2d7b8ff070/gcc-version/result.json,b019ac79187a215dceb3f27dea2816ce7fa7aa45,8377,4cd8937720e6d5b0bde27f4b6efeabd839808501671f9de6685db608949ea932,04_PhysX-3D/재현자료/2026-09-21_공식예제진행/03_공식예제결과/evidence/logs/official-example-20260921/runs/20260921T090259Z-flash-attention-wheel-conda-paths-2d7b8ff070/gcc-version/result.json,true
04_PhysX-3D/01_재현실행/재현자료/2026-09-21_공식예제진행/03_공식예제결과/evidence/logs/official-example-20260921/runs/20260921T090259Z-flash-attention-wheel-conda-paths-2d7b8ff070/gcc-version/stderr.log,e69de29bb2d1d6434b8b29ae775ad8c2e48c5391,0,e3b0c44298fc1c149afbf4c8996fb92427ae41e4649b934ca495991b7852b855,04_PhysX-3D/재현자료/2026-09-21_공식예제진행/03_공식예제결과/evidence/logs/official-example-20260921/runs/20260921T090259Z-flash-attention-wheel-conda-paths-2d7b8ff070/gcc-version/stderr.log,true
04_PhysX-3D/01_재현실행/재현자료/2026-09-21_공식예제진행/03_공식예제결과/evidence/logs/official-example-20260921/runs/20260921T090259Z-flash-attention-wheel-conda-paths-2d7b8ff070/gcc-version/stdout.log,ac565bc1cabdf5014d5d901c021f7a92694450e7,7,bb6aade8c4ca40cae9cb1be8abe12377f651fccd82954af74ec61703b6608fc5,04_PhysX-3D/재현자료/2026-09-21_공식예제진행/03_공식예제결과/evidence/logs/official-example-20260921/runs/20260921T090259Z-flash-attention-wheel-conda-paths-2d7b8ff070/gcc-version/stdout.log,true
04_PhysX-3D/01_재현실행/재현자료/2026-09-21_공식예제진행/03_공식예제결과/evidence/logs/official-example-20260921/runs/20260921T090259Z-flash-attention-wheel-conda-paths-2d7b8ff070/gxx-version/command.json,b7e43261636958f7abd6fa8d662652cefc542c01,8249,54a8e88c1febb791d49d680ece93e2adaaa63d4e148a4ebd0b78542808aaadb4,04_PhysX-3D/재현자료/2026-09-21_공식예제진행/03_공식예제결과/evidence/logs/official-example-20260921/runs/20260921T090259Z-flash-attention-wheel-conda-paths-2d7b8ff070/gxx-version/command.json,true
04_PhysX-3D/01_재현실행/재현자료/2026-09-21_공식예제진행/03_공식예제결과/evidence/logs/official-example-20260921/runs/20260921T090259Z-flash-attention-wheel-conda-paths-2d7b8ff070/gxx-version/result.json,bca9ea3453b5568a3daba488a402fc8a9b9688bc,8377,22a5513c653da7050cc166f7f3b1d90681905ddac9d57908537daec14273fa1d,04_PhysX-3D/재현자료/2026-09-21_공식예제진행/03_공식예제결과/evidence/logs/official-example-20260921/runs/20260921T090259Z-flash-attention-wheel-conda-paths-2d7b8ff070/gxx-version/result.json,true
04_PhysX-3D/01_재현실행/재현자료/2026-09-21_공식예제진행/03_공식예제결과/evidence/logs/official-example-20260921/runs/20260921T090259Z-flash-attention-wheel-conda-paths-2d7b8ff070/gxx-version/stderr.log,e69de29bb2d1d6434b8b29ae775ad8c2e48c5391,0,e3b0c44298fc1c149afbf4c8996fb92427ae41e4649b934ca495991b7852b855,04_PhysX-3D/재현자료/2026-09-21_공식예제진행/03_공식예제결과/evidence/logs/official-example-20260921/runs/20260921T090259Z-flash-attention-wheel-conda-paths-2d7b8ff070/gxx-version/stderr.log,true
04_PhysX-3D/01_재현실행/재현자료/2026-09-21_공식예제진행/03_공식예제결과/evidence/logs/official-example-20260921/runs/20260921T090259Z-flash-attention-wheel-conda-paths-2d7b8ff070/gxx-version/stdout.log,ac565bc1cabdf5014d5d901c021f7a92694450e7,7,bb6aade8c4ca40cae9cb1be8abe12377f651fccd82954af74ec61703b6608fc5,04_PhysX-3D/재현자료/2026-09-21_공식예제진행/03_공식예제결과/evidence/logs/official-example-20260921/runs/20260921T090259Z-flash-attention-wheel-conda-paths-2d7b8ff070/gxx-version/stdout.log,true
04_PhysX-3D/01_재현실행/재현자료/2026-09-21_공식예제진행/03_공식예제결과/evidence/logs/official-example-20260921/runs/20260921T090259Z-flash-attention-wheel-conda-paths-2d7b8ff070/nvcc-version/command.json,6893970f73dab3c533b7cf5d11095f15e9c4399a,8289,ca247b63c9a090f5a3004cb46d71cd2086a6840772e86ff52fb6935798d673f2,04_PhysX-3D/재현자료/2026-09-21_공식예제진행/03_공식예제결과/evidence/logs/official-example-20260921/runs/20260921T090259Z-flash-attention-wheel-conda-paths-2d7b8ff070/nvcc-version/command.json,true
04_PhysX-3D/01_재현실행/재현자료/2026-09-21_공식예제진행/03_공식예제결과/evidence/logs/official-example-20260921/runs/20260921T090259Z-flash-attention-wheel-conda-paths-2d7b8ff070/nvcc-version/result.json,cb6d1b55e043bc2335cfaab87f0d2e557067a7b7,8417,32e325cd6ad0e271d3f2717013bbcdbd3181935477f33650ec4180ad781cfcc8,04_PhysX-3D/재현자료/2026-09-21_공식예제진행/03_공식예제결과/evidence/logs/official-example-20260921/runs/20260921T090259Z-flash-attention-wheel-conda-paths-2d7b8ff070/nvcc-version/result.json,true
04_PhysX-3D/01_재현실행/재현자료/2026-09-21_공식예제진행/03_공식예제결과/evidence/logs/official-example-20260921/runs/20260921T090259Z-flash-attention-wheel-conda-paths-2d7b8ff070/nvcc-version/stderr.log,e69de29bb2d1d6434b8b29ae775ad8c2e48c5391,0,e3b0c44298fc1c149afbf4c8996fb92427ae41e4649b934ca495991b7852b855,04_PhysX-3D/재현자료/2026-09-21_공식예제진행/03_공식예제결과/evidence/logs/official-example-20260921/runs/20260921T090259Z-flash-attention-wheel-conda-paths-2d7b8ff070/nvcc-version/stderr.log,true
04_PhysX-3D/01_재현실행/재현자료/2026-09-21_공식예제진행/03_공식예제결과/evidence/logs/official-example-20260921/runs/20260921T090259Z-flash-attention-wheel-conda-paths-2d7b8ff070/nvcc-version/stdout.log,db7fbc66cc37eaca293616d8e64e24c2511a9805,208,68f8b0a1301428031e307cf5260142a517bff25cc232a09eae2734be475d721f,04_PhysX-3D/재현자료/2026-09-21_공식예제진행/03_공식예제결과/evidence/logs/official-example-20260921/runs/20260921T090259Z-flash-attention-wheel-conda-paths-2d7b8ff070/nvcc-version/stdout.log,true
04_PhysX-3D/01_재현실행/재현자료/2026-09-21_공식예제진행/03_공식예제결과/evidence/logs/official-example-20260921/runs/20260921T090259Z-flash-attention-wheel-conda-paths-2d7b8ff070/plan.json,e45af5ee4a400a0ea65a6533126f6aed60f37b5e,9433,608228b40b9164e919c77a4ef8387073076d4f9acc003f0f20d739d675f78ed8,04_PhysX-3D/재현자료/2026-09-21_공식예제진행/03_공식예제결과/evidence/logs/official-example-20260921/runs/20260921T090259Z-flash-attention-wheel-conda-paths-2d7b8ff070/plan.json,true
04_PhysX-3D/01_재현실행/재현자료/2026-09-21_공식예제진행/03_공식예제결과/evidence/logs/official-example-20260921/runs/20260921T090259Z-flash-attention-wheel-conda-paths-2d7b8ff070/status.json,0316b7e62ebf106999dd0edda85d90afbd305d7e,559,5e9e7fea8934385d6cea38451e305a21b4cbe658636fd9c6af449b9c6ada36aa,04_PhysX-3D/재현자료/2026-09-21_공식예제진행/03_공식예제결과/evidence/logs/official-example-20260921/runs/20260921T090259Z-flash-attention-wheel-conda-paths-2d7b8ff070/status.json,true
04_PhysX-3D/01_재현실행/재현자료/2026-09-21_공식예제진행/03_공식예제결과/evidence/logs/official-example-20260921/runs/20260921T090509Z-prepare-models-9fb53e503a/command/command.json,bf35f942e1864d6f47d0428064dc4b91edcadab2,6909,aa3d6bd7024ac1a7aa48dd5376f7bd2ad32ad0390adfcb18395ce1ba05b59cf9,04_PhysX-3D/재현자료/2026-09-21_공식예제진행/03_공식예제결과/evidence/logs/official-example-20260921/runs/20260921T090509Z-prepare-models-9fb53e503a/command/command.json,true
04_PhysX-3D/01_재현실행/재현자료/2026-09-21_공식예제진행/03_공식예제결과/evidence/logs/official-example-20260921/runs/20260921T090509Z-prepare-models-9fb53e503a/command/result.json,16bd7cc83c1cc0f7cf573c5a65303c9a411dcbb6,7037,9067d4c84a26c70bc4cba4c3d6a7213618ab58806aa026f80dbc82913541c44e,04_PhysX-3D/재현자료/2026-09-21_공식예제진행/03_공식예제결과/evidence/logs/official-example-20260921/runs/20260921T090509Z-prepare-models-9fb53e503a/command/result.json,true
04_PhysX-3D/01_재현실행/재현자료/2026-09-21_공식예제진행/03_공식예제결과/evidence/logs/official-example-20260921/runs/20260921T090509Z-prepare-models-9fb53e503a/command/stderr.log,e69de29bb2d1d6434b8b29ae775ad8c2e48c5391,0,e3b0c44298fc1c149afbf4c8996fb92427ae41e4649b934ca495991b7852b855,04_PhysX-3D/재현자료/2026-09-21_공식예제진행/03_공식예제결과/evidence/logs/official-example-20260921/runs/20260921T090509Z-prepare-models-9fb53e503a/command/stderr.log,true
04_PhysX-3D/01_재현실행/재현자료/2026-09-21_공식예제진행/03_공식예제결과/evidence/logs/official-example-20260921/runs/20260921T090509Z-prepare-models-9fb53e503a/command/stdout.log,151e79833ad555e5b4406e5d968df6c9fc44e45d,561,c1c3a03f51422cbc39c37a02968c33cd441261a4903d4ccad9a72fb7bd5d9b0c,04_PhysX-3D/재현자료/2026-09-21_공식예제진행/03_공식예제결과/evidence/logs/official-example-20260921/runs/20260921T090509Z-prepare-models-9fb53e503a/command/stdout.log,true
04_PhysX-3D/01_재현실행/재현자료/2026-09-21_공식예제진행/03_공식예제결과/evidence/logs/official-example-20260921/runs/20260921T090509Z-prepare-models-9fb53e503a/plan.json,3de7fdcc3cf79050d4ece7c3b4d64a778fb0fde7,7393,d481da3d614cdf40f684476d64ec2513f76a66076e2df96d2bfe87b53d912edb,04_PhysX-3D/재현자료/2026-09-21_공식예제진행/03_공식예제결과/evidence/logs/official-example-20260921/runs/20260921T090509Z-prepare-models-9fb53e503a/plan.json,true
04_PhysX-3D/01_재현실행/재현자료/2026-09-21_공식예제진행/03_공식예제결과/evidence/logs/official-example-20260921/runs/20260921T090509Z-prepare-models-9fb53e503a/status.json,045e663af0ba5b3b7194203e2d49e0bd1828ebbe,524,8d769770455595e92e8f4c2740259209818a376a9ba227c406f1eb64f8690745,04_PhysX-3D/재현자료/2026-09-21_공식예제진행/03_공식예제결과/evidence/logs/official-example-20260921/runs/20260921T090509Z-prepare-models-9fb53e503a/status.json,true
04_PhysX-3D/01_재현실행/재현자료/2026-09-21_공식예제진행/03_공식예제결과/evidence/logs/official-example-20260921/runs/20260921T091902Z-cpu-prerequisites-63a2a12dbd/command/command.json,386c83cd14d3b355aa5940f6edfb0bd1b15cdd87,8245,f2f8c906623eac6bd12fb32a6e9009f34f61620af05d65dec955663ed659fb3e,04_PhysX-3D/재현자료/2026-09-21_공식예제진행/03_공식예제결과/evidence/logs/official-example-20260921/runs/20260921T091902Z-cpu-prerequisites-63a2a12dbd/command/command.json,true
04_PhysX-3D/01_재현실행/재현자료/2026-09-21_공식예제진행/03_공식예제결과/evidence/logs/official-example-20260921/runs/20260921T091902Z-cpu-prerequisites-63a2a12dbd/command/result.json,ae6e5f8dde65a476a8a6e622d0bb0aecd5fc6b2c,8373,8cdf4c0f4279b913bde3dd9578da5f67d474de383c59d25595296e4f0b93148d,04_PhysX-3D/재현자료/2026-09-21_공식예제진행/03_공식예제결과/evidence/logs/official-example-20260921/runs/20260921T091902Z-cpu-prerequisites-63a2a12dbd/command/result.json,true
04_PhysX-3D/01_재현실행/재현자료/2026-09-21_공식예제진행/03_공식예제결과/evidence/logs/official-example-20260921/runs/20260921T091902Z-cpu-prerequisites-63a2a12dbd/command/stderr.log,e69de29bb2d1d6434b8b29ae775ad8c2e48c5391,0,e3b0c44298fc1c149afbf4c8996fb92427ae41e4649b934ca495991b7852b855,04_PhysX-3D/재현자료/2026-09-21_공식예제진행/03_공식예제결과/evidence/logs/official-example-20260921/runs/20260921T091902Z-cpu-prerequisites-63a2a12dbd/command/stderr.log,true
04_PhysX-3D/01_재현실행/재현자료/2026-09-21_공식예제진행/03_공식예제결과/evidence/logs/official-example-20260921/runs/20260921T091902Z-cpu-prerequisites-63a2a12dbd/command/stdout.log,8830a8faeb93c2c255008c59a4ff7de27d52f7c3,3486,541e0ceb5ab15063daf48613edcfe73ebaa67c5873c73542baa78c92e979e4e3,04_PhysX-3D/재현자료/2026-09-21_공식예제진행/03_공식예제결과/evidence/logs/official-example-20260921/runs/20260921T091902Z-cpu-prerequisites-63a2a12dbd/command/stdout.log,true
04_PhysX-3D/01_재현실행/재현자료/2026-09-21_공식예제진행/03_공식예제결과/evidence/logs/official-example-20260921/runs/20260921T091902Z-cpu-prerequisites-63a2a12dbd/gcc-version/command.json,70f7e41952c7975d536df2b9596044cd343f0a7d,8102,5612b6668fbc2d18c1558ec52fe53f6729026dbe47c514a6ea91f331a44d9761,04_PhysX-3D/재현자료/2026-09-21_공식예제진행/03_공식예제결과/evidence/logs/official-example-20260921/runs/20260921T091902Z-cpu-prerequisites-63a2a12dbd/gcc-version/command.json,true
04_PhysX-3D/01_재현실행/재현자료/2026-09-21_공식예제진행/03_공식예제결과/evidence/logs/official-example-20260921/runs/20260921T091902Z-cpu-prerequisites-63a2a12dbd/gcc-version/result.json,a80098381a7a7d4be6a5751d98fb884c9aacf31d,8230,37df1c528dd05653ec01a10d5d2061975deb2504b0bd48d22d8cfd19d130d4ab,04_PhysX-3D/재현자료/2026-09-21_공식예제진행/03_공식예제결과/evidence/logs/official-example-20260921/runs/20260921T091902Z-cpu-prerequisites-63a2a12dbd/gcc-version/result.json,true
04_PhysX-3D/01_재현실행/재현자료/2026-09-21_공식예제진행/03_공식예제결과/evidence/logs/official-example-20260921/runs/20260921T091902Z-cpu-prerequisites-63a2a12dbd/gcc-version/stderr.log,e69de29bb2d1d6434b8b29ae775ad8c2e48c5391,0,e3b0c44298fc1c149afbf4c8996fb92427ae41e4649b934ca495991b7852b855,04_PhysX-3D/재현자료/2026-09-21_공식예제진행/03_공식예제결과/evidence/logs/official-example-20260921/runs/20260921T091902Z-cpu-prerequisites-63a2a12dbd/gcc-version/stderr.log,true
04_PhysX-3D/01_재현실행/재현자료/2026-09-21_공식예제진행/03_공식예제결과/evidence/logs/official-example-20260921/runs/20260921T091902Z-cpu-prerequisites-63a2a12dbd/gcc-version/stdout.log,ac565bc1cabdf5014d5d901c021f7a92694450e7,7,bb6aade8c4ca40cae9cb1be8abe12377f651fccd82954af74ec61703b6608fc5,04_PhysX-3D/재현자료/2026-09-21_공식예제진행/03_공식예제결과/evidence/logs/official-example-20260921/runs/20260921T091902Z-cpu-prerequisites-63a2a12dbd/gcc-version/stdout.log,true
04_PhysX-3D/01_재현실행/재현자료/2026-09-21_공식예제진행/03_공식예제결과/evidence/logs/official-example-20260921/runs/20260921T091902Z-cpu-prerequisites-63a2a12dbd/gxx-version/command.json,fe8833a0f3b8add0389d3d0d02b8a34e22475f83,8102,ef7b0e5c3a87cc8f685a9cd9557b03fe2014e22d0c288375f8807eadfe976370,04_PhysX-3D/재현자료/2026-09-21_공식예제진행/03_공식예제결과/evidence/logs/official-example-20260921/runs/20260921T091902Z-cpu-prerequisites-63a2a12dbd/gxx-version/command.json,true
04_PhysX-3D/01_재현실행/재현자료/2026-09-21_공식예제진행/03_공식예제결과/evidence/logs/official-example-20260921/runs/20260921T091902Z-cpu-prerequisites-63a2a12dbd/gxx-version/result.json,95e5c76049fc91d84f3b8b94e378d1d7d110f884,8230,0909b1dfd1da453be7648e2be0dfd6a8e833e5218842b37ad9c4492c17ca6c97,04_PhysX-3D/재현자료/2026-09-21_공식예제진행/03_공식예제결과/evidence/logs/official-example-20260921/runs/20260921T091902Z-cpu-prerequisites-63a2a12dbd/gxx-version/result.json,true
04_PhysX-3D/01_재현실행/재현자료/2026-09-21_공식예제진행/03_공식예제결과/evidence/logs/official-example-20260921/runs/20260921T091902Z-cpu-prerequisites-63a2a12dbd/gxx-version/stderr.log,e69de29bb2d1d6434b8b29ae775ad8c2e48c5391,0,e3b0c44298fc1c149afbf4c8996fb92427ae41e4649b934ca495991b7852b855,04_PhysX-3D/재현자료/2026-09-21_공식예제진행/03_공식예제결과/evidence/logs/official-example-20260921/runs/20260921T091902Z-cpu-prerequisites-63a2a12dbd/gxx-version/stderr.log,true
04_PhysX-3D/01_재현실행/재현자료/2026-09-21_공식예제진행/03_공식예제결과/evidence/logs/official-example-20260921/runs/20260921T091902Z-cpu-prerequisites-63a2a12dbd/gxx-version/stdout.log,ac565bc1cabdf5014d5d901c021f7a92694450e7,7,bb6aade8c4ca40cae9cb1be8abe12377f651fccd82954af74ec61703b6608fc5,04_PhysX-3D/재현자료/2026-09-21_공식예제진행/03_공식예제결과/evidence/logs/official-example-20260921/runs/20260921T091902Z-cpu-prerequisites-63a2a12dbd/gxx-version/stdout.log,true
04_PhysX-3D/01_재현실행/재현자료/2026-09-21_공식예제진행/03_공식예제결과/evidence/logs/official-example-20260921/runs/20260921T091902Z-cpu-prerequisites-63a2a12dbd/nvcc-version/command.json,020ad3e2c6805e9fcd311e75fd0e3e9ebe1d52ae,8142,05d1a7456fcf9eb0f8146508fe50ca69b27c4c40a1649ec5e99c11afe376e0b9,04_PhysX-3D/재현자료/2026-09-21_공식예제진행/03_공식예제결과/evidence/logs/official-example-20260921/runs/20260921T091902Z-cpu-prerequisites-63a2a12dbd/nvcc-version/command.json,true
04_PhysX-3D/01_재현실행/재현자료/2026-09-21_공식예제진행/03_공식예제결과/evidence/logs/official-example-20260921/runs/20260921T091902Z-cpu-prerequisites-63a2a12dbd/nvcc-version/result.json,d0409a950f1f0f4553c75b543ca6cef7804aa562,8270,916bc58c3652046288a66f81a6f87fb234ed0095a9f856b251d933d1f264fada,04_PhysX-3D/재현자료/2026-09-21_공식예제진행/03_공식예제결과/evidence/logs/official-example-20260921/runs/20260921T091902Z-cpu-prerequisites-63a2a12dbd/nvcc-version/result.json,true
04_PhysX-3D/01_재현실행/재현자료/2026-09-21_공식예제진행/03_공식예제결과/evidence/logs/official-example-20260921/runs/20260921T091902Z-cpu-prerequisites-63a2a12dbd/nvcc-version/stderr.log,e69de29bb2d1d6434b8b29ae775ad8c2e48c5391,0,e3b0c44298fc1c149afbf4c8996fb92427ae41e4649b934ca495991b7852b855,04_PhysX-3D/재현자료/2026-09-21_공식예제진행/03_공식예제결과/evidence/logs/official-example-20260921/runs/20260921T091902Z-cpu-prerequisites-63a2a12dbd/nvcc-version/stderr.log,true
04_PhysX-3D/01_재현실행/재현자료/2026-09-21_공식예제진행/03_공식예제결과/evidence/logs/official-example-20260921/runs/20260921T091902Z-cpu-prerequisites-63a2a12dbd/nvcc-version/stdout.log,db7fbc66cc37eaca293616d8e64e24c2511a9805,208,68f8b0a1301428031e307cf5260142a517bff25cc232a09eae2734be475d721f,04_PhysX-3D/재현자료/2026-09-21_공식예제진행/03_공식예제결과/evidence/logs/official-example-20260921/runs/20260921T091902Z-cpu-prerequisites-63a2a12dbd/nvcc-version/stdout.log,true
04_PhysX-3D/01_재현실행/재현자료/2026-09-21_공식예제진행/03_공식예제결과/evidence/logs/official-example-20260921/runs/20260921T091902Z-cpu-prerequisites-63a2a12dbd/plan.json,501614d9fb302780fd54e982fcb1ce6ae352362b,8701,c3fe45779fc3207ad2f4ebea145c0591c8e3e91a632d978f7be7b5253b9867f8,04_PhysX-3D/재현자료/2026-09-21_공식예제진행/03_공식예제결과/evidence/logs/official-example-20260921/runs/20260921T091902Z-cpu-prerequisites-63a2a12dbd/plan.json,true
04_PhysX-3D/01_재현실행/재현자료/2026-09-21_공식예제진행/03_공식예제결과/evidence/logs/official-example-20260921/runs/20260921T091902Z-cpu-prerequisites-63a2a12dbd/status.json,acd5bfe0e569d08a53af6a2a7a19431458895ea3,527,fba05a4712178eb9e65f0252d9a8bddabaf9d907ec72d62552532f782a6d0d8c,04_PhysX-3D/재현자료/2026-09-21_공식예제진행/03_공식예제결과/evidence/logs/official-example-20260921/runs/20260921T091902Z-cpu-prerequisites-63a2a12dbd/status.json,true
04_PhysX-3D/01_재현실행/재현자료/2026-09-21_공식예제진행/03_공식예제결과/evidence/logs/official-example-20260921/runs/20260921T122021Z-terminal-flash-install-20357133cf/command/command.json,5c19f185ced8f0798eea2c727aa84c0da69e3c2c,7165,aa15fdc46ea891cbb679c69fa598195dd435788f0f7cf2dd5ea66f909766b91a,04_PhysX-3D/재현자료/2026-09-21_공식예제진행/03_공식예제결과/evidence/logs/official-example-20260921/runs/20260921T122021Z-terminal-flash-install-20357133cf/command/command.json,true
04_PhysX-3D/01_재현실행/재현자료/2026-09-21_공식예제진행/03_공식예제결과/evidence/logs/official-example-20260921/runs/20260921T122021Z-terminal-flash-install-20357133cf/command/result.json,70751eeb4f73f6ba80d10d7651597752cd35544d,7293,57609b64cf46ab94f8eec8130f245c2c4c40a27f05db3f600788ac75c6dbbb9e,04_PhysX-3D/재현자료/2026-09-21_공식예제진행/03_공식예제결과/evidence/logs/official-example-20260921/runs/20260921T122021Z-terminal-flash-install-20357133cf/command/result.json,true
04_PhysX-3D/01_재현실행/재현자료/2026-09-21_공식예제진행/03_공식예제결과/evidence/logs/official-example-20260921/runs/20260921T122021Z-terminal-flash-install-20357133cf/command/stderr.log,e69de29bb2d1d6434b8b29ae775ad8c2e48c5391,0,e3b0c44298fc1c149afbf4c8996fb92427ae41e4649b934ca495991b7852b855,04_PhysX-3D/재현자료/2026-09-21_공식예제진행/03_공식예제결과/evidence/logs/official-example-20260921/runs/20260921T122021Z-terminal-flash-install-20357133cf/command/stderr.log,true
04_PhysX-3D/01_재현실행/재현자료/2026-09-21_공식예제진행/03_공식예제결과/evidence/logs/official-example-20260921/runs/20260921T122021Z-terminal-flash-install-20357133cf/command/stdout.log,53e765a675c945b29bd9681d77b351bc06793b5d,633,7339f81bc6f2afbce32ff02cc1cc909ef1b5eab17c590fce199d65396379b50c,04_PhysX-3D/재현자료/2026-09-21_공식예제진행/03_공식예제결과/evidence/logs/official-example-20260921/runs/20260921T122021Z-terminal-flash-install-20357133cf/command/stdout.log,true
04_PhysX-3D/01_재현실행/재현자료/2026-09-21_공식예제진행/03_공식예제결과/evidence/logs/official-example-20260921/runs/20260921T122021Z-terminal-flash-install-20357133cf/plan.json,2313c7532a3ae46bf8e2aee93053c4c75af64663,7705,086baf375f99d46a4410376e1a9c69047952059b8acc821627580cfe8db013e4,04_PhysX-3D/재현자료/2026-09-21_공식예제진행/03_공식예제결과/evidence/logs/official-example-20260921/runs/20260921T122021Z-terminal-flash-install-20357133cf/plan.json,true
04_PhysX-3D/01_재현실행/재현자료/2026-09-21_공식예제진행/03_공식예제결과/evidence/logs/official-example-20260921/runs/20260921T122021Z-terminal-flash-install-20357133cf/status.json,b47d3680e6e6847d67c86bb7cf20f0bed9006a39,539,1e633baae11b2420eb180b4b7b91f223a3ab003e47cc898c4693bcf844208749,04_PhysX-3D/재현자료/2026-09-21_공식예제진행/03_공식예제결과/evidence/logs/official-example-20260921/runs/20260921T122021Z-terminal-flash-install-20357133cf/status.json,true
04_PhysX-3D/01_재현실행/재현자료/2026-09-21_공식예제진행/03_공식예제결과/evidence/logs/official-example-20260921/runs/20260921T122025Z-terminal-flash-smoke-b0755f7e8b/command/command.json,724f713529bf31a53d5b0b5bc6bcc316fa98c53e,8595,2438d9813fb0378cb9204a71c5a9e4047dfa1cb3ae31c5ad853d68c5bf515cc9,04_PhysX-3D/재현자료/2026-09-21_공식예제진행/03_공식예제결과/evidence/logs/official-example-20260921/runs/20260921T122025Z-terminal-flash-smoke-b0755f7e8b/command/command.json,true
04_PhysX-3D/01_재현실행/재현자료/2026-09-21_공식예제진행/03_공식예제결과/evidence/logs/official-example-20260921/runs/20260921T122025Z-terminal-flash-smoke-b0755f7e8b/command/result.json,c07522f9fec6f1db31382ec7fbb8163ec78b6850,8723,cf357a4cb8eeca7d541e539b7cc830564abe4f6d0780dc563e27f174c0368e02,04_PhysX-3D/재현자료/2026-09-21_공식예제진행/03_공식예제결과/evidence/logs/official-example-20260921/runs/20260921T122025Z-terminal-flash-smoke-b0755f7e8b/command/result.json,true
04_PhysX-3D/01_재현실행/재현자료/2026-09-21_공식예제진행/03_공식예제결과/evidence/logs/official-example-20260921/runs/20260921T122025Z-terminal-flash-smoke-b0755f7e8b/command/stderr.log,e69de29bb2d1d6434b8b29ae775ad8c2e48c5391,0,e3b0c44298fc1c149afbf4c8996fb92427ae41e4649b934ca495991b7852b855,04_PhysX-3D/재현자료/2026-09-21_공식예제진행/03_공식예제결과/evidence/logs/official-example-20260921/runs/20260921T122025Z-terminal-flash-smoke-b0755f7e8b/command/stderr.log,true
04_PhysX-3D/01_재현실행/재현자료/2026-09-21_공식예제진행/03_공식예제결과/evidence/logs/official-example-20260921/runs/20260921T122025Z-terminal-flash-smoke-b0755f7e8b/command/stdout.log,60115caf704e096d6ad09b42b8f7d8fc1a210b37,199,25e4ffecfcc46013a0199b3e6e5699bd9aba3611c8a6a745dd64738eac44b025,04_PhysX-3D/재현자료/2026-09-21_공식예제진행/03_공식예제결과/evidence/logs/official-example-20260921/runs/20260921T122025Z-terminal-flash-smoke-b0755f7e8b/command/stdout.log,true
04_PhysX-3D/01_재현실행/재현자료/2026-09-21_공식예제진행/03_공식예제결과/evidence/logs/official-example-20260921/runs/20260921T122025Z-terminal-flash-smoke-b0755f7e8b/device-mapping.json,40f83ad58ce7bb3d6cb95e8f406a5e29b6b8456e,277,a722ac59a8ce5de35b3604e7f307c3b75f3e60a57ec79359b60f97d3eee7f470,04_PhysX-3D/재현자료/2026-09-21_공식예제진행/03_공식예제결과/evidence/logs/official-example-20260921/runs/20260921T122025Z-terminal-flash-smoke-b0755f7e8b/device-mapping.json,true
04_PhysX-3D/01_재현실행/재현자료/2026-09-21_공식예제진행/03_공식예제결과/evidence/logs/official-example-20260921/runs/20260921T122025Z-terminal-flash-smoke-b0755f7e8b/gcc-version/command.json,9c73c01a02a99c0861073fd10a90972fe85d09c4,8345,b321bf1b42ebef7b58c5439f207928acf980b52f4033d3c72feee802d5d76aec,04_PhysX-3D/재현자료/2026-09-21_공식예제진행/03_공식예제결과/evidence/logs/official-example-20260921/runs/20260921T122025Z-terminal-flash-smoke-b0755f7e8b/gcc-version/command.json,true
04_PhysX-3D/01_재현실행/재현자료/2026-09-21_공식예제진행/03_공식예제결과/evidence/logs/official-example-20260921/runs/20260921T122025Z-terminal-flash-smoke-b0755f7e8b/gcc-version/result.json,b9616f3f4bd21bcebb60ba3c4ca066a2e96c65cd,8473,30fb92834f012415f9c6d6ba58c6bf227b73cc4e16b704a2d3090b55bc8fbe61,04_PhysX-3D/재현자료/2026-09-21_공식예제진행/03_공식예제결과/evidence/logs/official-example-20260921/runs/20260921T122025Z-terminal-flash-smoke-b0755f7e8b/gcc-version/result.json,true
04_PhysX-3D/01_재현실행/재현자료/2026-09-21_공식예제진행/03_공식예제결과/evidence/logs/official-example-20260921/runs/20260921T122025Z-terminal-flash-smoke-b0755f7e8b/gcc-version/stderr.log,e69de29bb2d1d6434b8b29ae775ad8c2e48c5391,0,e3b0c44298fc1c149afbf4c8996fb92427ae41e4649b934ca495991b7852b855,04_PhysX-3D/재현자료/2026-09-21_공식예제진행/03_공식예제결과/evidence/logs/official-example-20260921/runs/20260921T122025Z-terminal-flash-smoke-b0755f7e8b/gcc-version/stderr.log,true
04_PhysX-3D/01_재현실행/재현자료/2026-09-21_공식예제진행/03_공식예제결과/evidence/logs/official-example-20260921/runs/20260921T122025Z-terminal-flash-smoke-b0755f7e8b/gcc-version/stdout.log,ac565bc1cabdf5014d5d901c021f7a92694450e7,7,bb6aade8c4ca40cae9cb1be8abe12377f651fccd82954af74ec61703b6608fc5,04_PhysX-3D/재현자료/2026-09-21_공식예제진행/03_공식예제결과/evidence/logs/official-example-20260921/runs/20260921T122025Z-terminal-flash-smoke-b0755f7e8b/gcc-version/stdout.log,true
04_PhysX-3D/01_재현실행/재현자료/2026-09-21_공식예제진행/03_공식예제결과/evidence/logs/official-example-20260921/runs/20260921T122025Z-terminal-flash-smoke-b0755f7e8b/gpu-driver-info/command.json,b42ab28532bdbfdc9f0bd449627d623125377157,8554,bb4475c3e72cad516c11ecd6336be709798549c1acb0dae808fde1a3e75c0ea4,04_PhysX-3D/재현자료/2026-09-21_공식예제진행/03_공식예제결과/evidence/logs/official-example-20260921/runs/20260921T122025Z-terminal-flash-smoke-b0755f7e8b/gpu-driver-info/command.json,true
04_PhysX-3D/01_재현실행/재현자료/2026-09-21_공식예제진행/03_공식예제결과/evidence/logs/official-example-20260921/runs/20260921T122025Z-terminal-flash-smoke-b0755f7e8b/gpu-driver-info/result.json,bbaa4ed6649791fbb6124567d803f9608e23ed75,8682,15356217341d677c7977f14d0699f0f4df47f98fd97c67960cf5c1d46da2d82e,04_PhysX-3D/재현자료/2026-09-21_공식예제진행/03_공식예제결과/evidence/logs/official-example-20260921/runs/20260921T122025Z-terminal-flash-smoke-b0755f7e8b/gpu-driver-info/result.json,true
04_PhysX-3D/01_재현실행/재현자료/2026-09-21_공식예제진행/03_공식예제결과/evidence/logs/official-example-20260921/runs/20260921T122025Z-terminal-flash-smoke-b0755f7e8b/gpu-driver-info/stderr.log,e69de29bb2d1d6434b8b29ae775ad8c2e48c5391,0,e3b0c44298fc1c149afbf4c8996fb92427ae41e4649b934ca495991b7852b855,04_PhysX-3D/재현자료/2026-09-21_공식예제진행/03_공식예제결과/evidence/logs/official-example-20260921/runs/20260921T122025Z-terminal-flash-smoke-b0755f7e8b/gpu-driver-info/stderr.log,true
04_PhysX-3D/01_재현실행/재현자료/2026-09-21_공식예제진행/03_공식예제결과/evidence/logs/official-example-20260921/runs/20260921T122025Z-terminal-flash-smoke-b0755f7e8b/gpu-driver-info/stdout.log,1cef5806cb9f45d265966276594ef19d6610650d,145,f00fb8c04eb99a065c4d224c681eb9ae1f35fa37e9681a3f01571fec17497b3a,04_PhysX-3D/재현자료/2026-09-21_공식예제진행/03_공식예제결과/evidence/logs/official-example-20260921/runs/20260921T122025Z-terminal-flash-smoke-b0755f7e8b/gpu-driver-info/stdout.log,true
04_PhysX-3D/01_재현실행/재현자료/2026-09-21_공식예제진행/03_공식예제결과/evidence/logs/official-example-20260921/runs/20260921T122025Z-terminal-flash-smoke-b0755f7e8b/gpu-existing-compute-apps/command.json,9d5b5d989e57003819614afc865fac70811f3324,8472,ddffdcec6b22ea012335d7a1bb65b9cf8290d93aabd39a4b8d06057e982dcb5d,04_PhysX-3D/재현자료/2026-09-21_공식예제진행/03_공식예제결과/evidence/logs/official-example-20260921/runs/20260921T122025Z-terminal-flash-smoke-b0755f7e8b/gpu-existing-compute-apps/command.json,true
04_PhysX-3D/01_재현실행/재현자료/2026-09-21_공식예제진행/03_공식예제결과/evidence/logs/official-example-20260921/runs/20260921T122025Z-terminal-flash-smoke-b0755f7e8b/gpu-existing-compute-apps/result.json,c6e22dfbaaa6be9109cf269ee4a65dbd8a289a81,8600,9e9e97209e48e8becb62d1b0d25a5ac959b738ab5c10d068b33dee1b391228c7,04_PhysX-3D/재현자료/2026-09-21_공식예제진행/03_공식예제결과/evidence/logs/official-example-20260921/runs/20260921T122025Z-terminal-flash-smoke-b0755f7e8b/gpu-existing-compute-apps/result.json,true
04_PhysX-3D/01_재현실행/재현자료/2026-09-21_공식예제진행/03_공식예제결과/evidence/logs/official-example-20260921/runs/20260921T122025Z-terminal-flash-smoke-b0755f7e8b/gpu-existing-compute-apps/stderr.log,e69de29bb2d1d6434b8b29ae775ad8c2e48c5391,0,e3b0c44298fc1c149afbf4c8996fb92427ae41e4649b934ca495991b7852b855,04_PhysX-3D/재현자료/2026-09-21_공식예제진행/03_공식예제결과/evidence/logs/official-example-20260921/runs/20260921T122025Z-terminal-flash-smoke-b0755f7e8b/gpu-existing-compute-apps/stderr.log,true
04_PhysX-3D/01_재현실행/재현자료/2026-09-21_공식예제진행/03_공식예제결과/evidence/logs/official-example-20260921/runs/20260921T122025Z-terminal-flash-smoke-b0755f7e8b/gpu-existing-compute-apps/stdout.log,e69de29bb2d1d6434b8b29ae775ad8c2e48c5391,0,e3b0c44298fc1c149afbf4c8996fb92427ae41e4649b934ca495991b7852b855,04_PhysX-3D/재현자료/2026-09-21_공식예제진행/03_공식예제결과/evidence/logs/official-example-20260921/runs/20260921T122025Z-terminal-flash-smoke-b0755f7e8b/gpu-existing-compute-apps/stdout.log,true
04_PhysX-3D/01_재현실행/재현자료/2026-09-21_공식예제진행/03_공식예제결과/evidence/logs/official-example-20260921/runs/20260921T122025Z-terminal-flash-smoke-b0755f7e8b/gpu-usage-after/command.json,713bba693f8709102e6d72036188d13b10bcc420,8554,2630737ea5f15a415fc4920fd449db1af21a74a6340cdbd9fe968fe572db5f85,04_PhysX-3D/재현자료/2026-09-21_공식예제진행/03_공식예제결과/evidence/logs/official-example-20260921/runs/20260921T122025Z-terminal-flash-smoke-b0755f7e8b/gpu-usage-after/command.json,true
04_PhysX-3D/01_재현실행/재현자료/2026-09-21_공식예제진행/03_공식예제결과/evidence/logs/official-example-20260921/runs/20260921T122025Z-terminal-flash-smoke-b0755f7e8b/gpu-usage-after/result.json,0149fc05fef2f13a5a4cd84e5a046f09c7266611,8682,72c3fcf611d62c693e4cff1c3752d3e271d88705674e8df6584c42013bfcf8af,04_PhysX-3D/재현자료/2026-09-21_공식예제진행/03_공식예제결과/evidence/logs/official-example-20260921/runs/20260921T122025Z-terminal-flash-smoke-b0755f7e8b/gpu-usage-after/result.json,true
04_PhysX-3D/01_재현실행/재현자료/2026-09-21_공식예제진행/03_공식예제결과/evidence/logs/official-example-20260921/runs/20260921T122025Z-terminal-flash-smoke-b0755f7e8b/gpu-usage-after/stderr.log,e69de29bb2d1d6434b8b29ae775ad8c2e48c5391,0,e3b0c44298fc1c149afbf4c8996fb92427ae41e4649b934ca495991b7852b855,04_PhysX-3D/재현자료/2026-09-21_공식예제진행/03_공식예제결과/evidence/logs/official-example-20260921/runs/20260921T122025Z-terminal-flash-smoke-b0755f7e8b/gpu-usage-after/stderr.log,true
04_PhysX-3D/01_재현실행/재현자료/2026-09-21_공식예제진행/03_공식예제결과/evidence/logs/official-example-20260921/runs/20260921T122025Z-terminal-flash-smoke-b0755f7e8b/gpu-usage-after/stdout.log,48fa4b4e6ca747339289aa61491631067634b122,145,db145f1c077bf87ea54d9ee98447bce545346aa21848e67627fcc4e654a9f82f,04_PhysX-3D/재현자료/2026-09-21_공식예제진행/03_공식예제결과/evidence/logs/official-example-20260921/runs/20260921T122025Z-terminal-flash-smoke-b0755f7e8b/gpu-usage-after/stdout.log,true
04_PhysX-3D/01_재현실행/재현자료/2026-09-21_공식예제진행/03_공식예제결과/evidence/logs/official-example-20260921/runs/20260921T122025Z-terminal-flash-smoke-b0755f7e8b/gpu-usage-before/command.json,97a073604239fd15aff629c05e038c138a01b7b8,8554,2220cd2973d0196057aeb1ea3177b1e7e9d4d3d3e0d656203ecda37998bbceeb,04_PhysX-3D/재현자료/2026-09-21_공식예제진행/03_공식예제결과/evidence/logs/official-example-20260921/runs/20260921T122025Z-terminal-flash-smoke-b0755f7e8b/gpu-usage-before/command.json,true
04_PhysX-3D/01_재현실행/재현자료/2026-09-21_공식예제진행/03_공식예제결과/evidence/logs/official-example-20260921/runs/20260921T122025Z-terminal-flash-smoke-b0755f7e8b/gpu-usage-before/result.json,66819304e661770f2fb7a8a0055c104c8f4a89a3,8682,29673459a4fe1b4ab3f94b6f16d5da24d79f4145e654309ffceac5fbc92a7909,04_PhysX-3D/재현자료/2026-09-21_공식예제진행/03_공식예제결과/evidence/logs/official-example-20260921/runs/20260921T122025Z-terminal-flash-smoke-b0755f7e8b/gpu-usage-before/result.json,true
04_PhysX-3D/01_재현실행/재현자료/2026-09-21_공식예제진행/03_공식예제결과/evidence/logs/official-example-20260921/runs/20260921T122025Z-terminal-flash-smoke-b0755f7e8b/gpu-usage-before/stderr.log,e69de29bb2d1d6434b8b29ae775ad8c2e48c5391,0,e3b0c44298fc1c149afbf4c8996fb92427ae41e4649b934ca495991b7852b855,04_PhysX-3D/재현자료/2026-09-21_공식예제진행/03_공식예제결과/evidence/logs/official-example-20260921/runs/20260921T122025Z-terminal-flash-smoke-b0755f7e8b/gpu-usage-before/stderr.log,true
04_PhysX-3D/01_재현실행/재현자료/2026-09-21_공식예제진행/03_공식예제결과/evidence/logs/official-example-20260921/runs/20260921T122025Z-terminal-flash-smoke-b0755f7e8b/gpu-usage-before/stdout.log,a287a3a73d3065f19c818209f182304f13c2c25e,145,176c17952d7c4e199496974e53fa59556f7b6bbceb873e6163f0f45e7df0e3fe,04_PhysX-3D/재현자료/2026-09-21_공식예제진행/03_공식예제결과/evidence/logs/official-example-20260921/runs/20260921T122025Z-terminal-flash-smoke-b0755f7e8b/gpu-usage-before/stdout.log,true
04_PhysX-3D/01_재현실행/재현자료/2026-09-21_공식예제진행/03_공식예제결과/evidence/logs/official-example-20260921/runs/20260921T122025Z-terminal-flash-smoke-b0755f7e8b/gxx-version/command.json,9f62fddd9e17be0b365eda14be0b7784bc944f5e,8345,7419f4190f7ea7436bf9189ef7b22e97c3467fecc6a0223e12dd4263f688c698,04_PhysX-3D/재현자료/2026-09-21_공식예제진행/03_공식예제결과/evidence/logs/official-example-20260921/runs/20260921T122025Z-terminal-flash-smoke-b0755f7e8b/gxx-version/command.json,true
04_PhysX-3D/01_재현실행/재현자료/2026-09-21_공식예제진행/03_공식예제결과/evidence/logs/official-example-20260921/runs/20260921T122025Z-terminal-flash-smoke-b0755f7e8b/gxx-version/result.json,08b897358fce2c74fa6ec628433ed2ee7a2cdbd8,8473,e1ca0b255bc32087732a62297158b6f1aa79b655196ffb68d2a5b5a4261fae9a,04_PhysX-3D/재현자료/2026-09-21_공식예제진행/03_공식예제결과/evidence/logs/official-example-20260921/runs/20260921T122025Z-terminal-flash-smoke-b0755f7e8b/gxx-version/result.json,true
04_PhysX-3D/01_재현실행/재현자료/2026-09-21_공식예제진행/03_공식예제결과/evidence/logs/official-example-20260921/runs/20260921T122025Z-terminal-flash-smoke-b0755f7e8b/gxx-version/stderr.log,e69de29bb2d1d6434b8b29ae775ad8c2e48c5391,0,e3b0c44298fc1c149afbf4c8996fb92427ae41e4649b934ca495991b7852b855,04_PhysX-3D/재현자료/2026-09-21_공식예제진행/03_공식예제결과/evidence/logs/official-example-20260921/runs/20260921T122025Z-terminal-flash-smoke-b0755f7e8b/gxx-version/stderr.log,true
04_PhysX-3D/01_재현실행/재현자료/2026-09-21_공식예제진행/03_공식예제결과/evidence/logs/official-example-20260921/runs/20260921T122025Z-terminal-flash-smoke-b0755f7e8b/gxx-version/stdout.log,ac565bc1cabdf5014d5d901c021f7a92694450e7,7,bb6aade8c4ca40cae9cb1be8abe12377f651fccd82954af74ec61703b6608fc5,04_PhysX-3D/재현자료/2026-09-21_공식예제진행/03_공식예제결과/evidence/logs/official-example-20260921/runs/20260921T122025Z-terminal-flash-smoke-b0755f7e8b/gxx-version/stdout.log,true
04_PhysX-3D/01_재현실행/재현자료/2026-09-21_공식예제진행/03_공식예제결과/evidence/logs/official-example-20260921/runs/20260921T122025Z-terminal-flash-smoke-b0755f7e8b/host-existing-compute-apps/command.json,cdb5a17edadc2e888806e4cb512f69f6a0aabc1f,390,68f9df6ad8475baa0b54a8278321be146da03591d8a8484ee98c97b75f943312,04_PhysX-3D/재현자료/2026-09-21_공식예제진행/03_공식예제결과/evidence/logs/official-example-20260921/runs/20260921T122025Z-terminal-flash-smoke-b0755f7e8b/host-existing-compute-apps/command.json,true
04_PhysX-3D/01_재현실행/재현자료/2026-09-21_공식예제진행/03_공식예제결과/evidence/logs/official-example-20260921/runs/20260921T122025Z-terminal-flash-smoke-b0755f7e8b/host-existing-compute-apps/result.json,816d440c83dfef7851f0cafb5ebd2fec10578bca,518,f3daa687fa38a1da9a2305354ee08870c11f9847806a50baca784918bdd5b2b4,04_PhysX-3D/재현자료/2026-09-21_공식예제진행/03_공식예제결과/evidence/logs/official-example-20260921/runs/20260921T122025Z-terminal-flash-smoke-b0755f7e8b/host-existing-compute-apps/result.json,true
04_PhysX-3D/01_재현실행/재현자료/2026-09-21_공식예제진행/03_공식예제결과/evidence/logs/official-example-20260921/runs/20260921T122025Z-terminal-flash-smoke-b0755f7e8b/host-existing-compute-apps/stderr.log,e69de29bb2d1d6434b8b29ae775ad8c2e48c5391,0,e3b0c44298fc1c149afbf4c8996fb92427ae41e4649b934ca495991b7852b855,04_PhysX-3D/재현자료/2026-09-21_공식예제진행/03_공식예제결과/evidence/logs/official-example-20260921/runs/20260921T122025Z-terminal-flash-smoke-b0755f7e8b/host-existing-compute-apps/stderr.log,true
04_PhysX-3D/01_재현실행/재현자료/2026-09-21_공식예제진행/03_공식예제결과/evidence/logs/official-example-20260921/runs/20260921T122025Z-terminal-flash-smoke-b0755f7e8b/host-existing-compute-apps/stdout.log,e69de29bb2d1d6434b8b29ae775ad8c2e48c5391,0,e3b0c44298fc1c149afbf4c8996fb92427ae41e4649b934ca495991b7852b855,04_PhysX-3D/재현자료/2026-09-21_공식예제진행/03_공식예제결과/evidence/logs/official-example-20260921/runs/20260921T122025Z-terminal-flash-smoke-b0755f7e8b/host-existing-compute-apps/stdout.log,true
04_PhysX-3D/01_재현실행/재현자료/2026-09-21_공식예제진행/03_공식예제결과/evidence/logs/official-example-20260921/runs/20260921T122025Z-terminal-flash-smoke-b0755f7e8b/host-selected-gpu/command.json,c39ce445511f3ea77a84c887723c7092b038bbd7,472,638f6c2a573f7cf7cc41597c2b4a3a1e6d9479c938b8e194f73971b67d92a4a5,04_PhysX-3D/재현자료/2026-09-21_공식예제진행/03_공식예제결과/evidence/logs/official-example-20260921/runs/20260921T122025Z-terminal-flash-smoke-b0755f7e8b/host-selected-gpu/command.json,true
04_PhysX-3D/01_재현실행/재현자료/2026-09-21_공식예제진행/03_공식예제결과/evidence/logs/official-example-20260921/runs/20260921T122025Z-terminal-flash-smoke-b0755f7e8b/host-selected-gpu/result.json,2a96f3f63d9e749bf66b3c198195892c65a445fb,600,315d4163faaf8b4c1aa4b44b85db87ccd5c439e9394b18cf14db3b3ae1e5b135,04_PhysX-3D/재현자료/2026-09-21_공식예제진행/03_공식예제결과/evidence/logs/official-example-20260921/runs/20260921T122025Z-terminal-flash-smoke-b0755f7e8b/host-selected-gpu/result.json,true
04_PhysX-3D/01_재현실행/재현자료/2026-09-21_공식예제진행/03_공식예제결과/evidence/logs/official-example-20260921/runs/20260921T122025Z-terminal-flash-smoke-b0755f7e8b/host-selected-gpu/stderr.log,e69de29bb2d1d6434b8b29ae775ad8c2e48c5391,0,e3b0c44298fc1c149afbf4c8996fb92427ae41e4649b934ca495991b7852b855,04_PhysX-3D/재현자료/2026-09-21_공식예제진행/03_공식예제결과/evidence/logs/official-example-20260921/runs/20260921T122025Z-terminal-flash-smoke-b0755f7e8b/host-selected-gpu/stderr.log,true
04_PhysX-3D/01_재현실행/재현자료/2026-09-21_공식예제진행/03_공식예제결과/evidence/logs/official-example-20260921/runs/20260921T122025Z-terminal-flash-smoke-b0755f7e8b/host-selected-gpu/stdout.log,7e945dcacaeb9b88732eff0ed835d474c86c3e92,145,3ef57fb78066f67f9f5943ea4bf1064d3cbd11b900f02afaf15d7e2f125ac210,04_PhysX-3D/재현자료/2026-09-21_공식예제진행/03_공식예제결과/evidence/logs/official-example-20260921/runs/20260921T122025Z-terminal-flash-smoke-b0755f7e8b/host-selected-gpu/stdout.log,true
04_PhysX-3D/01_재현실행/재현자료/2026-09-21_공식예제진행/03_공식예제결과/evidence/logs/official-example-20260921/runs/20260921T122025Z-terminal-flash-smoke-b0755f7e8b/nvcc-version/command.json,74df245567249cbd9a66b313f17a501eeec1000a,8385,c74bd0368b810fa289e746738302397bf2899104dbdb14133730c7e2b35ff92a,04_PhysX-3D/재현자료/2026-09-21_공식예제진행/03_공식예제결과/evidence/logs/official-example-20260921/runs/20260921T122025Z-terminal-flash-smoke-b0755f7e8b/nvcc-version/command.json,true
04_PhysX-3D/01_재현실행/재현자료/2026-09-21_공식예제진행/03_공식예제결과/evidence/logs/official-example-20260921/runs/20260921T122025Z-terminal-flash-smoke-b0755f7e8b/nvcc-version/result.json,31e6a4e0e4cdf4576b371e415009083829c7cc61,8513,9200f24e2cfc68909d915413fb3979886159526038a2a36487ab47060af60d02,04_PhysX-3D/재현자료/2026-09-21_공식예제진행/03_공식예제결과/evidence/logs/official-example-20260921/runs/20260921T122025Z-terminal-flash-smoke-b0755f7e8b/nvcc-version/result.json,true
04_PhysX-3D/01_재현실행/재현자료/2026-09-21_공식예제진행/03_공식예제결과/evidence/logs/official-example-20260921/runs/20260921T122025Z-terminal-flash-smoke-b0755f7e8b/nvcc-version/stderr.log,e69de29bb2d1d6434b8b29ae775ad8c2e48c5391,0,e3b0c44298fc1c149afbf4c8996fb92427ae41e4649b934ca495991b7852b855,04_PhysX-3D/재현자료/2026-09-21_공식예제진행/03_공식예제결과/evidence/logs/official-example-20260921/runs/20260921T122025Z-terminal-flash-smoke-b0755f7e8b/nvcc-version/stderr.log,true
04_PhysX-3D/01_재현실행/재현자료/2026-09-21_공식예제진행/03_공식예제결과/evidence/logs/official-example-20260921/runs/20260921T122025Z-terminal-flash-smoke-b0755f7e8b/nvcc-version/stdout.log,db7fbc66cc37eaca293616d8e64e24c2511a9805,208,68f8b0a1301428031e307cf5260142a517bff25cc232a09eae2734be475d721f,04_PhysX-3D/재현자료/2026-09-21_공식예제진행/03_공식예제결과/evidence/logs/official-example-20260921/runs/20260921T122025Z-terminal-flash-smoke-b0755f7e8b/nvcc-version/stdout.log,true
04_PhysX-3D/01_재현실행/재현자료/2026-09-21_공식예제진행/03_공식예제결과/evidence/logs/official-example-20260921/runs/20260921T122025Z-terminal-flash-smoke-b0755f7e8b/plan.json,8eaf48309c593186e98bcc197f9da57fb5a15e0b,9460,62c96acd1c14145e1666f262dcec628a8151663f938f20bbbe1ebc9c3a9d5f15,04_PhysX-3D/재현자료/2026-09-21_공식예제진행/03_공식예제결과/evidence/logs/official-example-20260921/runs/20260921T122025Z-terminal-flash-smoke-b0755f7e8b/plan.json,true
04_PhysX-3D/01_재현실행/재현자료/2026-09-21_공식예제진행/03_공식예제결과/evidence/logs/official-example-20260921/runs/20260921T122025Z-terminal-flash-smoke-b0755f7e8b/status.json,f26cd2d2e4c9b42f5a6f51ebbcf6467afe9013e2,688,fee3c86609c8330c09da8506c9b57305d28e4eb97e21134cd529c8ab4ac56f37,04_PhysX-3D/재현자료/2026-09-21_공식예제진행/03_공식예제결과/evidence/logs/official-example-20260921/runs/20260921T122025Z-terminal-flash-smoke-b0755f7e8b/status.json,true
04_PhysX-3D/01_재현실행/재현자료/2026-09-21_공식예제진행/03_공식예제결과/evidence/logs/official-example-20260921/runs/20260921T122032Z-official-table-bbd1fd923c/command/command.json,963348329b6ded3c91f56771405cc4fa045f7dd6,8541,5b3fe07b857ece2fa68ee0bdc62ca9743e1bdce01f1649511c75981c81115085,04_PhysX-3D/재현자료/2026-09-21_공식예제진행/03_공식예제결과/evidence/logs/official-example-20260921/runs/20260921T122032Z-official-table-bbd1fd923c/command/command.json,true
04_PhysX-3D/01_재현실행/재현자료/2026-09-21_공식예제진행/03_공식예제결과/evidence/logs/official-example-20260921/runs/20260921T122032Z-official-table-bbd1fd923c/command/result.json,d3361a637de8c06cdd49086b98b284922f10b337,8670,26fc9155cb28bbd478805c3d3bf8e0f2e1e5bd33164ae39c195572e2f971c11b,04_PhysX-3D/재현자료/2026-09-21_공식예제진행/03_공식예제결과/evidence/logs/official-example-20260921/runs/20260921T122032Z-official-table-bbd1fd923c/command/result.json,true
04_PhysX-3D/01_재현실행/재현자료/2026-09-21_공식예제진행/03_공식예제결과/evidence/logs/official-example-20260921/runs/20260921T122032Z-official-table-bbd1fd923c/command/stderr.log,eccd7768745c746c3813d1961412543fb10b61dc,317739,8320a38ed0c17655ca9d78df4a91ae40fa0c35e1c1dc7a4070e04c130fbcfc53,04_PhysX-3D/재현자료/2026-09-21_공식예제진행/03_공식예제결과/evidence/logs/official-example-20260921/runs/20260921T122032Z-official-table-bbd1fd923c/command/stderr.log,true
04_PhysX-3D/01_재현실행/재현자료/2026-09-21_공식예제진행/03_공식예제결과/evidence/logs/official-example-20260921/runs/20260921T122032Z-official-table-bbd1fd923c/command/stdout.log,96e03651a30bbfb397ba94cae2e6ba469e0498f0,40864,3e33ab82a75f230a392368f6916fa1b4b25201dd3a4db53ac6866253c2abba1d,04_PhysX-3D/재현자료/2026-09-21_공식예제진행/03_공식예제결과/evidence/logs/official-example-20260921/runs/20260921T122032Z-official-table-bbd1fd923c/command/stdout.log,true
04_PhysX-3D/01_재현실행/재현자료/2026-09-21_공식예제진행/03_공식예제결과/evidence/logs/official-example-20260921/runs/20260921T122032Z-official-table-bbd1fd923c/device-mapping.json,40f83ad58ce7bb3d6cb95e8f406a5e29b6b8456e,277,a722ac59a8ce5de35b3604e7f307c3b75f3e60a57ec79359b60f97d3eee7f470,04_PhysX-3D/재현자료/2026-09-21_공식예제진행/03_공식예제결과/evidence/logs/official-example-20260921/runs/20260921T122032Z-official-table-bbd1fd923c/device-mapping.json,true
04_PhysX-3D/01_재현실행/재현자료/2026-09-21_공식예제진행/03_공식예제결과/evidence/logs/official-example-20260921/runs/20260921T122032Z-official-table-bbd1fd923c/gcc-version/command.json,cb95a4234e0962232377973b3105e2aa3271733b,8343,52647c644d61952eda078405453ed21a00922ed7c28a69398f5958e8a8838a12,04_PhysX-3D/재현자료/2026-09-21_공식예제진행/03_공식예제결과/evidence/logs/official-example-20260921/runs/20260921T122032Z-official-table-bbd1fd923c/gcc-version/command.json,true
04_PhysX-3D/01_재현실행/재현자료/2026-09-21_공식예제진행/03_공식예제결과/evidence/logs/official-example-20260921/runs/20260921T122032Z-official-table-bbd1fd923c/gcc-version/result.json,a1fded22a71ef383de38cb43f23f1bc4a495012f,8471,4ced5edb560ac7aad4c3ef9fefde7dc3153c6b0d4dc75048939d1dfd29ef0837,04_PhysX-3D/재현자료/2026-09-21_공식예제진행/03_공식예제결과/evidence/logs/official-example-20260921/runs/20260921T122032Z-official-table-bbd1fd923c/gcc-version/result.json,true
04_PhysX-3D/01_재현실행/재현자료/2026-09-21_공식예제진행/03_공식예제결과/evidence/logs/official-example-20260921/runs/20260921T122032Z-official-table-bbd1fd923c/gcc-version/stderr.log,e69de29bb2d1d6434b8b29ae775ad8c2e48c5391,0,e3b0c44298fc1c149afbf4c8996fb92427ae41e4649b934ca495991b7852b855,04_PhysX-3D/재현자료/2026-09-21_공식예제진행/03_공식예제결과/evidence/logs/official-example-20260921/runs/20260921T122032Z-official-table-bbd1fd923c/gcc-version/stderr.log,true
04_PhysX-3D/01_재현실행/재현자료/2026-09-21_공식예제진행/03_공식예제결과/evidence/logs/official-example-20260921/runs/20260921T122032Z-official-table-bbd1fd923c/gcc-version/stdout.log,ac565bc1cabdf5014d5d901c021f7a92694450e7,7,bb6aade8c4ca40cae9cb1be8abe12377f651fccd82954af74ec61703b6608fc5,04_PhysX-3D/재현자료/2026-09-21_공식예제진행/03_공식예제결과/evidence/logs/official-example-20260921/runs/20260921T122032Z-official-table-bbd1fd923c/gcc-version/stdout.log,true
04_PhysX-3D/01_재현실행/재현자료/2026-09-21_공식예제진행/03_공식예제결과/evidence/logs/official-example-20260921/runs/20260921T122032Z-official-table-bbd1fd923c/gpu-driver-info/command.json,7fc6300f96b6c1c782b2dd7229f1204ff2f62abd,8552,67486af5aa7147d644b6e9a44b002c78f6d81c820de19178b4fa1c42ff651043,04_PhysX-3D/재현자료/2026-09-21_공식예제진행/03_공식예제결과/evidence/logs/official-example-20260921/runs/20260921T122032Z-official-table-bbd1fd923c/gpu-driver-info/command.json,true
04_PhysX-3D/01_재현실행/재현자료/2026-09-21_공식예제진행/03_공식예제결과/evidence/logs/official-example-20260921/runs/20260921T122032Z-official-table-bbd1fd923c/gpu-driver-info/result.json,5e415832ff0064edba9f1ae3ae3bed3413831981,8680,3a0423176c7c0e8bc59e07e0634185ac33ccb35d7412a3ab077af5d2f3951200,04_PhysX-3D/재현자료/2026-09-21_공식예제진행/03_공식예제결과/evidence/logs/official-example-20260921/runs/20260921T122032Z-official-table-bbd1fd923c/gpu-driver-info/result.json,true
04_PhysX-3D/01_재현실행/재현자료/2026-09-21_공식예제진행/03_공식예제결과/evidence/logs/official-example-20260921/runs/20260921T122032Z-official-table-bbd1fd923c/gpu-driver-info/stderr.log,e69de29bb2d1d6434b8b29ae775ad8c2e48c5391,0,e3b0c44298fc1c149afbf4c8996fb92427ae41e4649b934ca495991b7852b855,04_PhysX-3D/재현자료/2026-09-21_공식예제진행/03_공식예제결과/evidence/logs/official-example-20260921/runs/20260921T122032Z-official-table-bbd1fd923c/gpu-driver-info/stderr.log,true
04_PhysX-3D/01_재현실행/재현자료/2026-09-21_공식예제진행/03_공식예제결과/evidence/logs/official-example-20260921/runs/20260921T122032Z-official-table-bbd1fd923c/gpu-driver-info/stdout.log,9fbb0ae125197dafc1dfc69446e2e98e535008e7,145,7332cbd53f6fef57d19eda0c98a82acb8990b24883c79288123941bfd445ae70,04_PhysX-3D/재현자료/2026-09-21_공식예제진행/03_공식예제결과/evidence/logs/official-example-20260921/runs/20260921T122032Z-official-table-bbd1fd923c/gpu-driver-info/stdout.log,true
04_PhysX-3D/01_재현실행/재현자료/2026-09-21_공식예제진행/03_공식예제결과/evidence/logs/official-example-20260921/runs/20260921T122032Z-official-table-bbd1fd923c/gpu-existing-compute-apps/command.json,914280d762945d815137ec65a37a412c717effe6,8470,ab935dd5a4e88d9c3973f884116910fc1760a674cdf15cacbe23ed6e586c820c,04_PhysX-3D/재현자료/2026-09-21_공식예제진행/03_공식예제결과/evidence/logs/official-example-20260921/runs/20260921T122032Z-official-table-bbd1fd923c/gpu-existing-compute-apps/command.json,true
04_PhysX-3D/01_재현실행/재현자료/2026-09-21_공식예제진행/03_공식예제결과/evidence/logs/official-example-20260921/runs/20260921T122032Z-official-table-bbd1fd923c/gpu-existing-compute-apps/result.json,844766abb202cdb9bf5b91167937bcb72603164b,8598,380c47d32d03afa400b5d1510ba42bc77fff40e4fd9f6b1b691c55aadebc84a3,04_PhysX-3D/재현자료/2026-09-21_공식예제진행/03_공식예제결과/evidence/logs/official-example-20260921/runs/20260921T122032Z-official-table-bbd1fd923c/gpu-existing-compute-apps/result.json,true
04_PhysX-3D/01_재현실행/재현자료/2026-09-21_공식예제진행/03_공식예제결과/evidence/logs/official-example-20260921/runs/20260921T122032Z-official-table-bbd1fd923c/gpu-existing-compute-apps/stderr.log,e69de29bb2d1d6434b8b29ae775ad8c2e48c5391,0,e3b0c44298fc1c149afbf4c8996fb92427ae41e4649b934ca495991b7852b855,04_PhysX-3D/재현자료/2026-09-21_공식예제진행/03_공식예제결과/evidence/logs/official-example-20260921/runs/20260921T122032Z-official-table-bbd1fd923c/gpu-existing-compute-apps/stderr.log,true
04_PhysX-3D/01_재현실행/재현자료/2026-09-21_공식예제진행/03_공식예제결과/evidence/logs/official-example-20260921/runs/20260921T122032Z-official-table-bbd1fd923c/gpu-existing-compute-apps/stdout.log,e69de29bb2d1d6434b8b29ae775ad8c2e48c5391,0,e3b0c44298fc1c149afbf4c8996fb92427ae41e4649b934ca495991b7852b855,04_PhysX-3D/재현자료/2026-09-21_공식예제진행/03_공식예제결과/evidence/logs/official-example-20260921/runs/20260921T122032Z-official-table-bbd1fd923c/gpu-existing-compute-apps/stdout.log,true
04_PhysX-3D/01_재현실행/재현자료/2026-09-21_공식예제진행/03_공식예제결과/evidence/logs/official-example-20260921/runs/20260921T122032Z-official-table-bbd1fd923c/gpu-usage-after/command.json,d844dd65e0c9ed4b555c22266bdee473f87fc7ca,8552,9c1d972964c47d8068216b60073af6e1c40b9fc1770be52e6e285c1b9e98c477,04_PhysX-3D/재현자료/2026-09-21_공식예제진행/03_공식예제결과/evidence/logs/official-example-20260921/runs/20260921T122032Z-official-table-bbd1fd923c/gpu-usage-after/command.json,true
04_PhysX-3D/01_재현실행/재현자료/2026-09-21_공식예제진행/03_공식예제결과/evidence/logs/official-example-20260921/runs/20260921T122032Z-official-table-bbd1fd923c/gpu-usage-after/result.json,ef66c441ff647b05327a2a137c2de1ad25a176aa,8680,584ae04619b6529a2ed75f3a4766a4209225a8ec5a66e0fba1686e4d0e3a1099,04_PhysX-3D/재현자료/2026-09-21_공식예제진행/03_공식예제결과/evidence/logs/official-example-20260921/runs/20260921T122032Z-official-table-bbd1fd923c/gpu-usage-after/result.json,true
04_PhysX-3D/01_재현실행/재현자료/2026-09-21_공식예제진행/03_공식예제결과/evidence/logs/official-example-20260921/runs/20260921T122032Z-official-table-bbd1fd923c/gpu-usage-after/stderr.log,e69de29bb2d1d6434b8b29ae775ad8c2e48c5391,0,e3b0c44298fc1c149afbf4c8996fb92427ae41e4649b934ca495991b7852b855,04_PhysX-3D/재현자료/2026-09-21_공식예제진행/03_공식예제결과/evidence/logs/official-example-20260921/runs/20260921T122032Z-official-table-bbd1fd923c/gpu-usage-after/stderr.log,true
04_PhysX-3D/01_재현실행/재현자료/2026-09-21_공식예제진행/03_공식예제결과/evidence/logs/official-example-20260921/runs/20260921T122032Z-official-table-bbd1fd923c/gpu-usage-after/stdout.log,6c76af2df117874422d6d028a42e50569569d06f,145,31496b4a07ffc679770d955d9764450add08c12c3b4ba06de164e519dc1555c7,04_PhysX-3D/재현자료/2026-09-21_공식예제진행/03_공식예제결과/evidence/logs/official-example-20260921/runs/20260921T122032Z-official-table-bbd1fd923c/gpu-usage-after/stdout.log,true
04_PhysX-3D/01_재현실행/재현자료/2026-09-21_공식예제진행/03_공식예제결과/evidence/logs/official-example-20260921/runs/20260921T122032Z-official-table-bbd1fd923c/gpu-usage-before/command.json,61be06c4c79080822db95fdfb2cf39ac6499eb05,8552,742df47d95b2a567470d9d135fa4b8e92506e03199c13dc635c7d0103c5063b1,04_PhysX-3D/재현자료/2026-09-21_공식예제진행/03_공식예제결과/evidence/logs/official-example-20260921/runs/20260921T122032Z-official-table-bbd1fd923c/gpu-usage-before/command.json,true
04_PhysX-3D/01_재현실행/재현자료/2026-09-21_공식예제진행/03_공식예제결과/evidence/logs/official-example-20260921/runs/20260921T122032Z-official-table-bbd1fd923c/gpu-usage-before/result.json,b1a52ea48fa80f471c1bffd5b066d22277078e24,8680,e9b403492ad7bdeac80a85b3e5369685b0442ed16179ec4c4f8d819d5d698781,04_PhysX-3D/재현자료/2026-09-21_공식예제진행/03_공식예제결과/evidence/logs/official-example-20260921/runs/20260921T122032Z-official-table-bbd1fd923c/gpu-usage-before/result.json,true
04_PhysX-3D/01_재현실행/재현자료/2026-09-21_공식예제진행/03_공식예제결과/evidence/logs/official-example-20260921/runs/20260921T122032Z-official-table-bbd1fd923c/gpu-usage-before/stderr.log,e69de29bb2d1d6434b8b29ae775ad8c2e48c5391,0,e3b0c44298fc1c149afbf4c8996fb92427ae41e4649b934ca495991b7852b855,04_PhysX-3D/재현자료/2026-09-21_공식예제진행/03_공식예제결과/evidence/logs/official-example-20260921/runs/20260921T122032Z-official-table-bbd1fd923c/gpu-usage-before/stderr.log,true
04_PhysX-3D/01_재현실행/재현자료/2026-09-21_공식예제진행/03_공식예제결과/evidence/logs/official-example-20260921/runs/20260921T122032Z-official-table-bbd1fd923c/gpu-usage-before/stdout.log,ca77d4e9c4be058af3b34230701d6883f59c9733,145,b3d5ad8ed8db189f811a93c00afcfb12fb080756010089e9022d291d587b2d4c,04_PhysX-3D/재현자료/2026-09-21_공식예제진행/03_공식예제결과/evidence/logs/official-example-20260921/runs/20260921T122032Z-official-table-bbd1fd923c/gpu-usage-before/stdout.log,true
04_PhysX-3D/01_재현실행/재현자료/2026-09-21_공식예제진행/03_공식예제결과/evidence/logs/official-example-20260921/runs/20260921T122032Z-official-table-bbd1fd923c/gxx-version/command.json,a2ea754ab26460b4664453be2fa17a812aa2a292,8343,4e230855a3e42bebf2a8f2f36fce63e52aa6d64460f093d95c108e291efa0a34,04_PhysX-3D/재현자료/2026-09-21_공식예제진행/03_공식예제결과/evidence/logs/official-example-20260921/runs/20260921T122032Z-official-table-bbd1fd923c/gxx-version/command.json,true
04_PhysX-3D/01_재현실행/재현자료/2026-09-21_공식예제진행/03_공식예제결과/evidence/logs/official-example-20260921/runs/20260921T122032Z-official-table-bbd1fd923c/gxx-version/result.json,694f6dea62eee42d567eab49f576879fcb2c6108,8471,13d3883a4862811f756cf5d982997b98592b6bf8ad44e2218852edc2c3b3e2e6,04_PhysX-3D/재현자료/2026-09-21_공식예제진행/03_공식예제결과/evidence/logs/official-example-20260921/runs/20260921T122032Z-official-table-bbd1fd923c/gxx-version/result.json,true
04_PhysX-3D/01_재현실행/재현자료/2026-09-21_공식예제진행/03_공식예제결과/evidence/logs/official-example-20260921/runs/20260921T122032Z-official-table-bbd1fd923c/gxx-version/stderr.log,e69de29bb2d1d6434b8b29ae775ad8c2e48c5391,0,e3b0c44298fc1c149afbf4c8996fb92427ae41e4649b934ca495991b7852b855,04_PhysX-3D/재현자료/2026-09-21_공식예제진행/03_공식예제결과/evidence/logs/official-example-20260921/runs/20260921T122032Z-official-table-bbd1fd923c/gxx-version/stderr.log,true
04_PhysX-3D/01_재현실행/재현자료/2026-09-21_공식예제진행/03_공식예제결과/evidence/logs/official-example-20260921/runs/20260921T122032Z-official-table-bbd1fd923c/gxx-version/stdout.log,ac565bc1cabdf5014d5d901c021f7a92694450e7,7,bb6aade8c4ca40cae9cb1be8abe12377f651fccd82954af74ec61703b6608fc5,04_PhysX-3D/재현자료/2026-09-21_공식예제진행/03_공식예제결과/evidence/logs/official-example-20260921/runs/20260921T122032Z-official-table-bbd1fd923c/gxx-version/stdout.log,true
04_PhysX-3D/01_재현실행/재현자료/2026-09-21_공식예제진행/03_공식예제결과/evidence/logs/official-example-20260921/runs/20260921T122032Z-official-table-bbd1fd923c/host-existing-compute-apps/command.json,db4a52f6564492465a12b875ff81d99b0ce11e76,390,2f64de17b48e6cb2cbea480dab35027831700aee5c7c7df3682d074a399cad71,04_PhysX-3D/재현자료/2026-09-21_공식예제진행/03_공식예제결과/evidence/logs/official-example-20260921/runs/20260921T122032Z-official-table-bbd1fd923c/host-existing-compute-apps/command.json,true
04_PhysX-3D/01_재현실행/재현자료/2026-09-21_공식예제진행/03_공식예제결과/evidence/logs/official-example-20260921/runs/20260921T122032Z-official-table-bbd1fd923c/host-existing-compute-apps/result.json,af53c3d8bed0a4a5fec0abfb1815779d70390e09,518,cd67b373e5a14d878c64e19e72e743f9e909132b942c7b684366bfffe22192a5,04_PhysX-3D/재현자료/2026-09-21_공식예제진행/03_공식예제결과/evidence/logs/official-example-20260921/runs/20260921T122032Z-official-table-bbd1fd923c/host-existing-compute-apps/result.json,true
04_PhysX-3D/01_재현실행/재현자료/2026-09-21_공식예제진행/03_공식예제결과/evidence/logs/official-example-20260921/runs/20260921T122032Z-official-table-bbd1fd923c/host-existing-compute-apps/stderr.log,e69de29bb2d1d6434b8b29ae775ad8c2e48c5391,0,e3b0c44298fc1c149afbf4c8996fb92427ae41e4649b934ca495991b7852b855,04_PhysX-3D/재현자료/2026-09-21_공식예제진행/03_공식예제결과/evidence/logs/official-example-20260921/runs/20260921T122032Z-official-table-bbd1fd923c/host-existing-compute-apps/stderr.log,true
04_PhysX-3D/01_재현실행/재현자료/2026-09-21_공식예제진행/03_공식예제결과/evidence/logs/official-example-20260921/runs/20260921T122032Z-official-table-bbd1fd923c/host-existing-compute-apps/stdout.log,e69de29bb2d1d6434b8b29ae775ad8c2e48c5391,0,e3b0c44298fc1c149afbf4c8996fb92427ae41e4649b934ca495991b7852b855,04_PhysX-3D/재현자료/2026-09-21_공식예제진행/03_공식예제결과/evidence/logs/official-example-20260921/runs/20260921T122032Z-official-table-bbd1fd923c/host-existing-compute-apps/stdout.log,true
04_PhysX-3D/01_재현실행/재현자료/2026-09-21_공식예제진행/03_공식예제결과/evidence/logs/official-example-20260921/runs/20260921T122032Z-official-table-bbd1fd923c/host-selected-gpu/command.json,3ce7b079f12a3efe9cabacbbcbc853d8116e11e0,472,a21ce8be385bffab60f69efa727df9c88ea00167442e871a48b90ecdb3265297,04_PhysX-3D/재현자료/2026-09-21_공식예제진행/03_공식예제결과/evidence/logs/official-example-20260921/runs/20260921T122032Z-official-table-bbd1fd923c/host-selected-gpu/command.json,true
04_PhysX-3D/01_재현실행/재현자료/2026-09-21_공식예제진행/03_공식예제결과/evidence/logs/official-example-20260921/runs/20260921T122032Z-official-table-bbd1fd923c/host-selected-gpu/result.json,f1dedee9cedc4d8c728b8f5fe7a96d06b3474fa2,600,86293fd7aefe8d979774ab036bc595d84da95a00984673e2257b09896d745e8b,04_PhysX-3D/재현자료/2026-09-21_공식예제진행/03_공식예제결과/evidence/logs/official-example-20260921/runs/20260921T122032Z-official-table-bbd1fd923c/host-selected-gpu/result.json,true
04_PhysX-3D/01_재현실행/재현자료/2026-09-21_공식예제진행/03_공식예제결과/evidence/logs/official-example-20260921/runs/20260921T122032Z-official-table-bbd1fd923c/host-selected-gpu/stderr.log,e69de29bb2d1d6434b8b29ae775ad8c2e48c5391,0,e3b0c44298fc1c149afbf4c8996fb92427ae41e4649b934ca495991b7852b855,04_PhysX-3D/재현자료/2026-09-21_공식예제진행/03_공식예제결과/evidence/logs/official-example-20260921/runs/20260921T122032Z-official-table-bbd1fd923c/host-selected-gpu/stderr.log,true
04_PhysX-3D/01_재현실행/재현자료/2026-09-21_공식예제진행/03_공식예제결과/evidence/logs/official-example-20260921/runs/20260921T122032Z-official-table-bbd1fd923c/host-selected-gpu/stdout.log,a542d55e21b350eb8c5d66d07e0559b7e2624c5a,145,672022301937bc65828683d35aea71f85c867e06ff53bb8ad40ca0b46c21b61a,04_PhysX-3D/재현자료/2026-09-21_공식예제진행/03_공식예제결과/evidence/logs/official-example-20260921/runs/20260921T122032Z-official-table-bbd1fd923c/host-selected-gpu/stdout.log,true
04_PhysX-3D/01_재현실행/재현자료/2026-09-21_공식예제진행/03_공식예제결과/evidence/logs/official-example-20260921/runs/20260921T122032Z-official-table-bbd1fd923c/nvcc-version/command.json,860b5697c401883d3540a0501107726cfd23c4e7,8383,634ce9fa11818f7d575690546de09448e51a4ef9bf128cc611cb39123913ac72,04_PhysX-3D/재현자료/2026-09-21_공식예제진행/03_공식예제결과/evidence/logs/official-example-20260921/runs/20260921T122032Z-official-table-bbd1fd923c/nvcc-version/command.json,true
04_PhysX-3D/01_재현실행/재현자료/2026-09-21_공식예제진행/03_공식예제결과/evidence/logs/official-example-20260921/runs/20260921T122032Z-official-table-bbd1fd923c/nvcc-version/result.json,fb273bd3d4585f993e202a609212883bb06ce364,8511,c67ac0533aa6f1d9914a0b902f31770ae46c4cf6ae6793b4c0f946bef713e0cc,04_PhysX-3D/재현자료/2026-09-21_공식예제진행/03_공식예제결과/evidence/logs/official-example-20260921/runs/20260921T122032Z-official-table-bbd1fd923c/nvcc-version/result.json,true
04_PhysX-3D/01_재현실행/재현자료/2026-09-21_공식예제진행/03_공식예제결과/evidence/logs/official-example-20260921/runs/20260921T122032Z-official-table-bbd1fd923c/nvcc-version/stderr.log,e69de29bb2d1d6434b8b29ae775ad8c2e48c5391,0,e3b0c44298fc1c149afbf4c8996fb92427ae41e4649b934ca495991b7852b855,04_PhysX-3D/재현자료/2026-09-21_공식예제진행/03_공식예제결과/evidence/logs/official-example-20260921/runs/20260921T122032Z-official-table-bbd1fd923c/nvcc-version/stderr.log,true
04_PhysX-3D/01_재현실행/재현자료/2026-09-21_공식예제진행/03_공식예제결과/evidence/logs/official-example-20260921/runs/20260921T122032Z-official-table-bbd1fd923c/nvcc-version/stdout.log,db7fbc66cc37eaca293616d8e64e24c2511a9805,208,68f8b0a1301428031e307cf5260142a517bff25cc232a09eae2734be475d721f,04_PhysX-3D/재현자료/2026-09-21_공식예제진행/03_공식예제결과/evidence/logs/official-example-20260921/runs/20260921T122032Z-official-table-bbd1fd923c/nvcc-version/stdout.log,true
04_PhysX-3D/01_재현실행/재현자료/2026-09-21_공식예제진행/03_공식예제결과/evidence/logs/official-example-20260921/runs/20260921T122032Z-official-table-bbd1fd923c/plan.json,b359b6b99f8bd031ac962d502c0879fe66afdcf2,9429,e61691d63c724d4830eab5e4844dc128f73fc0ca3603a3f6125399508eb3d79f,04_PhysX-3D/재현자료/2026-09-21_공식예제진행/03_공식예제결과/evidence/logs/official-example-20260921/runs/20260921T122032Z-official-table-bbd1fd923c/plan.json,true
04_PhysX-3D/01_재현실행/재현자료/2026-09-21_공식예제진행/03_공식예제결과/evidence/logs/official-example-20260921/runs/20260921T122032Z-official-table-bbd1fd923c/status.json,d2a4c84e97a20dded80dbd10b1529f8d25008df0,676,1763c1a68c906cac2a338c671d2d539bca4653e078f6718dcf1449120edab809,04_PhysX-3D/재현자료/2026-09-21_공식예제진행/03_공식예제결과/evidence/logs/official-example-20260921/runs/20260921T122032Z-official-table-bbd1fd923c/status.json,true
04_PhysX-3D/01_재현실행/재현자료/2026-09-21_공식예제진행/03_공식예제결과/evidence/logs/official-example-20260921/runs/20260921T122154Z-terminal-output-verify-07040095cc/command/command.json,5cc9b2d00ab5de029c777894dc8bc946b8568dbc,8740,7025b8d2a22130f16e8b1d8d239dd84e0b4577332c2edd0b2c35f735626ec374,04_PhysX-3D/재현자료/2026-09-21_공식예제진행/03_공식예제결과/evidence/logs/official-example-20260921/runs/20260921T122154Z-terminal-output-verify-07040095cc/command/command.json,true
04_PhysX-3D/01_재현실행/재현자료/2026-09-21_공식예제진행/03_공식예제결과/evidence/logs/official-example-20260921/runs/20260921T122154Z-terminal-output-verify-07040095cc/command/result.json,2d0a2979867f14f031f5a2a44e496104abf0d641,8868,d1d00fad65c5d2e488dcf398a4b6ccbf65c26be836f4680640070a748256996c,04_PhysX-3D/재현자료/2026-09-21_공식예제진행/03_공식예제결과/evidence/logs/official-example-20260921/runs/20260921T122154Z-terminal-output-verify-07040095cc/command/result.json,true
04_PhysX-3D/01_재현실행/재현자료/2026-09-21_공식예제진행/03_공식예제결과/evidence/logs/official-example-20260921/runs/20260921T122154Z-terminal-output-verify-07040095cc/command/stderr.log,e69de29bb2d1d6434b8b29ae775ad8c2e48c5391,0,e3b0c44298fc1c149afbf4c8996fb92427ae41e4649b934ca495991b7852b855,04_PhysX-3D/재현자료/2026-09-21_공식예제진행/03_공식예제결과/evidence/logs/official-example-20260921/runs/20260921T122154Z-terminal-output-verify-07040095cc/command/stderr.log,true
04_PhysX-3D/01_재현실행/재현자료/2026-09-21_공식예제진행/03_공식예제결과/evidence/logs/official-example-20260921/runs/20260921T122154Z-terminal-output-verify-07040095cc/command/stdout.log,0918e8cdf62f3d9d0d7eae09d4d48a3975932dc3,6001,5239599c0b789da309cf5bf4cfdfeb6cee39a9f57e04372f08955d8a919c9834,04_PhysX-3D/재현자료/2026-09-21_공식예제진행/03_공식예제결과/evidence/logs/official-example-20260921/runs/20260921T122154Z-terminal-output-verify-07040095cc/command/stdout.log,true
04_PhysX-3D/01_재현실행/재현자료/2026-09-21_공식예제진행/03_공식예제결과/evidence/logs/official-example-20260921/runs/20260921T122154Z-terminal-output-verify-07040095cc/gcc-version/command.json,b249f05231104ae647b4fabf6872edbca698da44,8137,3555ae3fb8f959e92dd70104ea80b3e9bea2aa5948b95b34f419b1cf6f51b0b1,04_PhysX-3D/재현자료/2026-09-21_공식예제진행/03_공식예제결과/evidence/logs/official-example-20260921/runs/20260921T122154Z-terminal-output-verify-07040095cc/gcc-version/command.json,true
04_PhysX-3D/01_재현실행/재현자료/2026-09-21_공식예제진행/03_공식예제결과/evidence/logs/official-example-20260921/runs/20260921T122154Z-terminal-output-verify-07040095cc/gcc-version/result.json,9a62582c0c87a1f9d059489d5769a4a33c465762,8265,19a8256b8147c1e2663d56c2dfd015afdbdc68bd614c0d1781ecbabbc73d83cb,04_PhysX-3D/재현자료/2026-09-21_공식예제진행/03_공식예제결과/evidence/logs/official-example-20260921/runs/20260921T122154Z-terminal-output-verify-07040095cc/gcc-version/result.json,true
04_PhysX-3D/01_재현실행/재현자료/2026-09-21_공식예제진행/03_공식예제결과/evidence/logs/official-example-20260921/runs/20260921T122154Z-terminal-output-verify-07040095cc/gcc-version/stderr.log,e69de29bb2d1d6434b8b29ae775ad8c2e48c5391,0,e3b0c44298fc1c149afbf4c8996fb92427ae41e4649b934ca495991b7852b855,04_PhysX-3D/재현자료/2026-09-21_공식예제진행/03_공식예제결과/evidence/logs/official-example-20260921/runs/20260921T122154Z-terminal-output-verify-07040095cc/gcc-version/stderr.log,true
04_PhysX-3D/01_재현실행/재현자료/2026-09-21_공식예제진행/03_공식예제결과/evidence/logs/official-example-20260921/runs/20260921T122154Z-terminal-output-verify-07040095cc/gcc-version/stdout.log,ac565bc1cabdf5014d5d901c021f7a92694450e7,7,bb6aade8c4ca40cae9cb1be8abe12377f651fccd82954af74ec61703b6608fc5,04_PhysX-3D/재현자료/2026-09-21_공식예제진행/03_공식예제결과/evidence/logs/official-example-20260921/runs/20260921T122154Z-terminal-output-verify-07040095cc/gcc-version/stdout.log,true
04_PhysX-3D/01_재현실행/재현자료/2026-09-21_공식예제진행/03_공식예제결과/evidence/logs/official-example-20260921/runs/20260921T122154Z-terminal-output-verify-07040095cc/gxx-version/command.json,c59881b99d403f03c00c643f89e059602b8f69f1,8137,aafe58c64080a6f39e801d2b35eefd6fe2814695a3de195bfdb4daa5e156b60f,04_PhysX-3D/재현자료/2026-09-21_공식예제진행/03_공식예제결과/evidence/logs/official-example-20260921/runs/20260921T122154Z-terminal-output-verify-07040095cc/gxx-version/command.json,true
04_PhysX-3D/01_재현실행/재현자료/2026-09-21_공식예제진행/03_공식예제결과/evidence/logs/official-example-20260921/runs/20260921T122154Z-terminal-output-verify-07040095cc/gxx-version/result.json,7ef4bd548c98c924e271ce8455df3c76469410f0,8265,c39a8829e2c6413169afdf447f5e21ce3694e90f9b58adcfde12670065f99e74,04_PhysX-3D/재현자료/2026-09-21_공식예제진행/03_공식예제결과/evidence/logs/official-example-20260921/runs/20260921T122154Z-terminal-output-verify-07040095cc/gxx-version/result.json,true
04_PhysX-3D/01_재현실행/재현자료/2026-09-21_공식예제진행/03_공식예제결과/evidence/logs/official-example-20260921/runs/20260921T122154Z-terminal-output-verify-07040095cc/gxx-version/stderr.log,e69de29bb2d1d6434b8b29ae775ad8c2e48c5391,0,e3b0c44298fc1c149afbf4c8996fb92427ae41e4649b934ca495991b7852b855,04_PhysX-3D/재현자료/2026-09-21_공식예제진행/03_공식예제결과/evidence/logs/official-example-20260921/runs/20260921T122154Z-terminal-output-verify-07040095cc/gxx-version/stderr.log,true
04_PhysX-3D/01_재현실행/재현자료/2026-09-21_공식예제진행/03_공식예제결과/evidence/logs/official-example-20260921/runs/20260921T122154Z-terminal-output-verify-07040095cc/gxx-version/stdout.log,ac565bc1cabdf5014d5d901c021f7a92694450e7,7,bb6aade8c4ca40cae9cb1be8abe12377f651fccd82954af74ec61703b6608fc5,04_PhysX-3D/재현자료/2026-09-21_공식예제진행/03_공식예제결과/evidence/logs/official-example-20260921/runs/20260921T122154Z-terminal-output-verify-07040095cc/gxx-version/stdout.log,true
04_PhysX-3D/01_재현실행/재현자료/2026-09-21_공식예제진행/03_공식예제결과/evidence/logs/official-example-20260921/runs/20260921T122154Z-terminal-output-verify-07040095cc/nvcc-version/command.json,14710e16b88f1e7455d2966c8ebecd19daea9719,8177,6c0f35b8c128e2d24f3009bba5b8af93aece6902abbbc65f6132b9e1df515550,04_PhysX-3D/재현자료/2026-09-21_공식예제진행/03_공식예제결과/evidence/logs/official-example-20260921/runs/20260921T122154Z-terminal-output-verify-07040095cc/nvcc-version/command.json,true
04_PhysX-3D/01_재현실행/재현자료/2026-09-21_공식예제진행/03_공식예제결과/evidence/logs/official-example-20260921/runs/20260921T122154Z-terminal-output-verify-07040095cc/nvcc-version/result.json,3503c78beda088c39a518c2c77b53bad00c8abf8,8305,69ea4625e6d868cd5d5fac97e613619b54aceb464930adcf2fc24a7a0b9c0195,04_PhysX-3D/재현자료/2026-09-21_공식예제진행/03_공식예제결과/evidence/logs/official-example-20260921/runs/20260921T122154Z-terminal-output-verify-07040095cc/nvcc-version/result.json,true
04_PhysX-3D/01_재현실행/재현자료/2026-09-21_공식예제진행/03_공식예제결과/evidence/logs/official-example-20260921/runs/20260921T122154Z-terminal-output-verify-07040095cc/nvcc-version/stderr.log,e69de29bb2d1d6434b8b29ae775ad8c2e48c5391,0,e3b0c44298fc1c149afbf4c8996fb92427ae41e4649b934ca495991b7852b855,04_PhysX-3D/재현자료/2026-09-21_공식예제진행/03_공식예제결과/evidence/logs/official-example-20260921/runs/20260921T122154Z-terminal-output-verify-07040095cc/nvcc-version/stderr.log,true
04_PhysX-3D/01_재현실행/재현자료/2026-09-21_공식예제진행/03_공식예제결과/evidence/logs/official-example-20260921/runs/20260921T122154Z-terminal-output-verify-07040095cc/nvcc-version/stdout.log,db7fbc66cc37eaca293616d8e64e24c2511a9805,208,68f8b0a1301428031e307cf5260142a517bff25cc232a09eae2734be475d721f,04_PhysX-3D/재현자료/2026-09-21_공식예제진행/03_공식예제결과/evidence/logs/official-example-20260921/runs/20260921T122154Z-terminal-output-verify-07040095cc/nvcc-version/stdout.log,true
04_PhysX-3D/01_재현실행/재현자료/2026-09-21_공식예제진행/03_공식예제결과/evidence/logs/official-example-20260921/runs/20260921T122154Z-terminal-output-verify-07040095cc/plan.json,43a68e2ff627927cdc95e20848e64718cfe4abe1,9625,d95c2f8d291ca7326c3183cdb158c75d709c99227709acb0f4cafcabee561383,04_PhysX-3D/재현자료/2026-09-21_공식예제진행/03_공식예제결과/evidence/logs/official-example-20260921/runs/20260921T122154Z-terminal-output-verify-07040095cc/plan.json,true
04_PhysX-3D/01_재현실행/재현자료/2026-09-21_공식예제진행/03_공식예제결과/evidence/logs/official-example-20260921/runs/20260921T122154Z-terminal-output-verify-07040095cc/status.json,45bee445889f02ee674fbe33a8cb29e75a70bb3d,537,755103ac0f8df2a8b0558928555f2fcce263945f498e0f156132ff6aa4efb822,04_PhysX-3D/재현자료/2026-09-21_공식예제진행/03_공식예제결과/evidence/logs/official-example-20260921/runs/20260921T122154Z-terminal-output-verify-07040095cc/status.json,true
04_PhysX-3D/01_재현실행/재현자료/2026-09-21_공식예제진행/03_공식예제결과/evidence/logs/official-example-20260921/runs/20260921T122927Z-completed-artifact-visual-review-96c2b97aae/command/command.json,dbed68d403da83265b68f77ebfa656e4c3d82248,8351,c70cedcbcee9d65a168ade4c82b7f88b977b30241e35fc55847c82070c6be023,04_PhysX-3D/재현자료/2026-09-21_공식예제진행/03_공식예제결과/evidence/logs/official-example-20260921/runs/20260921T122927Z-completed-artifact-visual-review-96c2b97aae/command/command.json,true
04_PhysX-3D/01_재현실행/재현자료/2026-09-21_공식예제진행/03_공식예제결과/evidence/logs/official-example-20260921/runs/20260921T122927Z-completed-artifact-visual-review-96c2b97aae/command/result.json,5e89baea77a78670acd6931bdd174470f850cc24,8479,ac1a075978d4fd5fb13ce5ead1ed843a9bea5a6d766c1e8b90d4a2d9a59d5aeb,04_PhysX-3D/재현자료/2026-09-21_공식예제진행/03_공식예제결과/evidence/logs/official-example-20260921/runs/20260921T122927Z-completed-artifact-visual-review-96c2b97aae/command/result.json,true
04_PhysX-3D/01_재현실행/재현자료/2026-09-21_공식예제진행/03_공식예제결과/evidence/logs/official-example-20260921/runs/20260921T122927Z-completed-artifact-visual-review-96c2b97aae/command/stderr.log,e69de29bb2d1d6434b8b29ae775ad8c2e48c5391,0,e3b0c44298fc1c149afbf4c8996fb92427ae41e4649b934ca495991b7852b855,04_PhysX-3D/재현자료/2026-09-21_공식예제진행/03_공식예제결과/evidence/logs/official-example-20260921/runs/20260921T122927Z-completed-artifact-visual-review-96c2b97aae/command/stderr.log,true
04_PhysX-3D/01_재현실행/재현자료/2026-09-21_공식예제진행/03_공식예제결과/evidence/logs/official-example-20260921/runs/20260921T122927Z-completed-artifact-visual-review-96c2b97aae/command/stdout.log,64f3310bcd7095b5c5e56afc37ee5c88d8cbebcd,1554,88776efce10b36fc2c8e49f7dbbed6700a24bcd33db8a7a1c34962d2622467be,04_PhysX-3D/재현자료/2026-09-21_공식예제진행/03_공식예제결과/evidence/logs/official-example-20260921/runs/20260921T122927Z-completed-artifact-visual-review-96c2b97aae/command/stdout.log,true
04_PhysX-3D/01_재현실행/재현자료/2026-09-21_공식예제진행/03_공식예제결과/evidence/logs/official-example-20260921/runs/20260921T122927Z-completed-artifact-visual-review-96c2b97aae/gcc-version/command.json,547fc79a26d3ebee7cd95a904ba5e2a6aefdf1e2,8207,4290f8aee010097d47c301e5d9bdb41011b7041611a48017ad5949184adb4466,04_PhysX-3D/재현자료/2026-09-21_공식예제진행/03_공식예제결과/evidence/logs/official-example-20260921/runs/20260921T122927Z-completed-artifact-visual-review-96c2b97aae/gcc-version/command.json,true
04_PhysX-3D/01_재현실행/재현자료/2026-09-21_공식예제진행/03_공식예제결과/evidence/logs/official-example-20260921/runs/20260921T122927Z-completed-artifact-visual-review-96c2b97aae/gcc-version/result.json,b918833cc29cd5723cd1ea706c89c84d23c09d39,8335,b49028432e8da34ca55553029d227238393ce89a53946574e51887b7cf703687,04_PhysX-3D/재현자료/2026-09-21_공식예제진행/03_공식예제결과/evidence/logs/official-example-20260921/runs/20260921T122927Z-completed-artifact-visual-review-96c2b97aae/gcc-version/result.json,true
04_PhysX-3D/01_재현실행/재현자료/2026-09-21_공식예제진행/03_공식예제결과/evidence/logs/official-example-20260921/runs/20260921T122927Z-completed-artifact-visual-review-96c2b97aae/gcc-version/stderr.log,e69de29bb2d1d6434b8b29ae775ad8c2e48c5391,0,e3b0c44298fc1c149afbf4c8996fb92427ae41e4649b934ca495991b7852b855,04_PhysX-3D/재현자료/2026-09-21_공식예제진행/03_공식예제결과/evidence/logs/official-example-20260921/runs/20260921T122927Z-completed-artifact-visual-review-96c2b97aae/gcc-version/stderr.log,true
04_PhysX-3D/01_재현실행/재현자료/2026-09-21_공식예제진행/03_공식예제결과/evidence/logs/official-example-20260921/runs/20260921T122927Z-completed-artifact-visual-review-96c2b97aae/gcc-version/stdout.log,ac565bc1cabdf5014d5d901c021f7a92694450e7,7,bb6aade8c4ca40cae9cb1be8abe12377f651fccd82954af74ec61703b6608fc5,04_PhysX-3D/재현자료/2026-09-21_공식예제진행/03_공식예제결과/evidence/logs/official-example-20260921/runs/20260921T122927Z-completed-artifact-visual-review-96c2b97aae/gcc-version/stdout.log,true
04_PhysX-3D/01_재현실행/재현자료/2026-09-21_공식예제진행/03_공식예제결과/evidence/logs/official-example-20260921/runs/20260921T122927Z-completed-artifact-visual-review-96c2b97aae/gxx-version/command.json,0c41b87feaef6e4c5649f3584697e798cce55dc9,8207,63350584c3cd1d29a45a2ff865a3382d323e67f154d3f4bf015f200368ccaa0e,04_PhysX-3D/재현자료/2026-09-21_공식예제진행/03_공식예제결과/evidence/logs/official-example-20260921/runs/20260921T122927Z-completed-artifact-visual-review-96c2b97aae/gxx-version/command.json,true
04_PhysX-3D/01_재현실행/재현자료/2026-09-21_공식예제진행/03_공식예제결과/evidence/logs/official-example-20260921/runs/20260921T122927Z-completed-artifact-visual-review-96c2b97aae/gxx-version/result.json,c25f1c4051d21af6b4a7fc1f51bcc583a7814441,8335,ef4e042753434a525caf8cff192c3c91c2d9b8e039061a96c1fdae967f5b7d14,04_PhysX-3D/재현자료/2026-09-21_공식예제진행/03_공식예제결과/evidence/logs/official-example-20260921/runs/20260921T122927Z-completed-artifact-visual-review-96c2b97aae/gxx-version/result.json,true
04_PhysX-3D/01_재현실행/재현자료/2026-09-21_공식예제진행/03_공식예제결과/evidence/logs/official-example-20260921/runs/20260921T122927Z-completed-artifact-visual-review-96c2b97aae/gxx-version/stderr.log,e69de29bb2d1d6434b8b29ae775ad8c2e48c5391,0,e3b0c44298fc1c149afbf4c8996fb92427ae41e4649b934ca495991b7852b855,04_PhysX-3D/재현자료/2026-09-21_공식예제진행/03_공식예제결과/evidence/logs/official-example-20260921/runs/20260921T122927Z-completed-artifact-visual-review-96c2b97aae/gxx-version/stderr.log,true
04_PhysX-3D/01_재현실행/재현자료/2026-09-21_공식예제진행/03_공식예제결과/evidence/logs/official-example-20260921/runs/20260921T122927Z-completed-artifact-visual-review-96c2b97aae/gxx-version/stdout.log,ac565bc1cabdf5014d5d901c021f7a92694450e7,7,bb6aade8c4ca40cae9cb1be8abe12377f651fccd82954af74ec61703b6608fc5,04_PhysX-3D/재현자료/2026-09-21_공식예제진행/03_공식예제결과/evidence/logs/official-example-20260921/runs/20260921T122927Z-completed-artifact-visual-review-96c2b97aae/gxx-version/stdout.log,true
04_PhysX-3D/01_재현실행/재현자료/2026-09-21_공식예제진행/03_공식예제결과/evidence/logs/official-example-20260921/runs/20260921T122927Z-completed-artifact-visual-review-96c2b97aae/nvcc-version/command.json,3fbccdd3a9ea451f52a0cbc280caa527e99e5de9,8247,612735172498e38bc8c3fda89bdd42b8425ee009393a245b256c091e75766202,04_PhysX-3D/재현자료/2026-09-21_공식예제진행/03_공식예제결과/evidence/logs/official-example-20260921/runs/20260921T122927Z-completed-artifact-visual-review-96c2b97aae/nvcc-version/command.json,true
04_PhysX-3D/01_재현실행/재현자료/2026-09-21_공식예제진행/03_공식예제결과/evidence/logs/official-example-20260921/runs/20260921T122927Z-completed-artifact-visual-review-96c2b97aae/nvcc-version/result.json,845cf673ff32f5b24a2c4e338734cebbd0eaa395,8375,aaecb7072f55b301b423657fef44773b5c298dae8a8fe5ae2dc5d681f1bd6a65,04_PhysX-3D/재현자료/2026-09-21_공식예제진행/03_공식예제결과/evidence/logs/official-example-20260921/runs/20260921T122927Z-completed-artifact-visual-review-96c2b97aae/nvcc-version/result.json,true
04_PhysX-3D/01_재현실행/재현자료/2026-09-21_공식예제진행/03_공식예제결과/evidence/logs/official-example-20260921/runs/20260921T122927Z-completed-artifact-visual-review-96c2b97aae/nvcc-version/stderr.log,e69de29bb2d1d6434b8b29ae775ad8c2e48c5391,0,e3b0c44298fc1c149afbf4c8996fb92427ae41e4649b934ca495991b7852b855,04_PhysX-3D/재현자료/2026-09-21_공식예제진행/03_공식예제결과/evidence/logs/official-example-20260921/runs/20260921T122927Z-completed-artifact-visual-review-96c2b97aae/nvcc-version/stderr.log,true
04_PhysX-3D/01_재현실행/재현자료/2026-09-21_공식예제진행/03_공식예제결과/evidence/logs/official-example-20260921/runs/20260921T122927Z-completed-artifact-visual-review-96c2b97aae/nvcc-version/stdout.log,db7fbc66cc37eaca293616d8e64e24c2511a9805,208,68f8b0a1301428031e307cf5260142a517bff25cc232a09eae2734be475d721f,04_PhysX-3D/재현자료/2026-09-21_공식예제진행/03_공식예제결과/evidence/logs/official-example-20260921/runs/20260921T122927Z-completed-artifact-visual-review-96c2b97aae/nvcc-version/stdout.log,true
04_PhysX-3D/01_재현실행/재현자료/2026-09-21_공식예제진행/03_공식예제결과/evidence/logs/official-example-20260921/runs/20260921T122927Z-completed-artifact-visual-review-96c2b97aae/plan.json,5217d7b42081c2e8a8668ae48573f3f8706b5b46,8718,1945e6ff9b17647ed6cf779b647c0605cb647073c7b2773009220dd62d3cb875,04_PhysX-3D/재현자료/2026-09-21_공식예제진행/03_공식예제결과/evidence/logs/official-example-20260921/runs/20260921T122927Z-completed-artifact-visual-review-96c2b97aae/plan.json,true
04_PhysX-3D/01_재현실행/재현자료/2026-09-21_공식예제진행/03_공식예제결과/evidence/logs/official-example-20260921/runs/20260921T122927Z-completed-artifact-visual-review-96c2b97aae/status.json,5a6d6059c37a97299fa7d134ab3e12685c90b6d0,557,f4b405441ea3da8daa17e25ea4a6c69e089609d08c370ad5affd61fc7b6da541,04_PhysX-3D/재현자료/2026-09-21_공식예제진행/03_공식예제결과/evidence/logs/official-example-20260921/runs/20260921T122927Z-completed-artifact-visual-review-96c2b97aae/status.json,true
04_PhysX-3D/01_재현실행/재현자료/2026-09-21_공식예제진행/03_공식예제결과/evidence/logs/official-example-20260921/source-commands/20260921T085513199413Z-physx-init/command.json,710c98ac56df777398989bf87621a0b4b2c25e92,241,7ed4cd20000d718a06e339cb29a3683e34bf5bec491a33e89c2f4af12d017dc1,04_PhysX-3D/재현자료/2026-09-21_공식예제진행/03_공식예제결과/evidence/logs/official-example-20260921/source-commands/20260921T085513199413Z-physx-init/command.json,true
04_PhysX-3D/01_재현실행/재현자료/2026-09-21_공식예제진행/03_공식예제결과/evidence/logs/official-example-20260921/source-commands/20260921T085513199413Z-physx-init/result.json,76aabdbeb4777541e8d9c17643081770d9b3d71f,312,b3cee318b733c7f474762b43713da4978e65cdfaad1d1d2099480822cd0b79a8,04_PhysX-3D/재현자료/2026-09-21_공식예제진행/03_공식예제결과/evidence/logs/official-example-20260921/source-commands/20260921T085513199413Z-physx-init/result.json,true
04_PhysX-3D/01_재현실행/재현자료/2026-09-21_공식예제진행/03_공식예제결과/evidence/logs/official-example-20260921/source-commands/20260921T085513199413Z-physx-init/stderr.log,80f8cdcd3fef5c7433c4ee442ef557baafa251eb,485,7cc74f74cc8a8f9938bd00571e2c171ce3c59d048f2242a836ccca722182d430,04_PhysX-3D/재현자료/2026-09-21_공식예제진행/03_공식예제결과/evidence/logs/official-example-20260921/source-commands/20260921T085513199413Z-physx-init/stderr.log,true
04_PhysX-3D/01_재현실행/재현자료/2026-09-21_공식예제진행/03_공식예제결과/evidence/logs/official-example-20260921/source-commands/20260921T085513199413Z-physx-init/stdout.log,7c10c3e90209d7983c65fe74d44a606c5212eca7,100,0267a998e49626f17b44009ff15caeb557c25229076cde8ad2d9771c65927970,04_PhysX-3D/재현자료/2026-09-21_공식예제진행/03_공식예제결과/evidence/logs/official-example-20260921/source-commands/20260921T085513199413Z-physx-init/stdout.log,true
04_PhysX-3D/01_재현실행/재현자료/2026-09-21_공식예제진행/03_공식예제결과/evidence/logs/official-example-20260921/source-commands/20260921T085513202336Z-physx-origin/command.json,615527cc9b3262f86e9d47dd306202a8bb2da9e3,311,3530112e20899f3132d006c030581c359be8679fef985f111fa2f7c6d734ba36,04_PhysX-3D/재현자료/2026-09-21_공식예제진행/03_공식예제결과/evidence/logs/official-example-20260921/source-commands/20260921T085513202336Z-physx-origin/command.json,true
04_PhysX-3D/01_재현실행/재현자료/2026-09-21_공식예제진행/03_공식예제결과/evidence/logs/official-example-20260921/source-commands/20260921T085513202336Z-physx-origin/result.json,edc5b86fa1eec4e07a0b557f9cf2a841b0045a28,382,12f569dc598d80d365348061c47902bb4ed0a265a79b3c7a9754f81362168f4d,04_PhysX-3D/재현자료/2026-09-21_공식예제진행/03_공식예제결과/evidence/logs/official-example-20260921/source-commands/20260921T085513202336Z-physx-origin/result.json,true
04_PhysX-3D/01_재현실행/재현자료/2026-09-21_공식예제진행/03_공식예제결과/evidence/logs/official-example-20260921/source-commands/20260921T085513202336Z-physx-origin/stderr.log,e69de29bb2d1d6434b8b29ae775ad8c2e48c5391,0,e3b0c44298fc1c149afbf4c8996fb92427ae41e4649b934ca495991b7852b855,04_PhysX-3D/재현자료/2026-09-21_공식예제진행/03_공식예제결과/evidence/logs/official-example-20260921/source-commands/20260921T085513202336Z-physx-origin/stderr.log,true
04_PhysX-3D/01_재현실행/재현자료/2026-09-21_공식예제진행/03_공식예제결과/evidence/logs/official-example-20260921/source-commands/20260921T085513202336Z-physx-origin/stdout.log,e69de29bb2d1d6434b8b29ae775ad8c2e48c5391,0,e3b0c44298fc1c149afbf4c8996fb92427ae41e4649b934ca495991b7852b855,04_PhysX-3D/재현자료/2026-09-21_공식예제진행/03_공식예제결과/evidence/logs/official-example-20260921/source-commands/20260921T085513202336Z-physx-origin/stdout.log,true
04_PhysX-3D/01_재현실행/재현자료/2026-09-21_공식예제진행/03_공식예제결과/evidence/logs/official-example-20260921/source-commands/20260921T085513204316Z-physx-fetch/command.json,b466b11d7ab9d2e6bf2834882a1dba95d6442f68,312,5580cd0bdcae242d5942f6eb429f2bdaf5d4a9fc1d7d70c19e8beefbf1ffc981,04_PhysX-3D/재현자료/2026-09-21_공식예제진행/03_공식예제결과/evidence/logs/official-example-20260921/source-commands/20260921T085513204316Z-physx-fetch/command.json,true
04_PhysX-3D/01_재현실행/재현자료/2026-09-21_공식예제진행/03_공식예제결과/evidence/logs/official-example-20260921/source-commands/20260921T085513204316Z-physx-fetch/result.json,d3c6e5c24e4d319f94d4c50e6a2948763c5580cb,383,bca0b3f49e33bfdf0a64af8b0326f23440d9ad9a4bdc44179665ad3c1f2d0d9b,04_PhysX-3D/재현자료/2026-09-21_공식예제진행/03_공식예제결과/evidence/logs/official-example-20260921/source-commands/20260921T085513204316Z-physx-fetch/result.json,true
04_PhysX-3D/01_재현실행/재현자료/2026-09-21_공식예제진행/03_공식예제결과/evidence/logs/official-example-20260921/source-commands/20260921T085513204316Z-physx-fetch/stderr.log,5a26ebbd840d9fc03ae5a65b6fd52a3edaf49234,122,f29b074fc316ffec8c39376d638a2795cc504385fd55e657b008aa942ee19bf5,04_PhysX-3D/재현자료/2026-09-21_공식예제진행/03_공식예제결과/evidence/logs/official-example-20260921/source-commands/20260921T085513204316Z-physx-fetch/stderr.log,true
04_PhysX-3D/01_재현실행/재현자료/2026-09-21_공식예제진행/03_공식예제결과/evidence/logs/official-example-20260921/source-commands/20260921T085513204316Z-physx-fetch/stdout.log,e69de29bb2d1d6434b8b29ae775ad8c2e48c5391,0,e3b0c44298fc1c149afbf4c8996fb92427ae41e4649b934ca495991b7852b855,04_PhysX-3D/재현자료/2026-09-21_공식예제진행/03_공식예제결과/evidence/logs/official-example-20260921/source-commands/20260921T085513204316Z-physx-fetch/stdout.log,true
04_PhysX-3D/01_재현실행/재현자료/2026-09-21_공식예제진행/03_공식예제결과/evidence/logs/official-example-20260921/source-commands/20260921T085515228764Z-physx-checkout/command.json,79cc9795e4a14f0f1fb84274b98a993e095c1239,300,9a8dbd74e9dbc413eaeda4e2b273fc78b9728328b4a872530e58ce52f9adac0a,04_PhysX-3D/재현자료/2026-09-21_공식예제진행/03_공식예제결과/evidence/logs/official-example-20260921/source-commands/20260921T085515228764Z-physx-checkout/command.json,true
04_PhysX-3D/01_재현실행/재현자료/2026-09-21_공식예제진행/03_공식예제결과/evidence/logs/official-example-20260921/source-commands/20260921T085515228764Z-physx-checkout/result.json,1fb33e9e30b925c275999c5355cc9f8efd43e24d,371,75e4af30be3eb0a56a002703b83b454b892d332a9ad0067729011e9c2bcc4614,04_PhysX-3D/재현자료/2026-09-21_공식예제진행/03_공식예제결과/evidence/logs/official-example-20260921/source-commands/20260921T085515228764Z-physx-checkout/result.json,true
04_PhysX-3D/01_재현실행/재현자료/2026-09-21_공식예제진행/03_공식예제결과/evidence/logs/official-example-20260921/source-commands/20260921T085515228764Z-physx-checkout/stderr.log,527a79cfbe74f3c382f04a6d67f262df69234804,30,b9ebf233cce02e363fd35752c19849191f1e192c72ed9a58ba8577ecb1015054,04_PhysX-3D/재현자료/2026-09-21_공식예제진행/03_공식예제결과/evidence/logs/official-example-20260921/source-commands/20260921T085515228764Z-physx-checkout/stderr.log,true
04_PhysX-3D/01_재현실행/재현자료/2026-09-21_공식예제진행/03_공식예제결과/evidence/logs/official-example-20260921/source-commands/20260921T085515228764Z-physx-checkout/stdout.log,e69de29bb2d1d6434b8b29ae775ad8c2e48c5391,0,e3b0c44298fc1c149afbf4c8996fb92427ae41e4649b934ca495991b7852b855,04_PhysX-3D/재현자료/2026-09-21_공식예제진행/03_공식예제결과/evidence/logs/official-example-20260921/source-commands/20260921T085515228764Z-physx-checkout/stdout.log,true
04_PhysX-3D/01_재현실행/재현자료/2026-09-21_공식예제진행/03_공식예제결과/evidence/logs/official-example-20260921/source-commands/20260921T085515289990Z-physx-status/command.json,3153e970917da55c9b2f4cffb1009486f5bf684a,253,05f722f791312e2a5c5788a49c3636aa9a115952a0a8069778de00b8f855514a,04_PhysX-3D/재현자료/2026-09-21_공식예제진행/03_공식예제결과/evidence/logs/official-example-20260921/source-commands/20260921T085515289990Z-physx-status/command.json,true
04_PhysX-3D/01_재현실행/재현자료/2026-09-21_공식예제진행/03_공식예제결과/evidence/logs/official-example-20260921/source-commands/20260921T085515289990Z-physx-status/result.json,5c7f11c6f4547b5f21114229a7e5708cee58a1da,324,8ddad81e4fc3b793400cce7b5fb9282c233e0f2cc2f2fe018f6ba2e6d83a01be,04_PhysX-3D/재현자료/2026-09-21_공식예제진행/03_공식예제결과/evidence/logs/official-example-20260921/source-commands/20260921T085515289990Z-physx-status/result.json,true
04_PhysX-3D/01_재현실행/재현자료/2026-09-21_공식예제진행/03_공식예제결과/evidence/logs/official-example-20260921/source-commands/20260921T085515289990Z-physx-status/stderr.log,e69de29bb2d1d6434b8b29ae775ad8c2e48c5391,0,e3b0c44298fc1c149afbf4c8996fb92427ae41e4649b934ca495991b7852b855,04_PhysX-3D/재현자료/2026-09-21_공식예제진행/03_공식예제결과/evidence/logs/official-example-20260921/source-commands/20260921T085515289990Z-physx-status/stderr.log,true
04_PhysX-3D/01_재현실행/재현자료/2026-09-21_공식예제진행/03_공식예제결과/evidence/logs/official-example-20260921/source-commands/20260921T085515289990Z-physx-status/stdout.log,e69de29bb2d1d6434b8b29ae775ad8c2e48c5391,0,e3b0c44298fc1c149afbf4c8996fb92427ae41e4649b934ca495991b7852b855,04_PhysX-3D/재현자료/2026-09-21_공식예제진행/03_공식예제결과/evidence/logs/official-example-20260921/source-commands/20260921T085515289990Z-physx-status/stdout.log,true
04_PhysX-3D/01_재현실행/재현자료/2026-09-21_공식예제진행/03_공식예제결과/evidence/logs/official-example-20260921/source-commands/20260921T085515324143Z-physx-submodule-status/command.json,4dc844c0d78b7a95fc43fe8a3a951d92e5f7f489,270,ad1f8180ba4d65d9c62291b4f329853770b1656c549184d958e1688ea3aeaa63,04_PhysX-3D/재현자료/2026-09-21_공식예제진행/03_공식예제결과/evidence/logs/official-example-20260921/source-commands/20260921T085515324143Z-physx-submodule-status/command.json,true
04_PhysX-3D/01_재현실행/재현자료/2026-09-21_공식예제진행/03_공식예제결과/evidence/logs/official-example-20260921/source-commands/20260921T085515324143Z-physx-submodule-status/result.json,96c034c05e37879231d9a5001227e7dcd8b4f4e4,341,d6ee31402317fe1927dcac07b488266023ba88105b9de489c2b9b8eda4d4e6c7,04_PhysX-3D/재현자료/2026-09-21_공식예제진행/03_공식예제결과/evidence/logs/official-example-20260921/source-commands/20260921T085515324143Z-physx-submodule-status/result.json,true
04_PhysX-3D/01_재현실행/재현자료/2026-09-21_공식예제진행/03_공식예제결과/evidence/logs/official-example-20260921/source-commands/20260921T085515324143Z-physx-submodule-status/stderr.log,e69de29bb2d1d6434b8b29ae775ad8c2e48c5391,0,e3b0c44298fc1c149afbf4c8996fb92427ae41e4649b934ca495991b7852b855,04_PhysX-3D/재현자료/2026-09-21_공식예제진행/03_공식예제결과/evidence/logs/official-example-20260921/source-commands/20260921T085515324143Z-physx-submodule-status/stderr.log,true
04_PhysX-3D/01_재현실행/재현자료/2026-09-21_공식예제진행/03_공식예제결과/evidence/logs/official-example-20260921/source-commands/20260921T085515324143Z-physx-submodule-status/stdout.log,e69de29bb2d1d6434b8b29ae775ad8c2e48c5391,0,e3b0c44298fc1c149afbf4c8996fb92427ae41e4649b934ca495991b7852b855,04_PhysX-3D/재현자료/2026-09-21_공식예제진행/03_공식예제결과/evidence/logs/official-example-20260921/source-commands/20260921T085515324143Z-physx-submodule-status/stdout.log,true
04_PhysX-3D/01_재현실행/재현자료/2026-09-21_공식예제진행/03_공식예제결과/evidence/logs/official-example-20260921/source-commands/20260921T085528099587Z-flash-attention-init/command.json,0996fce7d62534687c9ee8a0aa3c85115ad2fde4,251,ffb5f6b2fe54fa38367fd4bde8d49ebba7971c2a91aee427e7a6a9618d4754bb,04_PhysX-3D/재현자료/2026-09-21_공식예제진행/03_공식예제결과/evidence/logs/official-example-20260921/source-commands/20260921T085528099587Z-flash-attention-init/command.json,true
04_PhysX-3D/01_재현실행/재현자료/2026-09-21_공식예제진행/03_공식예제결과/evidence/logs/official-example-20260921/source-commands/20260921T085528099587Z-flash-attention-init/result.json,b8234cde29d58375c02c3ac1e0706eef7c5ccb56,322,ae5098437f92dafe60ad8ee6ee89bdf31950a803fe51199e06876ebf11fb0818,04_PhysX-3D/재현자료/2026-09-21_공식예제진행/03_공식예제결과/evidence/logs/official-example-20260921/source-commands/20260921T085528099587Z-flash-attention-init/result.json,true
04_PhysX-3D/01_재현실행/재현자료/2026-09-21_공식예제진행/03_공식예제결과/evidence/logs/official-example-20260921/source-commands/20260921T085528099587Z-flash-attention-init/stderr.log,80f8cdcd3fef5c7433c4ee442ef557baafa251eb,485,7cc74f74cc8a8f9938bd00571e2c171ce3c59d048f2242a836ccca722182d430,04_PhysX-3D/재현자료/2026-09-21_공식예제진행/03_공식예제결과/evidence/logs/official-example-20260921/source-commands/20260921T085528099587Z-flash-attention-init/stderr.log,true
04_PhysX-3D/01_재현실행/재현자료/2026-09-21_공식예제진행/03_공식예제결과/evidence/logs/official-example-20260921/source-commands/20260921T085528099587Z-flash-attention-init/stdout.log,2a2055888c24db9e6693020288953ec8c78e6b88,110,c2722770db54fc24cf58000061625e66dab8c06a8c0e3f845bd30cff68757d4d,04_PhysX-3D/재현자료/2026-09-21_공식예제진행/03_공식예제결과/evidence/logs/official-example-20260921/source-commands/20260921T085528099587Z-flash-attention-init/stdout.log,true
04_PhysX-3D/01_재현실행/재현자료/2026-09-21_공식예제진행/03_공식예제결과/evidence/logs/official-example-20260921/source-commands/20260921T085528101909Z-flash-attention-origin/command.json,f5767e9ef7d90a20f4a620fd2aa73ae584434b0c,325,32706ed18bcb00581d685dbd39be5c3f957c05cf5678a7d315518a0018a8a4ac,04_PhysX-3D/재현자료/2026-09-21_공식예제진행/03_공식예제결과/evidence/logs/official-example-20260921/source-commands/20260921T085528101909Z-flash-attention-origin/command.json,true
04_PhysX-3D/01_재현실행/재현자료/2026-09-21_공식예제진행/03_공식예제결과/evidence/logs/official-example-20260921/source-commands/20260921T085528101909Z-flash-attention-origin/result.json,2f7060b8864910d62ce510101882c33c79849f30,396,a90cfa666034793489a28e884582af80df13525c049b5af8246c094519441414,04_PhysX-3D/재현자료/2026-09-21_공식예제진행/03_공식예제결과/evidence/logs/official-example-20260921/source-commands/20260921T085528101909Z-flash-attention-origin/result.json,true
04_PhysX-3D/01_재현실행/재현자료/2026-09-21_공식예제진행/03_공식예제결과/evidence/logs/official-example-20260921/source-commands/20260921T085528101909Z-flash-attention-origin/stderr.log,e69de29bb2d1d6434b8b29ae775ad8c2e48c5391,0,e3b0c44298fc1c149afbf4c8996fb92427ae41e4649b934ca495991b7852b855,04_PhysX-3D/재현자료/2026-09-21_공식예제진행/03_공식예제결과/evidence/logs/official-example-20260921/source-commands/20260921T085528101909Z-flash-attention-origin/stderr.log,true
04_PhysX-3D/01_재현실행/재현자료/2026-09-21_공식예제진행/03_공식예제결과/evidence/logs/official-example-20260921/source-commands/20260921T085528101909Z-flash-attention-origin/stdout.log,e69de29bb2d1d6434b8b29ae775ad8c2e48c5391,0,e3b0c44298fc1c149afbf4c8996fb92427ae41e4649b934ca495991b7852b855,04_PhysX-3D/재현자료/2026-09-21_공식예제진행/03_공식예제결과/evidence/logs/official-example-20260921/source-commands/20260921T085528101909Z-flash-attention-origin/stdout.log,true
04_PhysX-3D/01_재현실행/재현자료/2026-09-21_공식예제진행/03_공식예제결과/evidence/logs/official-example-20260921/source-commands/20260921T085528103630Z-flash-attention-fetch/command.json,33300c1980f3a615840f42a4acec6bf51593b54a,322,e8ff75ee49d99b6efe10aaa08e58dfbc88fac6b758cf25ddbbcb2a2b515497d0,04_PhysX-3D/재현자료/2026-09-21_공식예제진행/03_공식예제결과/evidence/logs/official-example-20260921/source-commands/20260921T085528103630Z-flash-attention-fetch/command.json,true
04_PhysX-3D/01_재현실행/재현자료/2026-09-21_공식예제진행/03_공식예제결과/evidence/logs/official-example-20260921/source-commands/20260921T085528103630Z-flash-attention-fetch/result.json,6244628a6e7a948db03ac79b0de5637902b72fe5,393,b3b0d1bc7f2db369698bd9156f4f0b5ec998df1c28744d6ecf72f39927a97cbf,04_PhysX-3D/재현자료/2026-09-21_공식예제진행/03_공식예제결과/evidence/logs/official-example-20260921/source-commands/20260921T085528103630Z-flash-attention-fetch/result.json,true
04_PhysX-3D/01_재현실행/재현자료/2026-09-21_공식예제진행/03_공식예제결과/evidence/logs/official-example-20260921/source-commands/20260921T085528103630Z-flash-attention-fetch/stderr.log,25f25935f8f29237d7d2d648805aabda4fd56179,126,391676f1e7b84ba423ba1da71b5717419a6149f57a51faf4c5beaa6eebbdc25b,04_PhysX-3D/재현자료/2026-09-21_공식예제진행/03_공식예제결과/evidence/logs/official-example-20260921/source-commands/20260921T085528103630Z-flash-attention-fetch/stderr.log,true
04_PhysX-3D/01_재현실행/재현자료/2026-09-21_공식예제진행/03_공식예제결과/evidence/logs/official-example-20260921/source-commands/20260921T085528103630Z-flash-attention-fetch/stdout.log,e69de29bb2d1d6434b8b29ae775ad8c2e48c5391,0,e3b0c44298fc1c149afbf4c8996fb92427ae41e4649b934ca495991b7852b855,04_PhysX-3D/재현자료/2026-09-21_공식예제진행/03_공식예제결과/evidence/logs/official-example-20260921/source-commands/20260921T085528103630Z-flash-attention-fetch/stdout.log,true
04_PhysX-3D/01_재현실행/재현자료/2026-09-21_공식예제진행/03_공식예제결과/evidence/logs/official-example-20260921/source-commands/20260921T085529810482Z-flash-attention-checkout/command.json,36e4db98d3b0f1e6de49d46c2e8e68c1c327bf6d,310,483ecb40cc15c60a81b40002c10a0aaa06a0531913311cf4814698e1c0ee1385,04_PhysX-3D/재현자료/2026-09-21_공식예제진행/03_공식예제결과/evidence/logs/official-example-20260921/source-commands/20260921T085529810482Z-flash-attention-checkout/command.json,true
04_PhysX-3D/01_재현실행/재현자료/2026-09-21_공식예제진행/03_공식예제결과/evidence/logs/official-example-20260921/source-commands/20260921T085529810482Z-flash-attention-checkout/result.json,451c2f2e9cd8be27c7c7b01090905f2f8175fea9,381,f5514a7d1ecf41742f3bb44ba5d3da6554f2ad32a816a0acc962aa5c6196042b,04_PhysX-3D/재현자료/2026-09-21_공식예제진행/03_공식예제결과/evidence/logs/official-example-20260921/source-commands/20260921T085529810482Z-flash-attention-checkout/result.json,true
04_PhysX-3D/01_재현실행/재현자료/2026-09-21_공식예제진행/03_공식예제결과/evidence/logs/official-example-20260921/source-commands/20260921T085529810482Z-flash-attention-checkout/stderr.log,f61a1a48663dba9f1b3357f2d487fd73c7152a82,38,9edbbe027434bf44ac5c986af279176e665df08c455b03f9522aa0a42a455867,04_PhysX-3D/재현자료/2026-09-21_공식예제진행/03_공식예제결과/evidence/logs/official-example-20260921/source-commands/20260921T085529810482Z-flash-attention-checkout/stderr.log,true
04_PhysX-3D/01_재현실행/재현자료/2026-09-21_공식예제진행/03_공식예제결과/evidence/logs/official-example-20260921/source-commands/20260921T085529810482Z-flash-attention-checkout/stdout.log,e69de29bb2d1d6434b8b29ae775ad8c2e48c5391,0,e3b0c44298fc1c149afbf4c8996fb92427ae41e4649b934ca495991b7852b855,04_PhysX-3D/재현자료/2026-09-21_공식예제진행/03_공식예제결과/evidence/logs/official-example-20260921/source-commands/20260921T085529810482Z-flash-attention-checkout/stdout.log,true
04_PhysX-3D/01_재현실행/재현자료/2026-09-21_공식예제진행/03_공식예제결과/evidence/logs/official-example-20260921/source-commands/20260921T085529868802Z-flash-attention-submodules/command.json,815ebd04c4c61c58b38aea5c63698f8a746ed75a,311,b466feb7f00b0c7dda320536255e98c82c586157b0f741c7d41677c306bb34db,04_PhysX-3D/재현자료/2026-09-21_공식예제진행/03_공식예제결과/evidence/logs/official-example-20260921/source-commands/20260921T085529868802Z-flash-attention-submodules/command.json,true
04_PhysX-3D/01_재현실행/재현자료/2026-09-21_공식예제진행/03_공식예제결과/evidence/logs/official-example-20260921/source-commands/20260921T085529868802Z-flash-attention-submodules/result.json,2f6f597079fc71a0846ffda06dabec64a3bb5c8e,382,b5be99aaa6bc015f5a6a15033c1434a781f8e2d500bb85308bc660d1fa0defd5,04_PhysX-3D/재현자료/2026-09-21_공식예제진행/03_공식예제결과/evidence/logs/official-example-20260921/source-commands/20260921T085529868802Z-flash-attention-submodules/result.json,true
04_PhysX-3D/01_재현실행/재현자료/2026-09-21_공식예제진행/03_공식예제결과/evidence/logs/official-example-20260921/source-commands/20260921T085529868802Z-flash-attention-submodules/stderr.log,e6865535c9e69d9eff009236c0a7ad338b59a159,674,56f20b284c3a33da54878e8818008bf9569b824d89b1f69e8e1c61314e10df66,04_PhysX-3D/재현자료/2026-09-21_공식예제진행/03_공식예제결과/evidence/logs/official-example-20260921/source-commands/20260921T085529868802Z-flash-attention-submodules/stderr.log,true
04_PhysX-3D/01_재현실행/재현자료/2026-09-21_공식예제진행/03_공식예제결과/evidence/logs/official-example-20260921/source-commands/20260921T085529868802Z-flash-attention-submodules/stdout.log,054896057ff8eb466efd8265a2051427736879e4,182,8668fc036edf7f03b55c23bd296bad1d5715eab5e5cae4d594756c0f4e4422c1,04_PhysX-3D/재현자료/2026-09-21_공식예제진행/03_공식예제결과/evidence/logs/official-example-20260921/source-commands/20260921T085529868802Z-flash-attention-submodules/stdout.log,true
04_PhysX-3D/01_재현실행/재현자료/2026-09-21_공식예제진행/03_공식예제결과/evidence/logs/official-example-20260921/source-commands/20260921T085553122142Z-flash-attention-status/command.json,f9c45855ee5357bb7365ce7768ee3be6472730ba,263,c2cd85627b408b13b39137366f514747f4710e3ca09bc12414dc781fc2432a79,04_PhysX-3D/재현자료/2026-09-21_공식예제진행/03_공식예제결과/evidence/logs/official-example-20260921/source-commands/20260921T085553122142Z-flash-attention-status/command.json,true
04_PhysX-3D/01_재현실행/재현자료/2026-09-21_공식예제진행/03_공식예제결과/evidence/logs/official-example-20260921/source-commands/20260921T085553122142Z-flash-attention-status/result.json,7408ed618e4d18af27ead5fe79b01c8d6cc09bd8,334,9975dd1f7ac8432dfda37a523121dfa87122f0f2011f6b5838d0594333da172c,04_PhysX-3D/재현자료/2026-09-21_공식예제진행/03_공식예제결과/evidence/logs/official-example-20260921/source-commands/20260921T085553122142Z-flash-attention-status/result.json,true
04_PhysX-3D/01_재현실행/재현자료/2026-09-21_공식예제진행/03_공식예제결과/evidence/logs/official-example-20260921/source-commands/20260921T085553122142Z-flash-attention-status/stderr.log,e69de29bb2d1d6434b8b29ae775ad8c2e48c5391,0,e3b0c44298fc1c149afbf4c8996fb92427ae41e4649b934ca495991b7852b855,04_PhysX-3D/재현자료/2026-09-21_공식예제진행/03_공식예제결과/evidence/logs/official-example-20260921/source-commands/20260921T085553122142Z-flash-attention-status/stderr.log,true
04_PhysX-3D/01_재현실행/재현자료/2026-09-21_공식예제진행/03_공식예제결과/evidence/logs/official-example-20260921/source-commands/20260921T085553122142Z-flash-attention-status/stdout.log,e69de29bb2d1d6434b8b29ae775ad8c2e48c5391,0,e3b0c44298fc1c149afbf4c8996fb92427ae41e4649b934ca495991b7852b855,04_PhysX-3D/재현자료/2026-09-21_공식예제진행/03_공식예제결과/evidence/logs/official-example-20260921/source-commands/20260921T085553122142Z-flash-attention-status/stdout.log,true
04_PhysX-3D/01_재현실행/재현자료/2026-09-21_공식예제진행/03_공식예제결과/evidence/logs/official-example-20260921/source-commands/20260921T085553426875Z-flash-attention-submodule-status/command.json,e4ee0038ca5a1e543000609da98d8b03c14ca3c7,280,29cc7a2a2fa51a084565fae5722f590c625585827c7de1fa89050c886728e8c6,04_PhysX-3D/재현자료/2026-09-21_공식예제진행/03_공식예제결과/evidence/logs/official-example-20260921/source-commands/20260921T085553426875Z-flash-attention-submodule-status/command.json,true
04_PhysX-3D/01_재현실행/재현자료/2026-09-21_공식예제진행/03_공식예제결과/evidence/logs/official-example-20260921/source-commands/20260921T085553426875Z-flash-attention-submodule-status/result.json,c0dd23820fc0575b7fa02fecd18ab9fb0ba05cd0,351,f9bb008681d27028d204e626f92310baf37c3af06ec9c091e6d85bed0a2e4068,04_PhysX-3D/재현자료/2026-09-21_공식예제진행/03_공식예제결과/evidence/logs/official-example-20260921/source-commands/20260921T085553426875Z-flash-attention-submodule-status/result.json,true
04_PhysX-3D/01_재현실행/재현자료/2026-09-21_공식예제진행/03_공식예제결과/evidence/logs/official-example-20260921/source-commands/20260921T085553426875Z-flash-attention-submodule-status/stderr.log,e69de29bb2d1d6434b8b29ae775ad8c2e48c5391,0,e3b0c44298fc1c149afbf4c8996fb92427ae41e4649b934ca495991b7852b855,04_PhysX-3D/재현자료/2026-09-21_공식예제진행/03_공식예제결과/evidence/logs/official-example-20260921/source-commands/20260921T085553426875Z-flash-attention-submodule-status/stderr.log,true
04_PhysX-3D/01_재현실행/재현자료/2026-09-21_공식예제진행/03_공식예제결과/evidence/logs/official-example-20260921/source-commands/20260921T085553426875Z-flash-attention-submodule-status/stdout.log,b874276304587bd7cde052224ce21a385beac17c,140,70b84a816bf2de497d86bf88c5e4e9ddb47c0717658ca1a876d08abd9cd7facb,04_PhysX-3D/재현자료/2026-09-21_공식예제진행/03_공식예제결과/evidence/logs/official-example-20260921/source-commands/20260921T085553426875Z-flash-attention-submodule-status/stdout.log,true
04_PhysX-3D/01_재현실행/재현자료/2026-09-21_공식예제진행/03_공식예제결과/evidence/logs/official-example-20260921/source-commands/20260921T090142622222Z-dinov2-init/command.json,5e4b4718bee12cfa9a46182f7778966483f0a4c9,242,374a4a7c696b27213136a4c53941496eba2732d44ac4ddbf5e499aeca0d5f9d3,04_PhysX-3D/재현자료/2026-09-21_공식예제진행/03_공식예제결과/evidence/logs/official-example-20260921/source-commands/20260921T090142622222Z-dinov2-init/command.json,true
04_PhysX-3D/01_재현실행/재현자료/2026-09-21_공식예제진행/03_공식예제결과/evidence/logs/official-example-20260921/source-commands/20260921T090142622222Z-dinov2-init/result.json,1d3c9c058b5b03342eb51c678b49c0507c5f1968,313,aabfe6abaafb32cd351988d271136b8cbcfd80835ccd06ccbbedf61535f78fb5,04_PhysX-3D/재현자료/2026-09-21_공식예제진행/03_공식예제결과/evidence/logs/official-example-20260921/source-commands/20260921T090142622222Z-dinov2-init/result.json,true
04_PhysX-3D/01_재현실행/재현자료/2026-09-21_공식예제진행/03_공식예제결과/evidence/logs/official-example-20260921/source-commands/20260921T090142622222Z-dinov2-init/stderr.log,80f8cdcd3fef5c7433c4ee442ef557baafa251eb,485,7cc74f74cc8a8f9938bd00571e2c171ce3c59d048f2242a836ccca722182d430,04_PhysX-3D/재현자료/2026-09-21_공식예제진행/03_공식예제결과/evidence/logs/official-example-20260921/source-commands/20260921T090142622222Z-dinov2-init/stderr.log,true
04_PhysX-3D/01_재현실행/재현자료/2026-09-21_공식예제진행/03_공식예제결과/evidence/logs/official-example-20260921/source-commands/20260921T090142622222Z-dinov2-init/stdout.log,c6cd6ec1f631791fdc82476869492e666baa0dce,101,47d477fcc73a0a7f3ccfdb45468526948c9c6462b581b643f36cd4b7acc16654,04_PhysX-3D/재현자료/2026-09-21_공식예제진행/03_공식예제결과/evidence/logs/official-example-20260921/source-commands/20260921T090142622222Z-dinov2-init/stdout.log,true
04_PhysX-3D/01_재현실행/재현자료/2026-09-21_공식예제진행/03_공식예제결과/evidence/logs/official-example-20260921/source-commands/20260921T090142625639Z-dinov2-origin/command.json,0111422bf7787bc74fb9572ae2af9d5ed6e679a7,314,eb4bec11a616f774cb86b6d74af9a6d28622d55af28482b9d2395cb42e164be6,04_PhysX-3D/재현자료/2026-09-21_공식예제진행/03_공식예제결과/evidence/logs/official-example-20260921/source-commands/20260921T090142625639Z-dinov2-origin/command.json,true
04_PhysX-3D/01_재현실행/재현자료/2026-09-21_공식예제진행/03_공식예제결과/evidence/logs/official-example-20260921/source-commands/20260921T090142625639Z-dinov2-origin/result.json,936714af46cce87abfc753d0b0eabf573da2cbc5,385,6c18d70c9da29ce70b8b42adc16e930b1f0ca11b573ca0cbe923e5cafd4a9c3a,04_PhysX-3D/재현자료/2026-09-21_공식예제진행/03_공식예제결과/evidence/logs/official-example-20260921/source-commands/20260921T090142625639Z-dinov2-origin/result.json,true
04_PhysX-3D/01_재현실행/재현자료/2026-09-21_공식예제진행/03_공식예제결과/evidence/logs/official-example-20260921/source-commands/20260921T090142625639Z-dinov2-origin/stderr.log,e69de29bb2d1d6434b8b29ae775ad8c2e48c5391,0,e3b0c44298fc1c149afbf4c8996fb92427ae41e4649b934ca495991b7852b855,04_PhysX-3D/재현자료/2026-09-21_공식예제진행/03_공식예제결과/evidence/logs/official-example-20260921/source-commands/20260921T090142625639Z-dinov2-origin/stderr.log,true
04_PhysX-3D/01_재현실행/재현자료/2026-09-21_공식예제진행/03_공식예제결과/evidence/logs/official-example-20260921/source-commands/20260921T090142625639Z-dinov2-origin/stdout.log,e69de29bb2d1d6434b8b29ae775ad8c2e48c5391,0,e3b0c44298fc1c149afbf4c8996fb92427ae41e4649b934ca495991b7852b855,04_PhysX-3D/재현자료/2026-09-21_공식예제진행/03_공식예제결과/evidence/logs/official-example-20260921/source-commands/20260921T090142625639Z-dinov2-origin/stdout.log,true
04_PhysX-3D/01_재현실행/재현자료/2026-09-21_공식예제진행/03_공식예제결과/evidence/logs/official-example-20260921/source-commands/20260921T090142627447Z-dinov2-fetch/command.json,e3f4aeb05a2cf21448f4abbd16749b9e61202e02,313,cc0243a3c28976849e7f0aecfb9e7a165dfe1be73cb3db94370109d9a15c3ea3,04_PhysX-3D/재현자료/2026-09-21_공식예제진행/03_공식예제결과/evidence/logs/official-example-20260921/source-commands/20260921T090142627447Z-dinov2-fetch/command.json,true
04_PhysX-3D/01_재현실행/재현자료/2026-09-21_공식예제진행/03_공식예제결과/evidence/logs/official-example-20260921/source-commands/20260921T090142627447Z-dinov2-fetch/result.json,89fd8e1daba39857ae100672d7e734efce19d15f,384,4398af89feddf38dc218af472a81194515c91f3d4e711b519290fa8490e53ff4,04_PhysX-3D/재현자료/2026-09-21_공식예제진행/03_공식예제결과/evidence/logs/official-example-20260921/source-commands/20260921T090142627447Z-dinov2-fetch/result.json,true
04_PhysX-3D/01_재현실행/재현자료/2026-09-21_공식예제진행/03_공식예제결과/evidence/logs/official-example-20260921/source-commands/20260921T090142627447Z-dinov2-fetch/stderr.log,8fe93e0fa7ebf2414d07dc62796d068ae8aaf695,124,e1e7ea30753343b9980a8655929475e954fb86c29cd40d767bf96cb7afa2d099,04_PhysX-3D/재현자료/2026-09-21_공식예제진행/03_공식예제결과/evidence/logs/official-example-20260921/source-commands/20260921T090142627447Z-dinov2-fetch/stderr.log,true
04_PhysX-3D/01_재현실행/재현자료/2026-09-21_공식예제진행/03_공식예제결과/evidence/logs/official-example-20260921/source-commands/20260921T090142627447Z-dinov2-fetch/stdout.log,e69de29bb2d1d6434b8b29ae775ad8c2e48c5391,0,e3b0c44298fc1c149afbf4c8996fb92427ae41e4649b934ca495991b7852b855,04_PhysX-3D/재현자료/2026-09-21_공식예제진행/03_공식예제결과/evidence/logs/official-example-20260921/source-commands/20260921T090142627447Z-dinov2-fetch/stdout.log,true
04_PhysX-3D/01_재현실행/재현자료/2026-09-21_공식예제진행/03_공식예제결과/evidence/logs/official-example-20260921/source-commands/20260921T090143522074Z-dinov2-checkout/command.json,14e93b7c11ecdd36682b16a0d210e08329ed2422,301,98a0b1a80399ca0921333dd2b07c2fe9eb6237525d3a15af45a42dbfe175c0a9,04_PhysX-3D/재현자료/2026-09-21_공식예제진행/03_공식예제결과/evidence/logs/official-example-20260921/source-commands/20260921T090143522074Z-dinov2-checkout/command.json,true
04_PhysX-3D/01_재현실행/재현자료/2026-09-21_공식예제진행/03_공식예제결과/evidence/logs/official-example-20260921/source-commands/20260921T090143522074Z-dinov2-checkout/result.json,2cf612688015de428948aa60cb81e586cc98aaa8,372,87e7612d71283740c5e643c292933d16d141b86c85aaa2a50da8e32f452fb4e9,04_PhysX-3D/재현자료/2026-09-21_공식예제진행/03_공식예제결과/evidence/logs/official-example-20260921/source-commands/20260921T090143522074Z-dinov2-checkout/result.json,true
04_PhysX-3D/01_재현실행/재현자료/2026-09-21_공식예제진행/03_공식예제결과/evidence/logs/official-example-20260921/source-commands/20260921T090143522074Z-dinov2-checkout/stderr.log,8e59259b6270504480be396f33fcbcbc08bd7eb8,71,630dec26a43cc934ff7db9f94f9ee11a1324828e2d775fa793eb96ee17fd1b43,04_PhysX-3D/재현자료/2026-09-21_공식예제진행/03_공식예제결과/evidence/logs/official-example-20260921/source-commands/20260921T090143522074Z-dinov2-checkout/stderr.log,true
04_PhysX-3D/01_재현실행/재현자료/2026-09-21_공식예제진행/03_공식예제결과/evidence/logs/official-example-20260921/source-commands/20260921T090143522074Z-dinov2-checkout/stdout.log,e69de29bb2d1d6434b8b29ae775ad8c2e48c5391,0,e3b0c44298fc1c149afbf4c8996fb92427ae41e4649b934ca495991b7852b855,04_PhysX-3D/재현자료/2026-09-21_공식예제진행/03_공식예제결과/evidence/logs/official-example-20260921/source-commands/20260921T090143522074Z-dinov2-checkout/stdout.log,true
04_PhysX-3D/01_재현실행/재현자료/2026-09-21_공식예제진행/03_공식예제결과/evidence/logs/official-example-20260921/source-commands/20260921T090143537396Z-dinov2-status/command.json,0bab9f9dfc0c6505cace38c84e46a5de299e91d3,254,a7e215dec4d5d7cf5fc1c32f64ef96fdcf8a07aec7c617868fb1ce7b51c97135,04_PhysX-3D/재현자료/2026-09-21_공식예제진행/03_공식예제결과/evidence/logs/official-example-20260921/source-commands/20260921T090143537396Z-dinov2-status/command.json,true
04_PhysX-3D/01_재현실행/재현자료/2026-09-21_공식예제진행/03_공식예제결과/evidence/logs/official-example-20260921/source-commands/20260921T090143537396Z-dinov2-status/result.json,b6608175ff4482d92bb3e5019fd97659c0283687,325,ef0c93cf17a39e55441a768b79214d97f20683f0078dcfb3946ef11436952e6d,04_PhysX-3D/재현자료/2026-09-21_공식예제진행/03_공식예제결과/evidence/logs/official-example-20260921/source-commands/20260921T090143537396Z-dinov2-status/result.json,true
04_PhysX-3D/01_재현실행/재현자료/2026-09-21_공식예제진행/03_공식예제결과/evidence/logs/official-example-20260921/source-commands/20260921T090143537396Z-dinov2-status/stderr.log,e69de29bb2d1d6434b8b29ae775ad8c2e48c5391,0,e3b0c44298fc1c149afbf4c8996fb92427ae41e4649b934ca495991b7852b855,04_PhysX-3D/재현자료/2026-09-21_공식예제진행/03_공식예제결과/evidence/logs/official-example-20260921/source-commands/20260921T090143537396Z-dinov2-status/stderr.log,true
04_PhysX-3D/01_재현실행/재현자료/2026-09-21_공식예제진행/03_공식예제결과/evidence/logs/official-example-20260921/source-commands/20260921T090143537396Z-dinov2-status/stdout.log,e69de29bb2d1d6434b8b29ae775ad8c2e48c5391,0,e3b0c44298fc1c149afbf4c8996fb92427ae41e4649b934ca495991b7852b855,04_PhysX-3D/재현자료/2026-09-21_공식예제진행/03_공식예제결과/evidence/logs/official-example-20260921/source-commands/20260921T090143537396Z-dinov2-status/stdout.log,true
04_PhysX-3D/01_재현실행/재현자료/2026-09-21_공식예제진행/03_공식예제결과/evidence/logs/official-example-20260921/source-commands/20260921T090143546461Z-dinov2-submodule-status/command.json,b27cb493b610605d050de1c204fdc7fa8f4a5d78,271,061e20ad1ec7e59e5d03800a7207ff5e1eedb1d8b9ae9a0c8c9981c61c2103e4,04_PhysX-3D/재현자료/2026-09-21_공식예제진행/03_공식예제결과/evidence/logs/official-example-20260921/source-commands/20260921T090143546461Z-dinov2-submodule-status/command.json,true
04_PhysX-3D/01_재현실행/재현자료/2026-09-21_공식예제진행/03_공식예제결과/evidence/logs/official-example-20260921/source-commands/20260921T090143546461Z-dinov2-submodule-status/result.json,6ca07d27bda4aa9de52dd2ccfc98470ea0af6757,342,c81461d8fb690e8384a6b9e2c03c7a2ed8aaa21f958da3c44dce94776c33b40f,04_PhysX-3D/재현자료/2026-09-21_공식예제진행/03_공식예제결과/evidence/logs/official-example-20260921/source-commands/20260921T090143546461Z-dinov2-submodule-status/result.json,true
04_PhysX-3D/01_재현실행/재현자료/2026-09-21_공식예제진행/03_공식예제결과/evidence/logs/official-example-20260921/source-commands/20260921T090143546461Z-dinov2-submodule-status/stderr.log,e69de29bb2d1d6434b8b29ae775ad8c2e48c5391,0,e3b0c44298fc1c149afbf4c8996fb92427ae41e4649b934ca495991b7852b855,04_PhysX-3D/재현자료/2026-09-21_공식예제진행/03_공식예제결과/evidence/logs/official-example-20260921/source-commands/20260921T090143546461Z-dinov2-submodule-status/stderr.log,true
04_PhysX-3D/01_재현실행/재현자료/2026-09-21_공식예제진행/03_공식예제결과/evidence/logs/official-example-20260921/source-commands/20260921T090143546461Z-dinov2-submodule-status/stdout.log,e69de29bb2d1d6434b8b29ae775ad8c2e48c5391,0,e3b0c44298fc1c149afbf4c8996fb92427ae41e4649b934ca495991b7852b855,04_PhysX-3D/재현자료/2026-09-21_공식예제진행/03_공식예제결과/evidence/logs/official-example-20260921/source-commands/20260921T090143546461Z-dinov2-submodule-status/stdout.log,true
04_PhysX-3D/01_재현실행/재현자료/2026-09-21_공식예제진행/03_공식예제결과/evidence/logs/official-example-20260921/sparse-check-20260921T090645683991Z-8f611c0f11/result.json,668d2939cd5a98eb2bc258f78179f371b4da3c89,27906,3ede69cc3ec394b80549f99e7cbb981e338c819bf92e5c478620401b283863f6,04_PhysX-3D/재현자료/2026-09-21_공식예제진행/03_공식예제결과/evidence/logs/official-example-20260921/sparse-check-20260921T090645683991Z-8f611c0f11/result.json,true
04_PhysX-3D/01_재현실행/재현자료/2026-09-21_공식예제진행/03_공식예제결과/evidence/logs/official-example-20260921/terminal-environment-baseline.json,308c8e9bdb11262fada80ca663727d8926212660,4939,648b71db910901be818a46309c13ae3a983525a90bb044d596e269584e048df5,04_PhysX-3D/재현자료/2026-09-21_공식예제진행/03_공식예제결과/evidence/logs/official-example-20260921/terminal-environment-baseline.json,true
04_PhysX-3D/01_재현실행/재현자료/2026-09-21_공식예제진행/03_공식예제결과/evidence/logs/official-example-20260921/terminal-handoff-preparation-result.json,dc46098bc90b07bca07d1279aab4bdf97640ea1f,673,33d1e6525c0198e0bc381b3919167c00b0e6ea69e20b1464b5894450510ab3e4,04_PhysX-3D/재현자료/2026-09-21_공식예제진행/03_공식예제결과/evidence/logs/official-example-20260921/terminal-handoff-preparation-result.json,true
04_PhysX-3D/01_재현실행/재현자료/2026-09-21_공식예제진행/03_공식예제결과/evidence/logs/official-example-20260921/terminal-preparation-manifest.json,4df5ffddb26aab9346404da39057a4d4044c85a4,2608,6dfd9b8f2c50ec47e0c1cb01a5a1cc22a4f57e3f4b680b6af666d33adb8b489d,04_PhysX-3D/재현자료/2026-09-21_공식예제진행/03_공식예제결과/evidence/logs/official-example-20260921/terminal-preparation-manifest.json,true
04_PhysX-3D/01_재현실행/재현자료/2026-09-21_공식예제진행/03_공식예제결과/evidence/logs/official-example-20260921/terminal-preparation-tests/20260921T094023554209Z-9afb026952/command.json,66a74bbfce93e5b7573fc30e5619ebd2838de760,994,a156229271d21548cc670f0564f0d6c98f79db7e6b288f5b00b5698af9c95b7f,04_PhysX-3D/재현자료/2026-09-21_공식예제진행/03_공식예제결과/evidence/logs/official-example-20260921/terminal-preparation-tests/20260921T094023554209Z-9afb026952/command.json,true
04_PhysX-3D/01_재현실행/재현자료/2026-09-21_공식예제진행/03_공식예제결과/evidence/logs/official-example-20260921/terminal-preparation-tests/20260921T094023554209Z-9afb026952/result.json,8c6ba4f964d9b522d4f5c4e3ea3509f59e4dcae3,1130,c2c9eeac588acc8a2fd3f340cec3e3009ddb41c74326dbd73c6175249df0116c,04_PhysX-3D/재현자료/2026-09-21_공식예제진행/03_공식예제결과/evidence/logs/official-example-20260921/terminal-preparation-tests/20260921T094023554209Z-9afb026952/result.json,true
04_PhysX-3D/01_재현실행/재현자료/2026-09-21_공식예제진행/03_공식예제결과/evidence/logs/official-example-20260921/terminal-preparation-tests/20260921T094023554209Z-9afb026952/stderr.log,2e03c783abad23f45cce508f3c71cf84fdf0054e,5883,73b0c1b567d34e8821d2f8caeee50211caac04629a9fc110278d9be1a7df2e17,04_PhysX-3D/재현자료/2026-09-21_공식예제진행/03_공식예제결과/evidence/logs/official-example-20260921/terminal-preparation-tests/20260921T094023554209Z-9afb026952/stderr.log,true
04_PhysX-3D/01_재현실행/재현자료/2026-09-21_공식예제진행/03_공식예제결과/evidence/logs/official-example-20260921/terminal-preparation-tests/20260921T094023554209Z-9afb026952/stdout.log,e69de29bb2d1d6434b8b29ae775ad8c2e48c5391,0,e3b0c44298fc1c149afbf4c8996fb92427ae41e4649b934ca495991b7852b855,04_PhysX-3D/재현자료/2026-09-21_공식예제진행/03_공식예제결과/evidence/logs/official-example-20260921/terminal-preparation-tests/20260921T094023554209Z-9afb026952/stdout.log,true
04_PhysX-3D/01_재현실행/재현자료/2026-09-21_공식예제진행/03_공식예제결과/evidence/logs/official-example-20260921/terminal-preparation-tests/20260921T094108871329Z-efa0ac5d42/command.json,7fb02df6e2c362636cb764837babca1577ba919b,994,c693b8d00865dd93205d028f02b71fcb748405ae03e6803c3e7dfe18b74c2f61,04_PhysX-3D/재현자료/2026-09-21_공식예제진행/03_공식예제결과/evidence/logs/official-example-20260921/terminal-preparation-tests/20260921T094108871329Z-efa0ac5d42/command.json,true
04_PhysX-3D/01_재현실행/재현자료/2026-09-21_공식예제진행/03_공식예제결과/evidence/logs/official-example-20260921/terminal-preparation-tests/20260921T094108871329Z-efa0ac5d42/result.json,af21a4369c7dc14169d17c4fffb4e260eb3d9d97,1130,c357830b8e91dc4e8103c16c6565bc649c04cf3051975a125eadfda8caba9cf1,04_PhysX-3D/재현자료/2026-09-21_공식예제진행/03_공식예제결과/evidence/logs/official-example-20260921/terminal-preparation-tests/20260921T094108871329Z-efa0ac5d42/result.json,true
04_PhysX-3D/01_재현실행/재현자료/2026-09-21_공식예제진행/03_공식예제결과/evidence/logs/official-example-20260921/terminal-preparation-tests/20260921T094108871329Z-efa0ac5d42/stderr.log,c5693a45181803ab60ef5ebb96168b46ecb805f3,4894,b66f33960cb23c768506ff7e384e5597e985875156158cf4f3a9161a337cd943,04_PhysX-3D/재현자료/2026-09-21_공식예제진행/03_공식예제결과/evidence/logs/official-example-20260921/terminal-preparation-tests/20260921T094108871329Z-efa0ac5d42/stderr.log,true
04_PhysX-3D/01_재현실행/재현자료/2026-09-21_공식예제진행/03_공식예제결과/evidence/logs/official-example-20260921/terminal-preparation-tests/20260921T094108871329Z-efa0ac5d42/stdout.log,e69de29bb2d1d6434b8b29ae775ad8c2e48c5391,0,e3b0c44298fc1c149afbf4c8996fb92427ae41e4649b934ca495991b7852b855,04_PhysX-3D/재현자료/2026-09-21_공식예제진행/03_공식예제결과/evidence/logs/official-example-20260921/terminal-preparation-tests/20260921T094108871329Z-efa0ac5d42/stdout.log,true
04_PhysX-3D/01_재현실행/재현자료/2026-09-21_공식예제진행/03_공식예제결과/evidence/logs/official-example-20260921/terminal-preparation-tests/combined-output.log,8e7268daf76f238ccb2a5206a917a5cad7d46204,2853,4dda98128751a8970a1a7fc30b0be098552f63789bd2cd47e36f598a4802129d,04_PhysX-3D/재현자료/2026-09-21_공식예제진행/03_공식예제결과/evidence/logs/official-example-20260921/terminal-preparation-tests/combined-output.log,true
04_PhysX-3D/01_재현실행/재현자료/2026-09-21_공식예제진행/03_공식예제결과/evidence/logs/official-example-20260921/terminal-preparation-tests/command-result.json,8b6662b71c9589dfd803fe11808ba2473e334016,1271,066201a6b124d3f9ae5badb36bea4fb5d9d3ed76afa4539db6d6fe8c9dc171e5,04_PhysX-3D/재현자료/2026-09-21_공식예제진행/03_공식예제결과/evidence/logs/official-example-20260921/terminal-preparation-tests/command-result.json,true
04_PhysX-3D/01_재현실행/재현자료/2026-09-21_공식예제진행/03_공식예제결과/evidence/logs/official-example-20260921/terminal-runs/20260921T122021Z-415cd02be5/command.json,b9549b74ba2bc0f5e3fd3a667613ef8263c24482,540,eaadb6a3cdd2954e3b7ba8801ef34d59a27a4fde2810c95cc013afe5628166a1,04_PhysX-3D/재현자료/2026-09-21_공식예제진행/03_공식예제결과/evidence/logs/official-example-20260921/terminal-runs/20260921T122021Z-415cd02be5/command.json,true
04_PhysX-3D/01_재현실행/재현자료/2026-09-21_공식예제진행/03_공식예제결과/evidence/logs/official-example-20260921/terminal-runs/20260921T122021Z-415cd02be5/environment-before.json,041667e2028bd366ff0eee3a99cc2d6dad120493,5184,f675f128bb53c569aec4a7965acc3bc20a5b98b014f22ec6633f3430c381c1e5,04_PhysX-3D/재현자료/2026-09-21_공식예제진행/03_공식예제결과/evidence/logs/official-example-20260921/terminal-runs/20260921T122021Z-415cd02be5/environment-before.json,true
04_PhysX-3D/01_재현실행/재현자료/2026-09-21_공식예제진행/03_공식예제결과/evidence/logs/official-example-20260921/terminal-runs/20260921T122021Z-415cd02be5/flash-wheel-verified.json,9a7bcb1307383dd75f58dcc457aff9c859e522b0,3648,6bfacbdd971f5fcd3c3f88b43f1ac0142e5275c7389adaeefa0a5618ffe1d020,04_PhysX-3D/재현자료/2026-09-21_공식예제진행/03_공식예제결과/evidence/logs/official-example-20260921/terminal-runs/20260921T122021Z-415cd02be5/flash-wheel-verified.json,true
04_PhysX-3D/01_재현실행/재현자료/2026-09-21_공식예제진행/03_공식예제결과/evidence/logs/official-example-20260921/terminal-runs/20260921T122021Z-415cd02be5/gpu-selection-1/command-result.json,e1df0804bfc13edc8b204db7512e571e8469ba87,316,f8035f19d4783e998db2c41a65706f8d6893f2107a35dbc3b8adc5eac1426382,04_PhysX-3D/재현자료/2026-09-21_공식예제진행/03_공식예제결과/evidence/logs/official-example-20260921/terminal-runs/20260921T122021Z-415cd02be5/gpu-selection-1/command-result.json,true
04_PhysX-3D/01_재현실행/재현자료/2026-09-21_공식예제진행/03_공식예제결과/evidence/logs/official-example-20260921/terminal-runs/20260921T122021Z-415cd02be5/gpu-selection-1/stderr.log,e69de29bb2d1d6434b8b29ae775ad8c2e48c5391,0,e3b0c44298fc1c149afbf4c8996fb92427ae41e4649b934ca495991b7852b855,04_PhysX-3D/재현자료/2026-09-21_공식예제진행/03_공식예제결과/evidence/logs/official-example-20260921/terminal-runs/20260921T122021Z-415cd02be5/gpu-selection-1/stderr.log,true
04_PhysX-3D/01_재현실행/재현자료/2026-09-21_공식예제진행/03_공식예제결과/evidence/logs/official-example-20260921/terminal-runs/20260921T122021Z-415cd02be5/gpu-selection-1/stdout.log,e69de29bb2d1d6434b8b29ae775ad8c2e48c5391,0,e3b0c44298fc1c149afbf4c8996fb92427ae41e4649b934ca495991b7852b855,04_PhysX-3D/재현자료/2026-09-21_공식예제진행/03_공식예제결과/evidence/logs/official-example-20260921/terminal-runs/20260921T122021Z-415cd02be5/gpu-selection-1/stdout.log,true
04_PhysX-3D/01_재현실행/재현자료/2026-09-21_공식예제진행/03_공식예제결과/evidence/logs/official-example-20260921/terminal-runs/20260921T122021Z-415cd02be5/official-table-versions-after.json,c438ae71b02c1ed996ebd58b69bdf371e7c33c99,5211,59621d893e1ad99bcb31e216953fa4ac2db688fff74d80cda4f69222d879eb35,04_PhysX-3D/재현자료/2026-09-21_공식예제진행/03_공식예제결과/evidence/logs/official-example-20260921/terminal-runs/20260921T122021Z-415cd02be5/official-table-versions-after.json,true
04_PhysX-3D/01_재현실행/재현자료/2026-09-21_공식예제진행/03_공식예제결과/evidence/logs/official-example-20260921/terminal-runs/20260921T122021Z-415cd02be5/official-table-versions-before.json,644d86df40e093e9058d76fc4fb3208def054919,5211,11d4286657167c4fbfbd7d623a5e41643f34fc0994f3b9c48de7019a4b35f7b0,04_PhysX-3D/재현자료/2026-09-21_공식예제진행/03_공식예제결과/evidence/logs/official-example-20260921/terminal-runs/20260921T122021Z-415cd02be5/official-table-versions-before.json,true
04_PhysX-3D/01_재현실행/재현자료/2026-09-21_공식예제진행/03_공식예제결과/evidence/logs/official-example-20260921/terminal-runs/20260921T122021Z-415cd02be5/output-validation.json,0c63f1e382fc5c1c7011d42dc84ea5fcd93f4a05,34485,adeece95a342653b068122497b630cc9cb80f65368b4cce799b5d457cb66282b,04_PhysX-3D/재현자료/2026-09-21_공식예제진행/03_공식예제결과/evidence/logs/official-example-20260921/terminal-runs/20260921T122021Z-415cd02be5/output-validation.json,true
04_PhysX-3D/01_재현실행/재현자료/2026-09-21_공식예제진행/03_공식예제결과/evidence/logs/official-example-20260921/terminal-runs/20260921T122021Z-415cd02be5/preparation-manifest.json,4df5ffddb26aab9346404da39057a4d4044c85a4,2608,6dfd9b8f2c50ec47e0c1cb01a5a1cc22a4f57e3f4b680b6af666d33adb8b489d,04_PhysX-3D/재현자료/2026-09-21_공식예제진행/03_공식예제결과/evidence/logs/official-example-20260921/terminal-runs/20260921T122021Z-415cd02be5/preparation-manifest.json,true
04_PhysX-3D/01_재현실행/재현자료/2026-09-21_공식예제진행/03_공식예제결과/evidence/logs/official-example-20260921/terminal-runs/20260921T122021Z-415cd02be5/result.json,bf96b784b7abb43fb7c8a9884c48299a65e908cb,2408,b7b46c6fe1159a48140503c532eafcab379b1724be1bd5bc7801f23e699cc2a3,04_PhysX-3D/재현자료/2026-09-21_공식예제진행/03_공식예제결과/evidence/logs/official-example-20260921/terminal-runs/20260921T122021Z-415cd02be5/result.json,true
04_PhysX-3D/01_재현실행/재현자료/2026-09-21_공식예제진행/03_공식예제결과/evidence/logs/official-example-20260921/terminal-runs/20260921T122021Z-415cd02be5/stage-official-table/command.json,b13388198c39c987b741a24a2fbc0333c312a796,990,3b4195b5efaf23efc297e567fb6431efcd5ba2807d650558d7a94cb8836c9cf9,04_PhysX-3D/재현자료/2026-09-21_공식예제진행/03_공식예제결과/evidence/logs/official-example-20260921/terminal-runs/20260921T122021Z-415cd02be5/stage-official-table/command.json,true
04_PhysX-3D/01_재현실행/재현자료/2026-09-21_공식예제진행/03_공식예제결과/evidence/logs/official-example-20260921/terminal-runs/20260921T122021Z-415cd02be5/stage-official-table/result.json,3a9f787c69e772f4c13d6ac7398e2c0a16722272,1040,3c7d4772e9619fbb8209e69c634acbef3b1b73e1b3441719500e1bed55d5f627,04_PhysX-3D/재현자료/2026-09-21_공식예제진행/03_공식예제결과/evidence/logs/official-example-20260921/terminal-runs/20260921T122021Z-415cd02be5/stage-official-table/result.json,true
04_PhysX-3D/01_재현실행/재현자료/2026-09-21_공식예제진행/03_공식예제결과/evidence/logs/official-example-20260921/terminal-runs/20260921T122021Z-415cd02be5/stage-official-table/stderr.log,e69de29bb2d1d6434b8b29ae775ad8c2e48c5391,0,e3b0c44298fc1c149afbf4c8996fb92427ae41e4649b934ca495991b7852b855,04_PhysX-3D/재현자료/2026-09-21_공식예제진행/03_공식예제결과/evidence/logs/official-example-20260921/terminal-runs/20260921T122021Z-415cd02be5/stage-official-table/stderr.log,true
04_PhysX-3D/01_재현실행/재현자료/2026-09-21_공식예제진행/03_공식예제결과/evidence/logs/official-example-20260921/terminal-runs/20260921T122021Z-415cd02be5/stage-official-table/stdout.log,50797e60f019185bbe801e5e0a74a83f1f829e1b,184,39ec143e75c5bb22eda66b7d79f676e20bc8aae8cbf50a44d8633e2e2729738d,04_PhysX-3D/재현자료/2026-09-21_공식예제진행/03_공식예제결과/evidence/logs/official-example-20260921/terminal-runs/20260921T122021Z-415cd02be5/stage-official-table/stdout.log,true
04_PhysX-3D/01_재현실행/재현자료/2026-09-21_공식예제진행/03_공식예제결과/evidence/logs/official-example-20260921/terminal-runs/20260921T122021Z-415cd02be5/stage-terminal-flash-install/command.json,af3864c98d6c0750ea324b1a0d6ed89a2ea86c2e,896,e609ac89a6c3c36bd582cb39c83d7b03d90942223c13193446c584a27c7ad269,04_PhysX-3D/재현자료/2026-09-21_공식예제진행/03_공식예제결과/evidence/logs/official-example-20260921/terminal-runs/20260921T122021Z-415cd02be5/stage-terminal-flash-install/command.json,true
04_PhysX-3D/01_재현실행/재현자료/2026-09-21_공식예제진행/03_공식예제결과/evidence/logs/official-example-20260921/terminal-runs/20260921T122021Z-415cd02be5/stage-terminal-flash-install/result.json,9f51d970e00960f9d4b969abc8c11830812484e0,946,f6de3d3bd8b96259a7c876bea78545b92887b5eaecc894ca0c00d3ffe7760842,04_PhysX-3D/재현자료/2026-09-21_공식예제진행/03_공식예제결과/evidence/logs/official-example-20260921/terminal-runs/20260921T122021Z-415cd02be5/stage-terminal-flash-install/result.json,true
04_PhysX-3D/01_재현실행/재현자료/2026-09-21_공식예제진행/03_공식예제결과/evidence/logs/official-example-20260921/terminal-runs/20260921T122021Z-415cd02be5/stage-terminal-flash-install/stderr.log,e69de29bb2d1d6434b8b29ae775ad8c2e48c5391,0,e3b0c44298fc1c149afbf4c8996fb92427ae41e4649b934ca495991b7852b855,04_PhysX-3D/재현자료/2026-09-21_공식예제진행/03_공식예제결과/evidence/logs/official-example-20260921/terminal-runs/20260921T122021Z-415cd02be5/stage-terminal-flash-install/stderr.log,true
04_PhysX-3D/01_재현실행/재현자료/2026-09-21_공식예제진행/03_공식예제결과/evidence/logs/official-example-20260921/terminal-runs/20260921T122021Z-415cd02be5/stage-terminal-flash-install/stdout.log,c47812c92fcb3ea41425605fa94462f553c49f72,192,dc4f1ef6f3cd71ff1b5302f493cb31c27f83ed5050d9a7af4ea1e3f8d802f13a,04_PhysX-3D/재현자료/2026-09-21_공식예제진행/03_공식예제결과/evidence/logs/official-example-20260921/terminal-runs/20260921T122021Z-415cd02be5/stage-terminal-flash-install/stdout.log,true
04_PhysX-3D/01_재현실행/재현자료/2026-09-21_공식예제진행/03_공식예제결과/evidence/logs/official-example-20260921/terminal-runs/20260921T122021Z-415cd02be5/stage-terminal-flash-smoke/command.json,3802d57cda259864d454cc0d7567e0f6e4cb475f,1008,d7681806652118ba99be9900950349d97be9715f5156ce3b40f96f6e148bfcea,04_PhysX-3D/재현자료/2026-09-21_공식예제진행/03_공식예제결과/evidence/logs/official-example-20260921/terminal-runs/20260921T122021Z-415cd02be5/stage-terminal-flash-smoke/command.json,true
04_PhysX-3D/01_재현실행/재현자료/2026-09-21_공식예제진행/03_공식예제결과/evidence/logs/official-example-20260921/terminal-runs/20260921T122021Z-415cd02be5/stage-terminal-flash-smoke/result.json,d9ad06e451e262cff3aa07cffbb1c2bd8175e8f4,1058,106601478db7cd2a6babfc3fb986d17e4161d02ba1df4ba7d3f16cc44067c2e4,04_PhysX-3D/재현자료/2026-09-21_공식예제진행/03_공식예제결과/evidence/logs/official-example-20260921/terminal-runs/20260921T122021Z-415cd02be5/stage-terminal-flash-smoke/result.json,true
04_PhysX-3D/01_재현실행/재현자료/2026-09-21_공식예제진행/03_공식예제결과/evidence/logs/official-example-20260921/terminal-runs/20260921T122021Z-415cd02be5/stage-terminal-flash-smoke/stderr.log,e69de29bb2d1d6434b8b29ae775ad8c2e48c5391,0,e3b0c44298fc1c149afbf4c8996fb92427ae41e4649b934ca495991b7852b855,04_PhysX-3D/재현자료/2026-09-21_공식예제진행/03_공식예제결과/evidence/logs/official-example-20260921/terminal-runs/20260921T122021Z-415cd02be5/stage-terminal-flash-smoke/stderr.log,true
04_PhysX-3D/01_재현실행/재현자료/2026-09-21_공식예제진행/03_공식예제결과/evidence/logs/official-example-20260921/terminal-runs/20260921T122021Z-415cd02be5/stage-terminal-flash-smoke/stdout.log,a4779d25eff320c2bd99de0a26b2d681315c4597,190,ad02cb8a3d6884f068d769366e73e22e40ee821290da272f04dfdbd85f19089f,04_PhysX-3D/재현자료/2026-09-21_공식예제진행/03_공식예제결과/evidence/logs/official-example-20260921/terminal-runs/20260921T122021Z-415cd02be5/stage-terminal-flash-smoke/stdout.log,true
04_PhysX-3D/01_재현실행/재현자료/2026-09-21_공식예제진행/03_공식예제결과/evidence/logs/official-example-20260921/terminal-runs/20260921T122021Z-415cd02be5/stage-terminal-output-verify/command.json,754a155bc09c0598105bf1930999539108551be2,1240,7e6f8f1f5bfa248866cc81bb2e0f5a1fd083f61b363b008e8f954cbaa1aa3c96,04_PhysX-3D/재현자료/2026-09-21_공식예제진행/03_공식예제결과/evidence/logs/official-example-20260921/terminal-runs/20260921T122021Z-415cd02be5/stage-terminal-output-verify/command.json,true
04_PhysX-3D/01_재현실행/재현자료/2026-09-21_공식예제진행/03_공식예제결과/evidence/logs/official-example-20260921/terminal-runs/20260921T122021Z-415cd02be5/stage-terminal-output-verify/result.json,ee79e458b1713edb5d80df2570c1f946af60640b,1290,3da8f766de1998242e296247867f1a0b7c5d56f0ad6634337a3d95d2a7b129d1,04_PhysX-3D/재현자료/2026-09-21_공식예제진행/03_공식예제결과/evidence/logs/official-example-20260921/terminal-runs/20260921T122021Z-415cd02be5/stage-terminal-output-verify/result.json,true
04_PhysX-3D/01_재현실행/재현자료/2026-09-21_공식예제진행/03_공식예제결과/evidence/logs/official-example-20260921/terminal-runs/20260921T122021Z-415cd02be5/stage-terminal-output-verify/stderr.log,e69de29bb2d1d6434b8b29ae775ad8c2e48c5391,0,e3b0c44298fc1c149afbf4c8996fb92427ae41e4649b934ca495991b7852b855,04_PhysX-3D/재현자료/2026-09-21_공식예제진행/03_공식예제결과/evidence/logs/official-example-20260921/terminal-runs/20260921T122021Z-415cd02be5/stage-terminal-output-verify/stderr.log,true
04_PhysX-3D/01_재현실행/재현자료/2026-09-21_공식예제진행/03_공식예제결과/evidence/logs/official-example-20260921/terminal-runs/20260921T122021Z-415cd02be5/stage-terminal-output-verify/stdout.log,3ed5fad1fbcae8cc0e594a39660c02977b9f934b,192,d116222ff5570c30d95054db98b7a93413fae4e5ba31421d3558aa31ea183d5e,04_PhysX-3D/재현자료/2026-09-21_공식예제진행/03_공식예제결과/evidence/logs/official-example-20260921/terminal-runs/20260921T122021Z-415cd02be5/stage-terminal-output-verify/stdout.log,true
04_PhysX-3D/01_재현실행/재현자료/2026-09-21_공식예제진행/03_공식예제결과/evidence/logs/official-example-20260921/terminal-runs/20260921T122021Z-415cd02be5/stderr.log,e69de29bb2d1d6434b8b29ae775ad8c2e48c5391,0,e3b0c44298fc1c149afbf4c8996fb92427ae41e4649b934ca495991b7852b855,04_PhysX-3D/재현자료/2026-09-21_공식예제진행/03_공식예제결과/evidence/logs/official-example-20260921/terminal-runs/20260921T122021Z-415cd02be5/stderr.log,true
04_PhysX-3D/01_재현실행/재현자료/2026-09-21_공식예제진행/03_공식예제결과/evidence/logs/official-example-20260921/terminal-runs/20260921T122021Z-415cd02be5/stdout.log,4bf802f2aece145dbd88433d8ddbc3d62bbef7fa,3049,8d6c4bd2a6a01d036acb35644385a234aa73d3f918869d73321017fd3faa4e82,04_PhysX-3D/재현자료/2026-09-21_공식예제진행/03_공식예제결과/evidence/logs/official-example-20260921/terminal-runs/20260921T122021Z-415cd02be5/stdout.log,true
04_PhysX-3D/01_재현실행/재현자료/2026-09-21_공식예제진행/03_공식예제결과/evidence/logs/official-example-20260921/terminal-runs/20260921T122021Z-415cd02be5/terminal-flash-install-versions-after.json,c9b4cdb919a28d1cd0c108ab58e9d6c737e54a19,5211,a039f3618adb4a81cd5e97d85129f46bd6e2878875953b75a59130ec17f4dc3d,04_PhysX-3D/재현자료/2026-09-21_공식예제진행/03_공식예제결과/evidence/logs/official-example-20260921/terminal-runs/20260921T122021Z-415cd02be5/terminal-flash-install-versions-after.json,true
04_PhysX-3D/01_재현실행/재현자료/2026-09-21_공식예제진행/03_공식예제결과/evidence/logs/official-example-20260921/terminal-runs/20260921T122021Z-415cd02be5/terminal-flash-install-versions-before.json,9bb4ce2da07eb40e17d8189e3b9e265174729bfe,5184,31f0692b2d2f5ce53e448f92e48766c5cfbfcd30fd978b166ffebf2b478fa7b2,04_PhysX-3D/재현자료/2026-09-21_공식예제진행/03_공식예제결과/evidence/logs/official-example-20260921/terminal-runs/20260921T122021Z-415cd02be5/terminal-flash-install-versions-before.json,true
04_PhysX-3D/01_재현실행/재현자료/2026-09-21_공식예제진행/03_공식예제결과/evidence/logs/official-example-20260921/terminal-runs/20260921T122021Z-415cd02be5/terminal-flash-smoke-versions-after.json,c1e069584e77070393e29ec4c99e65af9dfd692c,5211,a121ca00d79073fd71ebb586c2253e904d43b83b757598f0c90034ba45afd4b4,04_PhysX-3D/재현자료/2026-09-21_공식예제진행/03_공식예제결과/evidence/logs/official-example-20260921/terminal-runs/20260921T122021Z-415cd02be5/terminal-flash-smoke-versions-after.json,true
04_PhysX-3D/01_재현실행/재현자료/2026-09-21_공식예제진행/03_공식예제결과/evidence/logs/official-example-20260921/terminal-runs/20260921T122021Z-415cd02be5/terminal-flash-smoke-versions-before.json,cbb3feeeb0d1d7e1ee8abf26e02bc34ee8c8aaa9,5211,ded846d3552725a573ec54410e557b36f9b36d20015f100821c7b30c3ad3b84a,04_PhysX-3D/재현자료/2026-09-21_공식예제진행/03_공식예제결과/evidence/logs/official-example-20260921/terminal-runs/20260921T122021Z-415cd02be5/terminal-flash-smoke-versions-before.json,true
04_PhysX-3D/01_재현실행/재현자료/2026-09-21_공식예제진행/03_공식예제결과/evidence/logs/official-example-20260921/terminal-runs/20260921T122021Z-415cd02be5/terminal-output-verify-versions-after.json,ce3714b839f807234fb918c447e1ba56203aeb0f,5211,5f634c2e2b0435ee481e7617e13a9eb2cc6c7a573480a668fa96136276bc6c10,04_PhysX-3D/재현자료/2026-09-21_공식예제진행/03_공식예제결과/evidence/logs/official-example-20260921/terminal-runs/20260921T122021Z-415cd02be5/terminal-output-verify-versions-after.json,true
04_PhysX-3D/01_재현실행/재현자료/2026-09-21_공식예제진행/03_공식예제결과/evidence/logs/official-example-20260921/terminal-runs/20260921T122021Z-415cd02be5/terminal-output-verify-versions-before.json,e9bb0425921d34b6407be4fcdc95d296ecaca72c,5211,e2f4a1b333fd9701c460fefbc7db1ead6eb3bdeee076748da1de6a83f2c71d42,04_PhysX-3D/재현자료/2026-09-21_공식예제진행/03_공식예제결과/evidence/logs/official-example-20260921/terminal-runs/20260921T122021Z-415cd02be5/terminal-output-verify-versions-before.json,true
04_PhysX-3D/01_재현실행/재현자료/2026-09-21_공식예제진행/03_공식예제결과/evidence/logs/official-example-20260921/terminal_handoff.py,97e1d3c8a72a8e8e2eb21f71f901b330f21bcc4c,26149,b003aedac37c982267d6e99e7b221b5025a0c0551f272a97a85f4e96cc89cab1,04_PhysX-3D/재현자료/2026-09-21_공식예제진행/03_공식예제결과/evidence/logs/official-example-20260921/terminal_handoff.py,true
04_PhysX-3D/01_재현실행/재현자료/2026-09-21_공식예제진행/03_공식예제결과/evidence/logs/official-example-20260921/test_terminal_handoff.py,e4d4852c384f3fd5788db69b0429eecf9c8a37be,32149,57aa9410dc85efd28fe843adf1848c117b47c957ec5f4ae1f03834ce806fa7ce,04_PhysX-3D/재현자료/2026-09-21_공식예제진행/03_공식예제결과/evidence/logs/official-example-20260921/test_terminal_handoff.py,true
04_PhysX-3D/01_재현실행/재현자료/2026-09-21_공식예제진행/03_공식예제결과/evidence/logs/official-example-20260921/test_workspace_runner.py,96b68f6e590f6db0c47a4d88c57348cdce1a90d9,6214,ec6f0a8bd40cadf7852e4c145dbac7caae865a62fbd463190122d4d1b5edccb5,04_PhysX-3D/재현자료/2026-09-21_공식예제진행/03_공식예제결과/evidence/logs/official-example-20260921/test_workspace_runner.py,true
04_PhysX-3D/01_재현실행/재현자료/2026-09-21_공식예제진행/03_공식예제결과/evidence/logs/official-example-20260921/validate_example_outputs.py,252fa9948a3f1f26b6dd70a2a69576ecb3af1be6,32460,16e7b02f27b955bcaae34d19d687de373442a39463bebd4b0f5ed8b7459e2a64,04_PhysX-3D/재현자료/2026-09-21_공식예제진행/03_공식예제결과/evidence/logs/official-example-20260921/validate_example_outputs.py,true
04_PhysX-3D/01_재현실행/재현자료/2026-09-21_공식예제진행/03_공식예제결과/evidence/logs/official-example-20260921/wheel-installs/20260921T122021899947Z/after.json,7b8a21a13dd9ae108a0b7cc36c94abc39239d738,4534,ccd87fa71ee0d36fd4f36525002e9d6a43b056fbccde5682fc6210cd51e3110c,04_PhysX-3D/재현자료/2026-09-21_공식예제진행/03_공식예제결과/evidence/logs/official-example-20260921/wheel-installs/20260921T122021899947Z/after.json,true
04_PhysX-3D/01_재현실행/재현자료/2026-09-21_공식예제진행/03_공식예제결과/evidence/logs/official-example-20260921/wheel-installs/20260921T122021899947Z/before.json,7319b38036797a4d20d40330d7d18ffa8150babc,4509,6751f6dd6779a3cc55d2687479c92008cf3c4643e6acc421df1914214901c590,04_PhysX-3D/재현자료/2026-09-21_공식예제진행/03_공식예제결과/evidence/logs/official-example-20260921/wheel-installs/20260921T122021899947Z/before.json,true
04_PhysX-3D/01_재현실행/재현자료/2026-09-21_공식예제진행/03_공식예제결과/evidence/logs/official-example-20260921/wheel-installs/20260921T122021899947Z/dry-run/command.json,16db7b0efa615dcaaf5ef5a3064b38ca8302a702,679,21f79e7c1c08ca9c2df868aeb5e89cb8a5b50cf2b717087137c77d768479b2be,04_PhysX-3D/재현자료/2026-09-21_공식예제진행/03_공식예제결과/evidence/logs/official-example-20260921/wheel-installs/20260921T122021899947Z/dry-run/command.json,true
04_PhysX-3D/01_재현실행/재현자료/2026-09-21_공식예제진행/03_공식예제결과/evidence/logs/official-example-20260921/wheel-installs/20260921T122021899947Z/dry-run/result.json,671229e38e976d8e6eeecdf0c884e8e66ab5f535,747,268f9161bc6be4a9cbf18eb722bf3407b7166226e902736ea9bda85cd498ad67,04_PhysX-3D/재현자료/2026-09-21_공식예제진행/03_공식예제결과/evidence/logs/official-example-20260921/wheel-installs/20260921T122021899947Z/dry-run/result.json,true
04_PhysX-3D/01_재현실행/재현자료/2026-09-21_공식예제진행/03_공식예제결과/evidence/logs/official-example-20260921/wheel-installs/20260921T122021899947Z/dry-run/stderr.log,e69de29bb2d1d6434b8b29ae775ad8c2e48c5391,0,e3b0c44298fc1c149afbf4c8996fb92427ae41e4649b934ca495991b7852b855,04_PhysX-3D/재현자료/2026-09-21_공식예제진행/03_공식예제결과/evidence/logs/official-example-20260921/wheel-installs/20260921T122021899947Z/dry-run/stderr.log,true
04_PhysX-3D/01_재현실행/재현자료/2026-09-21_공식예제진행/03_공식예제결과/evidence/logs/official-example-20260921/wheel-installs/20260921T122021899947Z/dry-run/stdout.log,53b5016f4273d8983f04ee86efbb8001e156b2c0,254,a3342ae3c447b330c5c8a6eade01fdc59ff89b814c96ad4c4390e5571b8f1ee8,04_PhysX-3D/재현자료/2026-09-21_공식예제진행/03_공식예제결과/evidence/logs/official-example-20260921/wheel-installs/20260921T122021899947Z/dry-run/stdout.log,true
04_PhysX-3D/01_재현실행/재현자료/2026-09-21_공식예제진행/03_공식예제결과/evidence/logs/official-example-20260921/wheel-installs/20260921T122021899947Z/install/command.json,e5abb7bf44a0f48303c88ba3b55932d934fffea7,526,97c30b7dec65ed6527839602965e3531f08acefcc49fbc6ffc8847437e68c118,04_PhysX-3D/재현자료/2026-09-21_공식예제진행/03_공식예제결과/evidence/logs/official-example-20260921/wheel-installs/20260921T122021899947Z/install/command.json,true
04_PhysX-3D/01_재현실행/재현자료/2026-09-21_공식예제진행/03_공식예제결과/evidence/logs/official-example-20260921/wheel-installs/20260921T122021899947Z/install/result.json,59e922caad19d455e874b2c81a34b9bf55d15baf,594,1deeebbf5ef826dee90a49ed5675f5142b775e26efea0586d3fdb2d80ce04378,04_PhysX-3D/재현자료/2026-09-21_공식예제진행/03_공식예제결과/evidence/logs/official-example-20260921/wheel-installs/20260921T122021899947Z/install/result.json,true
04_PhysX-3D/01_재현실행/재현자료/2026-09-21_공식예제진행/03_공식예제결과/evidence/logs/official-example-20260921/wheel-installs/20260921T122021899947Z/install/stderr.log,e69de29bb2d1d6434b8b29ae775ad8c2e48c5391,0,e3b0c44298fc1c149afbf4c8996fb92427ae41e4649b934ca495991b7852b855,04_PhysX-3D/재현자료/2026-09-21_공식예제진행/03_공식예제결과/evidence/logs/official-example-20260921/wheel-installs/20260921T122021899947Z/install/stderr.log,true
04_PhysX-3D/01_재현실행/재현자료/2026-09-21_공식예제진행/03_공식예제결과/evidence/logs/official-example-20260921/wheel-installs/20260921T122021899947Z/install/stdout.log,af38a95026fe0a4dfb969f02c7e2a2d1c16f4ddb,305,20bbd017f09fb62222e2dede2921903a82d24de19c0e64a348427f49efc93003,04_PhysX-3D/재현자료/2026-09-21_공식예제진행/03_공식예제결과/evidence/logs/official-example-20260921/wheel-installs/20260921T122021899947Z/install/stdout.log,true
04_PhysX-3D/01_재현실행/재현자료/2026-09-21_공식예제진행/03_공식예제결과/evidence/logs/official-example-20260921/wheel-installs/20260921T122021899947Z/interpreter.json,14ea1c6d432277467dcad7c0f0d1fdc11f5d827a,145,ce8a6b2152c2ff79662816e573ca888dfe7130d203febd1913ab57134b25590c,04_PhysX-3D/재현자료/2026-09-21_공식예제진행/03_공식예제결과/evidence/logs/official-example-20260921/wheel-installs/20260921T122021899947Z/interpreter.json,true
04_PhysX-3D/01_재현실행/재현자료/2026-09-21_공식예제진행/03_공식예제결과/evidence/logs/official-example-20260921/wheel-installs/20260921T122021899947Z/pip-check/command.json,e0309fdd65b48938c59ab0e3df2ee764399da9ab,285,69cc0a1c0862b89e348771ed6698d0e977638410c35dc6ece538765784d19d53,04_PhysX-3D/재현자료/2026-09-21_공식예제진행/03_공식예제결과/evidence/logs/official-example-20260921/wheel-installs/20260921T122021899947Z/pip-check/command.json,true
04_PhysX-3D/01_재현실행/재현자료/2026-09-21_공식예제진행/03_공식예제결과/evidence/logs/official-example-20260921/wheel-installs/20260921T122021899947Z/pip-check/result.json,dcd16bb752a55b4a37a852fb0c09c8dff4e7ee0d,353,164c5d17146af7738be67e52567b0884e8c4166e9176817ddd312200b733a1eb,04_PhysX-3D/재현자료/2026-09-21_공식예제진행/03_공식예제결과/evidence/logs/official-example-20260921/wheel-installs/20260921T122021899947Z/pip-check/result.json,true
04_PhysX-3D/01_재현실행/재현자료/2026-09-21_공식예제진행/03_공식예제결과/evidence/logs/official-example-20260921/wheel-installs/20260921T122021899947Z/pip-check/stderr.log,e69de29bb2d1d6434b8b29ae775ad8c2e48c5391,0,e3b0c44298fc1c149afbf4c8996fb92427ae41e4649b934ca495991b7852b855,04_PhysX-3D/재현자료/2026-09-21_공식예제진행/03_공식예제결과/evidence/logs/official-example-20260921/wheel-installs/20260921T122021899947Z/pip-check/stderr.log,true
04_PhysX-3D/01_재현실행/재현자료/2026-09-21_공식예제진행/03_공식예제결과/evidence/logs/official-example-20260921/wheel-installs/20260921T122021899947Z/pip-check/stdout.log,c688d8ccdad82420475fc31cb40020cccfeeef2b,30,9261363b733079a641c2e4cc9bc46ffa1d8336945a87f807b6cf68847dbc9b09,04_PhysX-3D/재현자료/2026-09-21_공식예제진행/03_공식예제결과/evidence/logs/official-example-20260921/wheel-installs/20260921T122021899947Z/pip-check/stdout.log,true
04_PhysX-3D/01_재현실행/재현자료/2026-09-21_공식예제진행/03_공식예제결과/evidence/logs/official-example-20260921/wheel-installs/20260921T122021899947Z/preview.json,72521635139df22ae9f1e0a8889b8cb625aead66,25481,79103dc3b2da586d58d5a8e02656e1968a73e9fada342e8dd49b17ab49192b1b,04_PhysX-3D/재현자료/2026-09-21_공식예제진행/03_공식예제결과/evidence/logs/official-example-20260921/wheel-installs/20260921T122021899947Z/preview.json,true
04_PhysX-3D/01_재현실행/재현자료/2026-09-21_공식예제진행/03_공식예제결과/evidence/logs/official-example-20260921/wheel-installs/20260921T122021899947Z/result.json,01384c5ebafbce8272a71b513b1dc9adffdb00ca,212,70238dbb5fb486f640dc349a0219a7a13a1ff31b56492810664cabdca87a01f6,04_PhysX-3D/재현자료/2026-09-21_공식예제진행/03_공식예제결과/evidence/logs/official-example-20260921/wheel-installs/20260921T122021899947Z/result.json,true
04_PhysX-3D/01_재현실행/재현자료/2026-09-21_공식예제진행/03_공식예제결과/evidence/logs/official-example-20260921/wheel-installs/20260921T122021899947Z/verified-wheels.json,b9301a5ca1a2c431768b9d2c18093eac6491ed56,347,953ac7cc71f007403bd5a80aa216014c16f8a2d41f25e786a6fe686bc63682f2,04_PhysX-3D/재현자료/2026-09-21_공식예제진행/03_공식예제결과/evidence/logs/official-example-20260921/wheel-installs/20260921T122021899947Z/verified-wheels.json,true
04_PhysX-3D/01_재현실행/재현자료/2026-09-21_공식예제진행/03_공식예제결과/evidence/logs/official-example-20260921/wheel-installs/20260921T122021899947Z/wheels.lock.txt,3e5440ad3eb7574a117b4f21d84e2d7288ff29c0,205,eafe519ae10dd580fa1e26c12814f6e5c8b7feef1be43eeff9b5cbd90156072c,04_PhysX-3D/재현자료/2026-09-21_공식예제진행/03_공식예제결과/evidence/logs/official-example-20260921/wheel-installs/20260921T122021899947Z/wheels.lock.txt,true
04_PhysX-3D/01_재현실행/재현자료/2026-09-21_공식예제진행/03_공식예제결과/evidence/logs/official-example-20260921/workspace_runner.py,922690eb3de59e9335eebd99cb8e03f416842d8f,24580,d842cf69dacd6b1921a10322a7de85518be0a54847e8aabebd85e9f885dfb6ee,04_PhysX-3D/재현자료/2026-09-21_공식예제진행/03_공식예제결과/evidence/logs/official-example-20260921/workspace_runner.py,true
04_PhysX-3D/01_재현실행/재현자료/2026-09-21_공식예제진행/03_공식예제결과/evidence/logs/official-example-review-20260921/inspect_artifacts.py,b9919a78429a5aefa3770f92189684fe2b3e062c,6294,3fbd21dc7ff71ef19f7b95cf72ff71c0e8e2cc2b0fd86c34ab0931a42eec8ae9,04_PhysX-3D/재현자료/2026-09-21_공식예제진행/03_공식예제결과/evidence/logs/official-example-review-20260921/inspect_artifacts.py,true
04_PhysX-3D/01_재현실행/재현자료/2026-09-21_공식예제진행/03_공식예제결과/evidence/logs/official-example-review-20260921/previews-20260921T122929Z-87522300/inspection.json,a5456960826c97838ec20f1a3083acc00b68f2b6,7830,cb6278b4b080981f9894677ca025cd8a371ffc4b21690275522d05c30f6bd9da,04_PhysX-3D/재현자료/2026-09-21_공식예제진행/03_공식예제결과/evidence/logs/official-example-review-20260921/previews-20260921T122929Z-87522300/inspection.json,true
04_PhysX-3D/01_재현실행/재현자료/2026-09-21_공식예제진행/03_공식예제결과/evidence/logs/official-example-review-20260921/stage-review.json,c8370c0ceaeeb6b9ecffab426dfc6c7f78e600d3,28287,42609a73dd1f580dc8480845bc2112954a17e49eda985314ad008a2a16b1b81b,04_PhysX-3D/재현자료/2026-09-21_공식예제진행/03_공식예제결과/evidence/logs/official-example-review-20260921/stage-review.json,true
04_PhysX-3D/01_재현실행/재현자료/2026-09-21_공식예제진행/03_공식예제결과/evidence/logs/official-example-review-20260921/visual-review.md,0c09be06ff54204da79b69c94f16a7cf362937ef,4965,4743fbf99e9945d4e334171d1fb5ba03a2238834c0f8b297b3aa142626a6799c,04_PhysX-3D/재현자료/2026-09-21_공식예제진행/03_공식예제결과/evidence/logs/official-example-review-20260921/visual-review.md,true
04_PhysX-3D/01_재현실행/재현자료/2026-09-21_공식예제진행/03_공식예제결과/evidence/logs/python-foundation-install-20260921/pip_without_site.py,3a1940e4cc4d36b683bb3513c0f4fa5de8b6549b,249,f15a06f3de03f5f5c2236b8619a2d65c7392af5b3f4bd793c6d460cbadf1a992,04_PhysX-3D/재현자료/2026-09-21_공식예제진행/03_공식예제결과/evidence/logs/python-foundation-install-20260921/pip_without_site.py,true
04_PhysX-3D/01_재현실행/재현자료/2026-09-21_공식예제진행/03_공식예제결과/evidence/outputs/official-example/table-20260921T122033Z-60b5940050/execution.json,011e4534b3b53ed0fce5dfe777687fa4728a8dad,8006,6db0f3ed1bcb7e6f7a829ea9128a8d8755f099ed296690f9e6dc46f4802d8948,04_PhysX-3D/재현자료/2026-09-21_공식예제진행/03_공식예제결과/evidence/outputs/official-example/table-20260921T122033Z-60b5940050/execution.json,true
04_PhysX-3D/01_재현실행/재현자료/2026-09-21_공식예제진행/03_공식예제결과/evidence/outputs/official-example/table-20260921T122033Z-60b5940050/pretrain/diffusion/prediction-diagnostics.json,adaa1831c9a254d124aa86128193c00b9df3028c,260,b2bbf30a730c6d13095f9865a19c34cde58b536aa3d7ee61fddce0801fa68c51,04_PhysX-3D/재현자료/2026-09-21_공식예제진행/03_공식예제결과/evidence/outputs/official-example/table-20260921T122033Z-60b5940050/pretrain/diffusion/prediction-diagnostics.json,true
04_PhysX-3D/01_재현실행/재현자료/2026-09-21_공식예제진행/03_공식예제결과/gpu-samples.json,3e6c803683a7a2a9e03671d37d0e6285a243f183,75316,5ef019feb7149b7c7fdb0eb73e9988943c68a0318cd7030631fb94704f861658,04_PhysX-3D/재현자료/2026-09-21_공식예제진행/03_공식예제결과/gpu-samples.json,true
04_PhysX-3D/01_재현실행/재현자료/2026-09-21_공식예제진행/03_공식예제결과/local-only-review-artifacts.json,06f3fa69775e69e58fb1e7e252408a0e9094fbc2,3289,5f22dd06cf9f06e75274cb71f49b8f5c095524f9ae5d79b5b726b583831804a1,04_PhysX-3D/재현자료/2026-09-21_공식예제진행/03_공식예제결과/local-only-review-artifacts.json,true
04_PhysX-3D/01_재현실행/재현자료/2026-09-21_공식예제진행/03_공식예제결과/output-artifacts.json,690047eaaec84686cee23828083b28e3ffb7ecbf,1804,de229f9f086e3fe3ed4e7e327f53f5798a4421724b82fb23e1ddf02ef6723096,04_PhysX-3D/재현자료/2026-09-21_공식예제진행/03_공식예제결과/output-artifacts.json,true
04_PhysX-3D/01_재현실행/재현자료/2026-09-21_공식예제진행/04_입력결과비교/.gitattributes,dc7fa84bd005a6f7cc04cee810c7eb3d17cdb10e,26,155348a89d5e749f50d336f8f164a39bf8415179177b36e8b51766f3ab9a16d3,04_PhysX-3D/재현자료/2026-09-21_공식예제진행/04_입력결과비교/.gitattributes,true
04_PhysX-3D/01_재현실행/재현자료/2026-09-21_공식예제진행/04_입력결과비교/evidence-manifest.json,f574008fde28bd7a70e38317156a64f3a3279548,5728,9f2fdd1924c66b3770e46312f6eafef6ce88cf5c60f6e90ebdaa411d8cc2a277,04_PhysX-3D/재현자료/2026-09-21_공식예제진행/04_입력결과비교/evidence-manifest.json,true
04_PhysX-3D/01_재현실행/재현자료/2026-09-21_공식예제진행/04_입력결과비교/evidence/logs/official-example-20260921/runs/20260921T125236Z-saved-comparison-candidates-52912abd34/command/command.json,4051967d57bd2ba42a5e3bdc41057ddf521eff16,8350,fee9c3f35af8737af1872934c3e75a10b33c29d8cbfbeb5b4c5f79f536e7137c,04_PhysX-3D/재현자료/2026-09-21_공식예제진행/04_입력결과비교/evidence/logs/official-example-20260921/runs/20260921T125236Z-saved-comparison-candidates-52912abd34/command/command.json,true
04_PhysX-3D/01_재현실행/재현자료/2026-09-21_공식예제진행/04_입력결과비교/evidence/logs/official-example-20260921/runs/20260921T125236Z-saved-comparison-candidates-52912abd34/command/result.json,c89305b401889178e868f290ce62205804b4cb79,8478,774be1fdae27cb8dd96a5331df30beb93c8d7127726184d9d7e91262729ee7a8,04_PhysX-3D/재현자료/2026-09-21_공식예제진행/04_입력결과비교/evidence/logs/official-example-20260921/runs/20260921T125236Z-saved-comparison-candidates-52912abd34/command/result.json,true
04_PhysX-3D/01_재현실행/재현자료/2026-09-21_공식예제진행/04_입력결과비교/evidence/logs/official-example-20260921/runs/20260921T125236Z-saved-comparison-candidates-52912abd34/command/stderr.log,e69de29bb2d1d6434b8b29ae775ad8c2e48c5391,0,e3b0c44298fc1c149afbf4c8996fb92427ae41e4649b934ca495991b7852b855,04_PhysX-3D/재현자료/2026-09-21_공식예제진행/04_입력결과비교/evidence/logs/official-example-20260921/runs/20260921T125236Z-saved-comparison-candidates-52912abd34/command/stderr.log,true
04_PhysX-3D/01_재현실행/재현자료/2026-09-21_공식예제진행/04_입력결과비교/evidence/logs/official-example-20260921/runs/20260921T125236Z-saved-comparison-candidates-52912abd34/command/stdout.log,fc1d7f9ca571bb9e69cc78d39920ce2e44b32c0a,1139,c5265d3b52c4f67f7165c6596563258e21e66ac45297dd0da82d16c678fc8af2,04_PhysX-3D/재현자료/2026-09-21_공식예제진행/04_입력결과비교/evidence/logs/official-example-20260921/runs/20260921T125236Z-saved-comparison-candidates-52912abd34/command/stdout.log,true
04_PhysX-3D/01_재현실행/재현자료/2026-09-21_공식예제진행/04_입력결과비교/evidence/logs/official-example-20260921/runs/20260921T125236Z-saved-comparison-candidates-52912abd34/plan.json,27a00a08576f4cafbcc352b11423d4b8ef11f5bd,8781,f82e19e8a939b1051b096cc003ecdab25c67b27f89d734b04a91dd931a5ac603,04_PhysX-3D/재현자료/2026-09-21_공식예제진행/04_입력결과비교/evidence/logs/official-example-20260921/runs/20260921T125236Z-saved-comparison-candidates-52912abd34/plan.json,true
04_PhysX-3D/01_재현실행/재현자료/2026-09-21_공식예제진행/04_입력결과비교/evidence/logs/official-example-20260921/runs/20260921T125236Z-saved-comparison-candidates-52912abd34/status.json,5eab565e30873942ece356c62aa5c20f4542d9aa,547,61ee51af35bf14833d53584171c1b6cd6bc9f883f167f58811767b51fa40d692,04_PhysX-3D/재현자료/2026-09-21_공식예제진행/04_입력결과비교/evidence/logs/official-example-20260921/runs/20260921T125236Z-saved-comparison-candidates-52912abd34/status.json,true
04_PhysX-3D/01_재현실행/재현자료/2026-09-21_공식예제진행/04_입력결과비교/evidence/logs/official-example-20260921/runs/20260921T125306Z-saved-input-output-comparison-7944889035/command/command.json,e57a37b564470869b062d838136911d10be276ac,8389,0dd24adec8781ce1c8d87e67bcfe57f6410d7ecf356d1c5b7dcbe4191f66fb9a,04_PhysX-3D/재현자료/2026-09-21_공식예제진행/04_입력결과비교/evidence/logs/official-example-20260921/runs/20260921T125306Z-saved-input-output-comparison-7944889035/command/command.json,true
04_PhysX-3D/01_재현실행/재현자료/2026-09-21_공식예제진행/04_입력결과비교/evidence/logs/official-example-20260921/runs/20260921T125306Z-saved-input-output-comparison-7944889035/command/result.json,055a5d0fe1730e104de3d7c3b34d0ec93fed1b57,8517,4ae298520682353de781e8c2dd19b3c3cbda87e816be49974f22452513a9b71a,04_PhysX-3D/재현자료/2026-09-21_공식예제진행/04_입력결과비교/evidence/logs/official-example-20260921/runs/20260921T125306Z-saved-input-output-comparison-7944889035/command/result.json,true
04_PhysX-3D/01_재현실행/재현자료/2026-09-21_공식예제진행/04_입력결과비교/evidence/logs/official-example-20260921/runs/20260921T125306Z-saved-input-output-comparison-7944889035/command/stderr.log,e69de29bb2d1d6434b8b29ae775ad8c2e48c5391,0,e3b0c44298fc1c149afbf4c8996fb92427ae41e4649b934ca495991b7852b855,04_PhysX-3D/재현자료/2026-09-21_공식예제진행/04_입력결과비교/evidence/logs/official-example-20260921/runs/20260921T125306Z-saved-input-output-comparison-7944889035/command/stderr.log,true
04_PhysX-3D/01_재현실행/재현자료/2026-09-21_공식예제진행/04_입력결과비교/evidence/logs/official-example-20260921/runs/20260921T125306Z-saved-input-output-comparison-7944889035/command/stdout.log,7783984658be9d7deb99208df10efd6bc613d053,1099,2c88851f0880426d69d38a5d541bd37f0c270b98a062c93603bc0438f88ef4da,04_PhysX-3D/재현자료/2026-09-21_공식예제진행/04_입력결과비교/evidence/logs/official-example-20260921/runs/20260921T125306Z-saved-input-output-comparison-7944889035/command/stdout.log,true
04_PhysX-3D/01_재현실행/재현자료/2026-09-21_공식예제진행/04_입력결과비교/evidence/logs/official-example-20260921/runs/20260921T125306Z-saved-input-output-comparison-7944889035/plan.json,ad521533555b1c79c006309c05112fbca194a990,8833,dd7770f55972d81ceff1d6d1c983e4bc708c7ea35514fb3ff8e31aa519f14a30,04_PhysX-3D/재현자료/2026-09-21_공식예제진행/04_입력결과비교/evidence/logs/official-example-20260921/runs/20260921T125306Z-saved-input-output-comparison-7944889035/plan.json,true
04_PhysX-3D/01_재현실행/재현자료/2026-09-21_공식예제진행/04_입력결과비교/evidence/logs/official-example-20260921/runs/20260921T125306Z-saved-input-output-comparison-7944889035/status.json,39ab5c743e3c6e5236570e18d7338ce2db162bfb,551,8fbae9953dd052f63b84ca6dcb66e9009fb5924ef57539e678408f7ce34582c1,04_PhysX-3D/재현자료/2026-09-21_공식예제진행/04_입력결과비교/evidence/logs/official-example-20260921/runs/20260921T125306Z-saved-input-output-comparison-7944889035/status.json,true
04_PhysX-3D/01_재현실행/재현자료/2026-09-21_공식예제진행/04_입력결과비교/evidence/logs/official-example-comparison-20260921/candidates-record.json,135f4c4f23f9ad3eb58f075c5090c3f122f70240,1146,e7310c674eb0271ee7236665e5d1c281a73028d1ebc2a23d9063dbc71881d648,04_PhysX-3D/재현자료/2026-09-21_공식예제진행/04_입력결과비교/evidence/logs/official-example-comparison-20260921/candidates-record.json,true
04_PhysX-3D/01_재현실행/재현자료/2026-09-21_공식예제진행/04_입력결과비교/evidence/logs/official-example-comparison-20260921/comparison-record.json,4ebb5dc5a45aafe70f0565e2223a6e498bad6fe3,1223,5940781202a4fe708d8a1322ab71accc49225f1c92233dea9bee9aa9c9a14b7f,04_PhysX-3D/재현자료/2026-09-21_공식예제진행/04_입력결과비교/evidence/logs/official-example-comparison-20260921/comparison-record.json,true
04_PhysX-3D/01_재현실행/재현자료/2026-09-21_공식예제진행/04_입력결과비교/evidence/logs/official-example-comparison-20260921/make_comparison.py,2cf62e516df3eec91dcf1dcd48592ead8521f029,5247,680f4839c1132eeead8dc145e219dc972faf21ced1c38c63c4c4fd94f4943a6b,04_PhysX-3D/재현자료/2026-09-21_공식예제진행/04_입력결과비교/evidence/logs/official-example-comparison-20260921/make_comparison.py,true
04_PhysX-3D/01_재현실행/재현자료/2026-09-21_자료보완/.gitattributes,45eb7863711151783e9ea90b7cdca30dfd9738b2,85,4df4b38559568f24b9181fd1613cfae290d11ce74d291d09b84f51bd33d71d39,04_PhysX-3D/재현자료/2026-09-21_자료보완/.gitattributes,true
04_PhysX-3D/01_재현실행/재현자료/2026-09-21_자료보완/README.md,58b625e1874697c2471c1d55d5163640ef0b5d6a,11183,057be3f097883bcc9625a74bf5e0b7e91d77785fa64e3f7eb74d3a81fe23f773,04_PhysX-3D/재현자료/2026-09-21_자료보완/README.md,false
04_PhysX-3D/01_재현실행/재현자료/2026-09-21_자료보완/external-inputs.json,cd4c4c1012614ce62d46267d4b5732e9ac1814b7,6411,4a03ff9fc665951f53e28036c1c1f315e73040bc0bb749bf11e123c526b1510d,04_PhysX-3D/재현자료/2026-09-21_자료보완/external-inputs.json,true
04_PhysX-3D/01_재현실행/재현자료/2026-09-21_자료보완/gpu/README.md,d6ce6a9b7c474e0a48dc93c6e6ee28ba8a06527e,8103,b2618463199c2fea7fbe42e1ad6e53b90c3e472832fa958fea8c3dbf3e578ad9,04_PhysX-3D/재현자료/2026-09-21_자료보완/gpu/README.md,false
04_PhysX-3D/01_재현실행/재현자료/2026-09-21_자료보완/gpu/gpu_check_launcher.py,d96f8ba97510dd49bc38a7f1809422b39d426f15,17764,34c7b1f04bacfd11bdf4383bf8a869db2d36bbbbe2b38d13103d5c10a1b35032,04_PhysX-3D/재현자료/2026-09-21_자료보완/gpu/gpu_check_launcher.py,true
04_PhysX-3D/01_재현실행/재현자료/2026-09-21_자료보완/gpu/pytorch_smoke_check.py,63ec5e0f5ab788bdaa1a03f602db19171bf42ef8,8348,9e6ec63f4284ff860d76635ff1e16bb6eff585d80040e0831f45611e0048131e,04_PhysX-3D/재현자료/2026-09-21_자료보완/gpu/pytorch_smoke_check.py,true
04_PhysX-3D/01_재현실행/재현자료/2026-09-21_자료보완/gpu/test_preparation.py,c78d4fb72cd006ede3789b0f59e3bf1dadd4fac5,5297,17c320bf97484194f07c561cfd137a46b8caf3629914a50056bc968651134f77,04_PhysX-3D/재현자료/2026-09-21_자료보완/gpu/test_preparation.py,true
04_PhysX-3D/01_재현실행/재현자료/2026-09-21_자료보완/local-records/logs/cuda-toolkit-install-20260921/actual-files.json,c0c9d1a7e9afcf4165ded18c5620eceb7d9452c2,11863,7cf58e4ab8769ea75bcf28b532431f44acfc1577b85d4c189d96109b06800bed,04_PhysX-3D/재현자료/2026-09-21_자료보완/local-records/logs/cuda-toolkit-install-20260921/actual-files.json,true
04_PhysX-3D/01_재현실행/재현자료/2026-09-21_자료보완/local-records/logs/cuda-toolkit-install-20260921/approved-artifacts.json,67d2ad294a77badd9bede1997113d481d209e03e,41280,f1970f159c2f03b6aa24475471c69c619c615dbd833a0ffc946a83d6b84393ee,04_PhysX-3D/재현자료/2026-09-21_자료보완/local-records/logs/cuda-toolkit-install-20260921/approved-artifacts.json,true
04_PhysX-3D/01_재현실행/재현자료/2026-09-21_자료보완/local-records/logs/cuda-toolkit-install-20260921/before.json,dfb1e1e8e44ca8f37710dbb467029bd742fdb138,52640,4691205db8c1b7316c9efb19789ae558f0ac53e682b9722c36949b517f9dadda,04_PhysX-3D/재현자료/2026-09-21_자료보완/local-records/logs/cuda-toolkit-install-20260921/before.json,true
04_PhysX-3D/01_재현실행/재현자료/2026-09-21_자료보완/local-records/logs/cuda-toolkit-install-20260921/cuda-toolkit.explicit.txt,9cc8cbe29c688ee467d135b7482d02ad3513c78b,14105,98be7b819e067fdcd22ac9e1af4e6ffa206775cd28a3204289f1e0ef7b253db8,04_PhysX-3D/재현자료/2026-09-21_자료보완/local-records/logs/cuda-toolkit-install-20260921/cuda-toolkit.explicit.txt,true
04_PhysX-3D/01_재현실행/재현자료/2026-09-21_자료보완/local-records/logs/cuda-toolkit-install-20260921/install_cuda_only.py,d956f4666f30b3219c47eb011cad0f01e5d640e8,10667,fb03d254091fdbd0772665afd2cc1c01d405b28532a52842916c656cdff55bf2,04_PhysX-3D/재현자료/2026-09-21_자료보완/local-records/logs/cuda-toolkit-install-20260921/install_cuda_only.py,true
04_PhysX-3D/01_재현실행/재현자료/2026-09-21_자료보완/local-records/logs/cuda-toolkit-install-20260921/preservation.json,7e6430b625b97f7cabdd1581e410b85094b64a8e,1133,aba59b226b1806fc27315d0e92699b1da683c715d9c2ede61abf3c95e06789b2,04_PhysX-3D/재현자료/2026-09-21_자료보완/local-records/logs/cuda-toolkit-install-20260921/preservation.json,true
04_PhysX-3D/01_재현실행/재현자료/2026-09-21_자료보완/local-records/logs/cuda-toolkit-install-20260921/result.json,6b37719a1ffcb823db1faa02b6d07eb109762f6a,1230,3eba22233a9b0c8c74ede6a42dec59ec9f2354f2955534dae9a896e7d4c38adb,04_PhysX-3D/재현자료/2026-09-21_자료보완/local-records/logs/cuda-toolkit-install-20260921/result.json,true
04_PhysX-3D/01_재현실행/재현자료/2026-09-21_자료보완/local-records/logs/install-plan-20260921/artifact-sha256.json,63d8eb72d22ca07b64a19cd609e81cd14cfe329a,2195,127fc477d52cf0e79ffd0f6fee461825ca0bc533eebbb740384fed2b1adbdf15,04_PhysX-3D/재현자료/2026-09-21_자료보완/local-records/logs/install-plan-20260921/artifact-sha256.json,true
04_PhysX-3D/01_재현실행/재현자료/2026-09-21_자료보완/local-records/logs/install-plan-20260921/clip-cache-path.review.patch,c6b64651023d4684806644f47bf6391b90bd16f2,821,8fcc8f32d510b201e3985276aa59da359bb43e76d5dd59db1f9fc0b4a9af224b,04_PhysX-3D/재현자료/2026-09-21_자료보완/local-records/logs/install-plan-20260921/clip-cache-path.review.patch,true
04_PhysX-3D/01_재현실행/재현자료/2026-09-21_자료보완/local-records/logs/install-plan-20260921/clip-cache-review.json,08bbd9b99ab8f2477dec684693d5958e12b67edd,4515,8605c033ccd6c761c81979d21bd11046b54a0381f60d13e2bb919de6d1132399,04_PhysX-3D/재현자료/2026-09-21_자료보완/local-records/logs/install-plan-20260921/clip-cache-review.json,true
04_PhysX-3D/01_재현실행/재현자료/2026-09-21_자료보완/local-records/logs/install-plan-20260921/conda-cuda128-dry-run.json,0d734bcc9e71caecff01978e8a7cc261f0c43c6b,132605,4b91c6cc65f9625275ac97b4835424c10a81108a05e81748d5c5c93e986c4f81,04_PhysX-3D/재현자료/2026-09-21_자료보완/local-records/logs/install-plan-20260921/conda-cuda128-dry-run.json,true
04_PhysX-3D/01_재현실행/재현자료/2026-09-21_자료보완/local-records/logs/install-plan-20260921/conda-final-isolated-preview.before.json,869915512e31666dcada689ff65482e384e52916,4836,f4d5dce63fd7ecf7a01fa1a0b333752592dd4fa8f0cccd1d9461a54e3fe7b42f,04_PhysX-3D/재현자료/2026-09-21_자료보완/local-records/logs/install-plan-20260921/conda-final-isolated-preview.before.json,true
04_PhysX-3D/01_재현실행/재현자료/2026-09-21_자료보완/local-records/logs/install-plan-20260921/conda-final-isolated-preview.comparison.json,ff033553b4f3fd0f9b01c6e7c240153340b34f8c,3445,da0ef1db5f50f2264b451dbcacd9a33e22a45c81957e702851c6fa7d94467b21,04_PhysX-3D/재현자료/2026-09-21_자료보완/local-records/logs/install-plan-20260921/conda-final-isolated-preview.comparison.json,true
04_PhysX-3D/01_재현실행/재현자료/2026-09-21_자료보완/local-records/logs/install-plan-20260921/conda-final-isolated-preview.execution.log,1ff9d5011f3e6bb1f062e8789276f2c62d160902,64,1ddf4579f836dbd8c3e9e0e13b2bf1cc25881fa5adaf15bb35dc0cfb2a2fd2ae,04_PhysX-3D/재현자료/2026-09-21_자료보완/local-records/logs/install-plan-20260921/conda-final-isolated-preview.execution.log,true
04_PhysX-3D/01_재현실행/재현자료/2026-09-21_자료보완/local-records/logs/install-plan-20260921/conda-final-isolated-preview.json,93f4af1d237f466384334a7668d671e453b526a1,132605,38b028ab4d716b43f3acab350a7ff65196821936c36d5cfbc782b3bc284400bb,04_PhysX-3D/재현자료/2026-09-21_자료보완/local-records/logs/install-plan-20260921/conda-final-isolated-preview.json,true
04_PhysX-3D/01_재현실행/재현자료/2026-09-21_자료보완/local-records/logs/install-plan-20260921/conda-final-isolated-preview.sha256.json,06bb3bc6398487df6d2de6c16357e22054cafd29,684,5d87b752c063d56ecaa9cd232ca931a2c930a84ec93bf6f5b393bb6b27d6fdcb,04_PhysX-3D/재현자료/2026-09-21_자료보완/local-records/logs/install-plan-20260921/conda-final-isolated-preview.sha256.json,true
04_PhysX-3D/01_재현실행/재현자료/2026-09-21_자료보완/local-records/logs/install-plan-20260921/conda-final-isolated-preview.stderr.log,e69de29bb2d1d6434b8b29ae775ad8c2e48c5391,0,e3b0c44298fc1c149afbf4c8996fb92427ae41e4649b934ca495991b7852b855,04_PhysX-3D/재현자료/2026-09-21_자료보완/local-records/logs/install-plan-20260921/conda-final-isolated-preview.stderr.log,true
04_PhysX-3D/01_재현실행/재현자료/2026-09-21_자료보완/local-records/logs/install-plan-20260921/conda-final-isolated-preview.summary.md,4b9efdc9fad5cbf918762163e53b64fd85c4a62e,3495,1d0ddc2eea95277382495f1d47ce247983e99c56a0e84f42fd76e09903503051,04_PhysX-3D/재현자료/2026-09-21_자료보완/local-records/logs/install-plan-20260921/conda-final-isolated-preview.summary.md,true
04_PhysX-3D/01_재현실행/재현자료/2026-09-21_자료보완/local-records/logs/install-plan-20260921/cuda-toolkit.conda-specs.txt,9b3d57fd8b8cce003e83e127689254035f29c8e8,3369,5ccf713420ef0e482fc1c8f7b05ed56acc1044ba677f97adff2c3a3ce6886159,04_PhysX-3D/재현자료/2026-09-21_자료보완/local-records/logs/install-plan-20260921/cuda-toolkit.conda-specs.txt,true
04_PhysX-3D/01_재현실행/재현자료/2026-09-21_자료보완/local-records/logs/install-plan-20260921/derive_resolved_plan.py,a192908ced526d6d38f176cfbc9daec83647ce64,3724,12bac99dc972cf23376bd507f802ec5a05d2a1d25a730a088b40be2fa1bff7f3,04_PhysX-3D/재현자료/2026-09-21_자료보완/local-records/logs/install-plan-20260921/derive_resolved_plan.py,true
04_PhysX-3D/01_재현실행/재현자료/2026-09-21_자료보완/local-records/logs/install-plan-20260921/final-verification.json,65590a0809f6994856b8f1fdced502de710821bf,1523,b0a577b457ef6e8c423daa5640579e91d3c902bdd2c066c31d6b40375df7729b,04_PhysX-3D/재현자료/2026-09-21_자료보완/local-records/logs/install-plan-20260921/final-verification.json,true
04_PhysX-3D/01_재현실행/재현자료/2026-09-21_자료보완/local-records/logs/install-plan-20260921/flash-attention-setup.review.txt,a108c412c00c8840c99bde6749e552d1fdbdc957,25281,d089d876c34366979708a87abe051bf3e30f81ee4ee685e4bb446c11f0940a73,04_PhysX-3D/재현자료/2026-09-21_자료보완/local-records/logs/install-plan-20260921/flash-attention-setup.review.txt,true
04_PhysX-3D/01_재현실행/재현자료/2026-09-21_자료보완/local-records/logs/install-plan-20260921/inspect_public_metadata.py,acd927da5d0d4e663dde2547c835f43b4fd5f33c,2778,a49f01a901253ae3bd0b953382e4b7247edf7247b80cb9132258afbcca4401bb,04_PhysX-3D/재현자료/2026-09-21_자료보완/local-records/logs/install-plan-20260921/inspect_public_metadata.py,true
04_PhysX-3D/01_재현실행/재현자료/2026-09-21_자료보완/local-records/logs/install-plan-20260921/installation-plan.before-isolation-review.md,176a1282d96a8d1cf00b8d33ad676a623b1261ea,25405,8765f322dc4e4fed55d21e7e937f2dba352926071900c94a4403a0591b48f158,04_PhysX-3D/재현자료/2026-09-21_자료보완/local-records/logs/install-plan-20260921/installation-plan.before-isolation-review.md,false
04_PhysX-3D/01_재현실행/재현자료/2026-09-21_자료보완/local-records/logs/install-plan-20260921/installation-plan.md,d676ccaeafc79873bf2133c0f71a5619050a66be,36690,78b40abf6185d93113c190a1e5f342555111362b6806b7b904b254c996c23eb4,04_PhysX-3D/재현자료/2026-09-21_자료보완/local-records/logs/install-plan-20260921/installation-plan.md,false
04_PhysX-3D/01_재현실행/재현자료/2026-09-21_자료보완/local-records/logs/install-plan-20260921/isolation-probe-result.json,2ea0eac045cf1a640115cf3e0be541c89b4253fc,4174,eaeebe39bff3cd9976c0fede69bcae3c379810b8678d95064e3ae7de2259aa0e,04_PhysX-3D/재현자료/2026-09-21_자료보완/local-records/logs/install-plan-20260921/isolation-probe-result.json,true
04_PhysX-3D/01_재현실행/재현자료/2026-09-21_자료보완/local-records/logs/install-plan-20260921/isolation-review-log.md,f4632c597944308eb85c93d90d1460103cd4b4a9,6971,d78b53cab444744b93beb2049860242fe21c21746ccfba9877d0a20881022378,04_PhysX-3D/재현자료/2026-09-21_자료보완/local-records/logs/install-plan-20260921/isolation-review-log.md,true
04_PhysX-3D/01_재현실행/재현자료/2026-09-21_자료보완/local-records/logs/install-plan-20260921/isolation-review-sha256.json,9b5978bd1bdcec0abab3136a19dffde9d6be370d,3441,7714a7ed9aa44b08d856080a699504f4108402f69535d0bf1e450992733097c5,04_PhysX-3D/재현자료/2026-09-21_자료보완/local-records/logs/install-plan-20260921/isolation-review-sha256.json,true
04_PhysX-3D/01_재현실행/재현자료/2026-09-21_자료보완/local-records/logs/install-plan-20260921/isolation-review-verification.json,bfd827db97f05ad5716f6c64168c4044a94dfc99,3650,30173ac84d2e0595f1c7a4cfde0fc1e944c121b33abad816c5132146ad36c3a4,04_PhysX-3D/재현자료/2026-09-21_자료보완/local-records/logs/install-plan-20260921/isolation-review-verification.json,true
04_PhysX-3D/01_재현실행/재현자료/2026-09-21_자료보완/local-records/logs/install-plan-20260921/isolation_probe.py,de4bcd3140e20918661e9dcc22831c112ba45dc7,3837,3074f700cb3a2e3dffc0b797b119900d9cad89e75d7ee78803156f41f92b628d,04_PhysX-3D/재현자료/2026-09-21_자료보완/local-records/logs/install-plan-20260921/isolation_probe.py,true
04_PhysX-3D/01_재현실행/재현자료/2026-09-21_자료보완/local-records/logs/install-plan-20260921/pip-dry-run-initial-report.json,920486910702d12482abbacb60688dfcacfc3ce9,1995925,d30a94a61e894846f2d9c47ad6d4f0706f2f11a84af925488befde46da53db63,04_PhysX-3D/재현자료/2026-09-21_자료보완/local-records/logs/install-plan-20260921/pip-dry-run-initial-report.json,true
04_PhysX-3D/01_재현실행/재현자료/2026-09-21_자료보완/local-records/logs/install-plan-20260921/pip-dry-run-report.json,920486910702d12482abbacb60688dfcacfc3ce9,1995925,d30a94a61e894846f2d9c47ad6d4f0706f2f11a84af925488befde46da53db63,04_PhysX-3D/재현자료/2026-09-21_자료보완/local-records/logs/install-plan-20260921/pip-dry-run-report.json,true
04_PhysX-3D/01_재현실행/재현자료/2026-09-21_자료보완/local-records/logs/install-plan-20260921/pip-utils3d-dry-run-report.json,117b21dee4087f60e8e743eae8d4916ad0fe6f37,148917,ca618a458e27990e20c28218f6b60f8ddf629879cc8368229325e72bc9c9b05e,04_PhysX-3D/재현자료/2026-09-21_자료보완/local-records/logs/install-plan-20260921/pip-utils3d-dry-run-report.json,true
04_PhysX-3D/01_재현실행/재현자료/2026-09-21_자료보완/local-records/logs/install-plan-20260921/preview.condarc,4ca908c574c32341309fa320869efca27ed215f7,315,f3827527f27453532446b40583ba19e8aff5190e2e1594106af22f259783bc34,04_PhysX-3D/재현자료/2026-09-21_자료보완/local-records/logs/install-plan-20260921/preview.condarc,true
04_PhysX-3D/01_재현실행/재현자료/2026-09-21_자료보완/local-records/logs/install-plan-20260921/pypi-candidate-metadata.json,b615dc737da63e294962a0053b0473d19ddc3158,362916,a90ee04514969bfecd257c2c6e9a658ea54acc310f097d9da5fd58734c6db63c,04_PhysX-3D/재현자료/2026-09-21_자료보완/local-records/logs/install-plan-20260921/pypi-candidate-metadata.json,true
04_PhysX-3D/01_재현실행/재현자료/2026-09-21_자료보완/local-records/logs/install-plan-20260921/python-direct-candidates.txt,3ba4a489a0152fd631e9f5d520dc51056baf8613,802,71f0c3251992985e1b50a419ece4209235f7b5f91b632cdb235f92a9bdca250f,04_PhysX-3D/재현자료/2026-09-21_자료보완/local-records/logs/install-plan-20260921/python-direct-candidates.txt,true
04_PhysX-3D/01_재현실행/재현자료/2026-09-21_자료보완/local-records/logs/install-plan-20260921/python-foundation.lock.txt,9ea5732050700ed95cce13978e865e8bbc7753c6,40504,a6d310a0572049eb5b63a7624e55571af2427c579192c2687651f57b6204e31d,04_PhysX-3D/재현자료/2026-09-21_자료보완/local-records/logs/install-plan-20260921/python-foundation.lock.txt,true
04_PhysX-3D/01_재현실행/재현자료/2026-09-21_자료보완/local-records/logs/install-plan-20260921/python-metadata-validation.json,16bdf8e11ceae06776656e01a9a41cac22ba0854,349,a996fb0b6221f84ab8bb1a7f20205d44c4f30d68b5782c2d5ad4d9b22eeca91c,04_PhysX-3D/재현자료/2026-09-21_자료보완/local-records/logs/install-plan-20260921/python-metadata-validation.json,true
04_PhysX-3D/01_재현실행/재현자료/2026-09-21_자료보완/local-records/logs/install-plan-20260921/python-resolved.constraints.txt,5d21dd25128000bb8bc3be91cb2572d2ebc2b338,3254,9e616b5935f48414a847bd8cede49f7743e6b8153a242ffbfe9bd6ee98022979,04_PhysX-3D/재현자료/2026-09-21_자료보완/local-records/logs/install-plan-20260921/python-resolved.constraints.txt,true
04_PhysX-3D/01_재현실행/재현자료/2026-09-21_자료보완/local-records/logs/install-plan-20260921/python-sparse-candidate.lock.txt,0153f99176514a6e4297b7afc1d12445347383a5,581,2c46f0ace1356e068f8615a5551984be37bb0aee1b3e52f77f49b48f0f57fbb3,04_PhysX-3D/재현자료/2026-09-21_자료보완/local-records/logs/install-plan-20260921/python-sparse-candidate.lock.txt,true
04_PhysX-3D/01_재현실행/재현자료/2026-09-21_자료보완/local-records/logs/install-plan-20260921/source-pins.json,614b11a3d5fe102fe9e95e38c22a27f8b56531f9,1777,e86de6a7a242a90af756a32d2f8745b88acd8276715d028ad17632373ba2eb92,04_PhysX-3D/재현자료/2026-09-21_자료보완/local-records/logs/install-plan-20260921/source-pins.json,true
04_PhysX-3D/01_재현실행/재현자료/2026-09-21_자료보완/local-records/logs/install-plan-20260921/supplemental-wheel-hashes.json,73c988c95d2ae5e8e0dba8a892abba9596929717,705,e84bd5db881bd0d925dc91430572a3bba162faa2aee1fd14d05777016b24876e,04_PhysX-3D/재현자료/2026-09-21_자료보완/local-records/logs/install-plan-20260921/supplemental-wheel-hashes.json,true
04_PhysX-3D/01_재현실행/재현자료/2026-09-21_자료보완/local-records/logs/install-plan-20260921/upstream-openai-clip-cache.review.txt,398a6282cc243e449430d91c2562491fc799929d,9644,9540f200fbf8145479fa655382a56dab048d238cc698b9cbd8df3b6d86d3f1b6,04_PhysX-3D/재현자료/2026-09-21_자료보완/local-records/logs/install-plan-20260921/upstream-openai-clip-cache.review.txt,true
04_PhysX-3D/01_재현실행/재현자료/2026-09-21_자료보완/local-records/logs/install-plan-20260921/upstream-physx-example-clip.review.txt,2833c8a37393f4cefacac4e97e4995f04217782d,9870,b971d477d48f33eaf981af4c2bc1df1bb5b44e59c11116ac68b4e7f03c8670d5,04_PhysX-3D/재현자료/2026-09-21_자료보완/local-records/logs/install-plan-20260921/upstream-physx-example-clip.review.txt,true
04_PhysX-3D/01_재현실행/재현자료/2026-09-21_자료보완/local-records/logs/install-plan-20260921/upstream-physx-merge-property-clip.review.txt,ccac3fec84866266ee05270ed256715c87de7c74,7293,dbeffc0fd711e994edcf5e10686c53182f6bee80f0153a14d6aafc09e691dc20,04_PhysX-3D/재현자료/2026-09-21_자료보완/local-records/logs/install-plan-20260921/upstream-physx-merge-property-clip.review.txt,true
04_PhysX-3D/01_재현실행/재현자료/2026-09-21_자료보완/local-records/logs/install-plan-20260921/upstream-setup.review.txt,92905d1ae62a9d97fde23caa30b2f947dfb1097a,11581,5f4dec73de2c673342ddbde3f0fd6529d979408f71e08cd25fa7931afe69698c,04_PhysX-3D/재현자료/2026-09-21_자료보완/local-records/logs/install-plan-20260921/upstream-setup.review.txt,true
04_PhysX-3D/01_재현실행/재현자료/2026-09-21_자료보완/local-records/logs/install-plan-20260921/utils3d-extra-candidates.txt,5b5b2ac3b9512f68c401fcfa27016d8494084897,131,b7655b7eb0be6b3721dff54fc65dc17adafa46550eccadb6d31e6a80fa4924e4,04_PhysX-3D/재현자료/2026-09-21_자료보완/local-records/logs/install-plan-20260921/utils3d-extra-candidates.txt,true
04_PhysX-3D/01_재현실행/재현자료/2026-09-21_자료보완/local-records/logs/install-plan-20260921/work-log.md,b1a10bf7e8c5fff81bf083580ee70fb2e229e955,7976,0ea233e52e5310467c2c2d605b140eadc680eb05f947721a0eca170b3fa12a85,04_PhysX-3D/재현자료/2026-09-21_자료보완/local-records/logs/install-plan-20260921/work-log.md,true
04_PhysX-3D/01_재현실행/재현자료/2026-09-21_자료보완/local-records/logs/install-plan-20260921/workspace_isolation.py,6216d1aa551ad4ea4983da9553c0da1348583b7e,5539,8e9038d7af1d7f23d0da87448a9218d03240a5b0ece05b65965340ad497929c1,04_PhysX-3D/재현자료/2026-09-21_자료보완/local-records/logs/install-plan-20260921/workspace_isolation.py,true
04_PhysX-3D/01_재현실행/재현자료/2026-09-21_자료보완/local-records/logs/python-foundation-install-20260921/before.json,fa12d8601d941b8892efed36b1374b87ac77e1ba,68201,8d529e18c0762207fbf40527e7aaeb438da3d31c0481a7972dda064f7d613b9c,04_PhysX-3D/재현자료/2026-09-21_자료보완/local-records/logs/python-foundation-install-20260921/before.json,true
04_PhysX-3D/01_재현실행/재현자료/2026-09-21_자료보완/local-records/logs/python-foundation-install-20260921/install_foundation.py,7dbc6e95c2ea6303de863745a3db7355f367e3df,12742,a5fd19e0c7465c035d869747a7256bc5ba043e67675de2e108100c28a40428e9,04_PhysX-3D/재현자료/2026-09-21_자료보완/local-records/logs/python-foundation-install-20260921/install_foundation.py,true
04_PhysX-3D/01_재현실행/재현자료/2026-09-21_자료보완/local-records/logs/python-foundation-install-20260921/installed-versions.json,d59e3cb4404192f7d96eb0a60636b90145172c0f,5026,2154bdc0004763b3050552d416af93c63fa622c307a9682ad6bfdf1c60a5cc27,04_PhysX-3D/재현자료/2026-09-21_자료보완/local-records/logs/python-foundation-install-20260921/installed-versions.json,true
04_PhysX-3D/01_재현실행/재현자료/2026-09-21_자료보완/local-records/logs/python-foundation-install-20260921/pip-check.command.json,de65ab93eeaf83aa1212d17b50a45b5decade09d,538,a56c00337b4aa42cb30387d8f824abae21da28767d6e69c62d23693ee472fef8,04_PhysX-3D/재현자료/2026-09-21_자료보완/local-records/logs/python-foundation-install-20260921/pip-check.command.json,true
04_PhysX-3D/01_재현실행/재현자료/2026-09-21_자료보완/local-records/logs/python-foundation-install-20260921/pip-check.stderr.log,e69de29bb2d1d6434b8b29ae775ad8c2e48c5391,0,e3b0c44298fc1c149afbf4c8996fb92427ae41e4649b934ca495991b7852b855,04_PhysX-3D/재현자료/2026-09-21_자료보완/local-records/logs/python-foundation-install-20260921/pip-check.stderr.log,true
04_PhysX-3D/01_재현실행/재현자료/2026-09-21_자료보완/local-records/logs/python-foundation-install-20260921/pip-check.stdout.log,c688d8ccdad82420475fc31cb40020cccfeeef2b,30,9261363b733079a641c2e4cc9bc46ffa1d8336945a87f807b6cf68847dbc9b09,04_PhysX-3D/재현자료/2026-09-21_자료보완/local-records/logs/python-foundation-install-20260921/pip-check.stdout.log,true
04_PhysX-3D/01_재현실행/재현자료/2026-09-21_자료보완/local-records/logs/python-foundation-install-20260921/pip_without_site.py,3a1940e4cc4d36b683bb3513c0f4fa5de8b6549b,249,f15a06f3de03f5f5c2236b8619a2d65c7392af5b3f4bd793c6d460cbadf1a992,04_PhysX-3D/재현자료/2026-09-21_자료보완/local-records/logs/python-foundation-install-20260921/pip_without_site.py,true
04_PhysX-3D/01_재현실행/재현자료/2026-09-21_자료보완/local-records/logs/python-foundation-install-20260921/result.json,0469ce85c30e8480fd18a849565a0a4caef7aacb,1536,becf409af71c3c3dccd8af4a3853fa61522ccbf2de6df63f027707ad70f907f0,04_PhysX-3D/재현자료/2026-09-21_자료보완/local-records/logs/python-foundation-install-20260921/result.json,true
04_PhysX-3D/01_재현실행/재현자료/2026-09-21_자료보완/materials-manifest.json,a3d28e7337189857b8932cd6994bd7190001991e,25506,8968d740d39cce4a5e16e24840625bbd726b842abe1044c31747821c9992fb9e,04_PhysX-3D/재현자료/2026-09-21_자료보완/materials-manifest.json,true
04_PhysX-3D/01_재현실행/재현자료/2026-09-21_자료보완/validation/README.md,9af541155e0aee53af5212407b182be8fa325b8e,1439,3d865bb01c6387c3a88aaa302ad090f5753ffa8b0225c26dc147329cb16945b9,04_PhysX-3D/재현자료/2026-09-21_자료보완/validation/README.md,true
04_PhysX-3D/01_재현실행/재현자료/2026-09-21_자료보완/validation/check_materials_static.py,33f4bc94703232fb001f847e2ad845d74f7feb90,3484,5f8daa723a57c55a93d845a7bd16b528a413b33bd9bdfd098fcae6eb4143be41,04_PhysX-3D/재현자료/2026-09-21_자료보완/validation/check_materials_static.py,false
04_PhysX-3D/01_재현실행/재현자료/2026-09-21_자료보완/validation/evidence-manifest.json,7e16163f08589da9a7efc1d73fe0a2b2db2285c4,8064,cd7accfc286fd8fbce3cb7c95a8143fa05bd3693d03bca0828a0112c3cef649a,04_PhysX-3D/재현자료/2026-09-21_자료보완/validation/evidence-manifest.json,true
04_PhysX-3D/01_재현실행/재현자료/2026-09-21_자료보완/validation/gpu-plan-mock-tests.command.json,14560764dc1a58c5057431ef5c67eeab1b1af58d,421,aff2ab36aeab8226de32f17f6919034ff5f3d04eb30ad8bca01be853d67ec732,04_PhysX-3D/재현자료/2026-09-21_자료보완/validation/gpu-plan-mock-tests.command.json,false
04_PhysX-3D/01_재현실행/재현자료/2026-09-21_자료보완/validation/gpu-plan-mock-tests.result.json,e4e83a794d6346ba2866e1ac80e99febd093113f,370,70c287479649027ae60b263ffb012dd917dc5016c24601f321f3c4b8b15c1519,04_PhysX-3D/재현자료/2026-09-21_자료보완/validation/gpu-plan-mock-tests.result.json,true
04_PhysX-3D/01_재현실행/재현자료/2026-09-21_자료보완/validation/gpu-plan-mock-tests.stderr.log,6676bb4964843a5d25f1e420d9f484efb5b4ab39,1369,88f5481727502450dca705ba8e6e89b85fbe32bcab10f9b0aca88107ae169140,04_PhysX-3D/재현자료/2026-09-21_자료보완/validation/gpu-plan-mock-tests.stderr.log,true
04_PhysX-3D/01_재현실행/재현자료/2026-09-21_자료보완/validation/gpu-plan-mock-tests.stdout.log,e69de29bb2d1d6434b8b29ae775ad8c2e48c5391,0,e3b0c44298fc1c149afbf4c8996fb92427ae41e4649b934ca495991b7852b855,04_PhysX-3D/재현자료/2026-09-21_자료보완/validation/gpu-plan-mock-tests.stdout.log,true
04_PhysX-3D/01_재현실행/재현자료/2026-09-21_자료보완/validation/gpu-plan.command.json,aa94c92d9c2471f84d327c147a7f71c10df8e45d,466,37d637a45e79e634f4c44d4b1b5ca44162afd20a8a340bba03a249a839ca1be8,04_PhysX-3D/재현자료/2026-09-21_자료보완/validation/gpu-plan.command.json,false
04_PhysX-3D/01_재현실행/재현자료/2026-09-21_자료보완/validation/gpu-plan.result.json,35f3f61f84b8b0b401687af67b36b4ea78e43f0b,348,2a94885bada9400116ebecf41e0308e4dbb1f3753a99e9d0ff647c8d2dd5f828,04_PhysX-3D/재현자료/2026-09-21_자료보완/validation/gpu-plan.result.json,true
04_PhysX-3D/01_재현실행/재현자료/2026-09-21_자료보완/validation/gpu-plan.stderr.log,e69de29bb2d1d6434b8b29ae775ad8c2e48c5391,0,e3b0c44298fc1c149afbf4c8996fb92427ae41e4649b934ca495991b7852b855,04_PhysX-3D/재현자료/2026-09-21_자료보완/validation/gpu-plan.stderr.log,true
04_PhysX-3D/01_재현실행/재현자료/2026-09-21_자료보완/validation/gpu-plan.stdout.log,3162349eabb493a53cf5b30f8785882112248faa,2118,e744ab7e335381e838cb355b0b74d7c349ad402d92d0218cd099ad77f4d9ba72,04_PhysX-3D/재현자료/2026-09-21_자료보완/validation/gpu-plan.stdout.log,true
04_PhysX-3D/01_재현실행/재현자료/2026-09-21_자료보완/validation/publication-push.command.json,1d9dc4ce67da465297b77e81609505be079b09f4,681,bc6b07c65b4b2555b28e2dd640e89e42147774e47c2a6c44b86c1e910f489826,04_PhysX-3D/재현자료/2026-09-21_자료보완/validation/publication-push.command.json,true
04_PhysX-3D/01_재현실행/재현자료/2026-09-21_자료보완/validation/publication-push.result.json,4bc9c78f249d126e0e654d0e4c84297adbd5e019,457,dfdfe3c5b944a6c6022690423672c87a761d8b30ba47d1caf3efd5903390230f,04_PhysX-3D/재현자료/2026-09-21_자료보완/validation/publication-push.result.json,true
04_PhysX-3D/01_재현실행/재현자료/2026-09-21_자료보완/validation/publication-push.stderr.log,63866a2c30bc004df53e6c0e62a6492675a42c52,87,f61948e46176cf12be796f1c360afb2380bf037192c016d26e6f4d0f3524d871,04_PhysX-3D/재현자료/2026-09-21_자료보완/validation/publication-push.stderr.log,true
04_PhysX-3D/01_재현실행/재현자료/2026-09-21_자료보완/validation/publication-push.stdout.log,e69de29bb2d1d6434b8b29ae775ad8c2e48c5391,0,e3b0c44298fc1c149afbf4c8996fb92427ae41e4649b934ca495991b7852b855,04_PhysX-3D/재현자료/2026-09-21_자료보완/validation/publication-push.stdout.log,true
04_PhysX-3D/01_재현실행/재현자료/2026-09-21_자료보완/validation/publication-receipt.json,653c1fcee82f1bc3c7223910722ba0310d1e6e6b,738,82e7266dfb25dd2b6bbb02a2c408cccc4c0b7e913f80814e4ca7a91fc382ea4c,04_PhysX-3D/재현자료/2026-09-21_자료보완/validation/publication-receipt.json,true
04_PhysX-3D/01_재현실행/재현자료/2026-09-21_자료보완/validation/publication-verify.command.json,a7007477f7bcb698adba4d9226f50fdb6ff399d0,700,06a829b611334a1974d7bc197af3cad63fd4134ddac611fa06a15ce3d1e08ccc,04_PhysX-3D/재현자료/2026-09-21_자료보완/validation/publication-verify.command.json,true
04_PhysX-3D/01_재현실행/재현자료/2026-09-21_자료보완/validation/publication-verify.result.json,53938de3e9d7bac088a4f7e36f7bcce11d1b2b66,461,b3d953d34d262f4bd3ee005601db1e2ac3929ac561f5d559714669bd54302676,04_PhysX-3D/재현자료/2026-09-21_자료보완/validation/publication-verify.result.json,true
04_PhysX-3D/01_재현실행/재현자료/2026-09-21_자료보완/validation/publication-verify.stderr.log,e69de29bb2d1d6434b8b29ae775ad8c2e48c5391,0,e3b0c44298fc1c149afbf4c8996fb92427ae41e4649b934ca495991b7852b855,04_PhysX-3D/재현자료/2026-09-21_자료보완/validation/publication-verify.stderr.log,true
04_PhysX-3D/01_재현실행/재현자료/2026-09-21_자료보완/validation/publication-verify.stdout.log,2e14aaf196270fbcf179a66f76b9baab7cb2ebe4,57,a02dee20fd22ac559784fe264c8839e845202e390efe7d22fbc706e9519ceac7,04_PhysX-3D/재현자료/2026-09-21_자료보완/validation/publication-verify.stdout.log,true
04_PhysX-3D/01_재현실행/재현자료/2026-09-21_자료보완/validation/run_validation.py,3479c361b3a8ff2fa52146061432b1f5ec9b0904,2272,ace9471e9f5ce876c45e5a409d3d960f5434fbc4ece23b4db6d36340f16cd039,04_PhysX-3D/재현자료/2026-09-21_자료보완/validation/run_validation.py,false
04_PhysX-3D/01_재현실행/재현자료/2026-09-21_자료보완/validation/static-audit.command.json,b7ccf1f32594b41fe419c7ebd7e7ac3d1ee3804e,364,7da42d9979603307151accce518a9a6fe39418c596594275d38b0c80d92004a8,04_PhysX-3D/재현자료/2026-09-21_자료보완/validation/static-audit.command.json,true
04_PhysX-3D/01_재현실행/재현자료/2026-09-21_자료보완/validation/static-audit.result.json,ce48f047c5e4fabf70b0774c56c0ea02d440b689,356,b6c4e47edff5bcae4def57be72b64549dd0455d4ba783e3772fe8131f37ee2ea,04_PhysX-3D/재현자료/2026-09-21_자료보완/validation/static-audit.result.json,true
04_PhysX-3D/01_재현실행/재현자료/2026-09-21_자료보완/validation/static-audit.stderr.log,e69de29bb2d1d6434b8b29ae775ad8c2e48c5391,0,e3b0c44298fc1c149afbf4c8996fb92427ae41e4649b934ca495991b7852b855,04_PhysX-3D/재현자료/2026-09-21_자료보완/validation/static-audit.stderr.log,true
04_PhysX-3D/01_재현실행/재현자료/2026-09-21_자료보완/validation/static-audit.stdout.log,14956a3e9355861a4e954834f8b85d95be1392f2,362,68f4ba6753c646d1f8da967ae522b6ebe34723199c7df91c452d648cbfdd7108,04_PhysX-3D/재현자료/2026-09-21_자료보완/validation/static-audit.stdout.log,true
04_PhysX-3D/01_재현실행/재현자료/2026-09-21_자료보완/validation/verify-materials.command.json,934b78233b5ebd5bf4736fc6c6b007c46f1eefe4,407,66301ced4475d0767e91fc4b1a7444f1c5dd4659f0e4f778d287a9fd911fb999,04_PhysX-3D/재현자료/2026-09-21_자료보완/validation/verify-materials.command.json,false
04_PhysX-3D/01_재현실행/재현자료/2026-09-21_자료보완/validation/verify-materials.result.json,5de9bdf3de26a66a7a2b8294ab9cc40f16e6e541,364,a48e1fd2a2783e7038830a6e82c7e7a2f45528e5cf4d9c64cf08665ec950cea9,04_PhysX-3D/재현자료/2026-09-21_자료보완/validation/verify-materials.result.json,true
04_PhysX-3D/01_재현실행/재현자료/2026-09-21_자료보완/validation/verify-materials.stderr.log,e69de29bb2d1d6434b8b29ae775ad8c2e48c5391,0,e3b0c44298fc1c149afbf4c8996fb92427ae41e4649b934ca495991b7852b855,04_PhysX-3D/재현자료/2026-09-21_자료보완/validation/verify-materials.stderr.log,true
04_PhysX-3D/01_재현실행/재현자료/2026-09-21_자료보완/validation/verify-materials.stdout.log,2f66f38cde1377693ff712ec2f90a22d8d1d0935,225,b28c49f6ee5f9b0e1f7032a759e78b38319da6286be7b2ea8c7fdeac58d17a7f,04_PhysX-3D/재현자료/2026-09-21_자료보완/validation/verify-materials.stdout.log,true
04_PhysX-3D/01_재현실행/재현자료/2026-09-21_자료보완/verify_materials.py,6f503eabed79cd669361366d8f03dc71e5111b89,9766,03021ff4bf2dd5d054c5cdd8a6f5c4f01c2333c2469f26ff113528d00c99c738,04_PhysX-3D/재현자료/2026-09-21_자료보완/verify_materials.py,true
04_PhysX-3D/01_재현실행/재현자료/2026-09-21_정량평가준비/evidence.json,bdf280b5ac09b6f16cfb122667ea39d6c1e59fb2,6874,ebe6040b03cd0bebcd00a02c0a4c0b8a58f01066759b6a7dc9a574be5d625693,04_PhysX-3D/재현자료/2026-09-21_정량평가준비/evidence.json,false
04_PhysX-3D/01_재현실행/재현자료/README.md,3fc20cf002374ac6e48ca731c88746e415da99c6,552,99451ff48ac90b8be9d6ffcac6a38187a5dad384df29411ff103365a0d31fb57,04_PhysX-3D/재현자료/README.md,true
04_PhysX-3D/02_실행증거/증거/2026-09-21_Git_메모리인증/README.md,9a39cc35c48145cef25b2b019b78ad3a2f35f174,1555,557ea00f2a260c6f0fe081f92e48d0301ad3fff0de54f1a584aa7c358916343b,04_PhysX-3D/증거/2026-09-21_Git_메모리인증/README.md,true
04_PhysX-3D/02_실행증거/증거/2026-09-21_Git_메모리인증/auth_session_security_checks.py,3b219b7fecee3d9573a49600308e97dcedc77d91,7091,500e72ccea40bf57ec55adc97a2cb6fdf88c915aaaed42f63bcce491e76b8175,04_PhysX-3D/증거/2026-09-21_Git_메모리인증/auth_session_security_checks.py,true
04_PhysX-3D/02_실행증거/증거/2026-09-21_Git_메모리인증/authenticated-fetch.command.json,30d5764a7b95e14996b0d23ada3dfcb414bb6913,719,2521f76a39c3d26b78a2bacd8b2acc14046bbec8be2bb66bb51054be2c07aab9,04_PhysX-3D/증거/2026-09-21_Git_메모리인증/authenticated-fetch.command.json,true
04_PhysX-3D/02_실행증거/증거/2026-09-21_Git_메모리인증/authenticated-fetch.result.json,71a6e329e478521fa0d4e6fc1b549a3686f3b757,459,51f58b0d8eb5227ba037ad4887c5f0645719c98c031c57982465e956b6d825d1,04_PhysX-3D/증거/2026-09-21_Git_메모리인증/authenticated-fetch.result.json,true
04_PhysX-3D/02_실행증거/증거/2026-09-21_Git_메모리인증/authenticated-fetch.stderr.log,e69de29bb2d1d6434b8b29ae775ad8c2e48c5391,0,e3b0c44298fc1c149afbf4c8996fb92427ae41e4649b934ca495991b7852b855,04_PhysX-3D/증거/2026-09-21_Git_메모리인증/authenticated-fetch.stderr.log,true
04_PhysX-3D/02_실행증거/증거/2026-09-21_Git_메모리인증/authenticated-fetch.stdout.log,e69de29bb2d1d6434b8b29ae775ad8c2e48c5391,0,e3b0c44298fc1c149afbf4c8996fb92427ae41e4649b934ca495991b7852b855,04_PhysX-3D/증거/2026-09-21_Git_메모리인증/authenticated-fetch.stdout.log,true
04_PhysX-3D/02_실행증거/증거/2026-09-21_Git_메모리인증/authenticated-prepush-confirmation.json,90bea3d65971196b0eda44b4c415da8f61e207b3,815,059bb7aa2f1d936eb80872dba4950c888d1c8d59dcd84740c0a37746e0a24e54,04_PhysX-3D/증거/2026-09-21_Git_메모리인증/authenticated-prepush-confirmation.json,true
04_PhysX-3D/02_실행증거/증거/2026-09-21_Git_메모리인증/evidence-manifest.json,35652adb25c4cc2059b4d05a3b68600e05a3fa6a,7991,84e2e0975926f7cd1e5fc60bba8330bf834af5a0bfcb014c742f5068de03c70d,04_PhysX-3D/증거/2026-09-21_Git_메모리인증/evidence-manifest.json,true
04_PhysX-3D/02_실행증거/증거/2026-09-21_Git_메모리인증/git_records_network.py,39ad76aabb6d9ad47ba901ea7bcab5d77ae45173,5431,184e0bc659a0a94441eefc864c9c5ab38ce28236d4c7bb21f83f6679e1411349,04_PhysX-3D/증거/2026-09-21_Git_메모리인증/git_records_network.py,true
04_PhysX-3D/02_실행증거/증거/2026-09-21_Git_메모리인증/physx_auth_session.py,dbcb4a739003f951fbbf6bae902e9fcf50c66da5,17239,a382bbe79835dfc2a295c6908fba37c698ceebe8d4d85c4700cb1eaa8305c3d3,04_PhysX-3D/증거/2026-09-21_Git_메모리인증/physx_auth_session.py,true
04_PhysX-3D/02_실행증거/증거/2026-09-21_Git_메모리인증/prelogin-events.json,c1358fc7011dbad3ed1299f29b069825b300a692,736,c9fa23aef23719bfd840e810b972161a593ef31a502d20ba3c41634f8001e79c,04_PhysX-3D/증거/2026-09-21_Git_메모리인증/prelogin-events.json,true
04_PhysX-3D/02_실행증거/증거/2026-09-21_Git_메모리인증/publication-push.command.json,4b4ebc67d2e0e345f4907836d61976d0822004d3,681,088dc8f1c51ee1bd251b1d2548093a95ec0fb5596e8d87c9e0f5b4f9ac47d5e8,04_PhysX-3D/증거/2026-09-21_Git_메모리인증/publication-push.command.json,true
04_PhysX-3D/02_실행증거/증거/2026-09-21_Git_메모리인증/publication-push.result.json,920725fade55d77c74982210b30e0d5cf43a6ff8,457,0d135480ac618316414a60823619c455af7e5e0ae740435ff3dddcb8ba51de6a,04_PhysX-3D/증거/2026-09-21_Git_메모리인증/publication-push.result.json,true
04_PhysX-3D/02_실행증거/증거/2026-09-21_Git_메모리인증/publication-push.stderr.log,481ba225364cfae08a43330032813f7a20ce8be5,87,d84cf0eba80d0cf74fe7e2a5d26ac75084711ce6b9a1a021b90d725eecaabcb2,04_PhysX-3D/증거/2026-09-21_Git_메모리인증/publication-push.stderr.log,true
04_PhysX-3D/02_실행증거/증거/2026-09-21_Git_메모리인증/publication-push.stdout.log,e69de29bb2d1d6434b8b29ae775ad8c2e48c5391,0,e3b0c44298fc1c149afbf4c8996fb92427ae41e4649b934ca495991b7852b855,04_PhysX-3D/증거/2026-09-21_Git_메모리인증/publication-push.stdout.log,true
04_PhysX-3D/02_실행증거/증거/2026-09-21_Git_메모리인증/publication-receipt.json,7ce47b6e86952f00b380c88e19c657c37b4925f8,952,49577628ac73a4c945edd538e87bf645b60679c5a99cf3a6b4d95ad209e900a6,04_PhysX-3D/증거/2026-09-21_Git_메모리인증/publication-receipt.json,true
04_PhysX-3D/02_실행증거/증거/2026-09-21_Git_메모리인증/publication-verify.command.json,18c830dd65dc8635bc61baecf0b5cb3beb48ecc5,700,ed27e6343b38efb9a481cd28196f6f5b64735cd146ec68fb215da9f28b26f587,04_PhysX-3D/증거/2026-09-21_Git_메모리인증/publication-verify.command.json,true
04_PhysX-3D/02_실행증거/증거/2026-09-21_Git_메모리인증/publication-verify.result.json,371c955413817b73e4de021d57051e6704bb28ca,461,0123a9725f1b22dd47fed9666d4d4654b668d4b25abe1e017f0e2739764db740,04_PhysX-3D/증거/2026-09-21_Git_메모리인증/publication-verify.result.json,true
04_PhysX-3D/02_실행증거/증거/2026-09-21_Git_메모리인증/publication-verify.stderr.log,e69de29bb2d1d6434b8b29ae775ad8c2e48c5391,0,e3b0c44298fc1c149afbf4c8996fb92427ae41e4649b934ca495991b7852b855,04_PhysX-3D/증거/2026-09-21_Git_메모리인증/publication-verify.stderr.log,true
04_PhysX-3D/02_실행증거/증거/2026-09-21_Git_메모리인증/publication-verify.stdout.log,5b4aa17b930ac3fde48b1344098b4381c41b440b,57,7b69f6a7b9e0fb2d225ae4bc61647ab0774158486ab87b66337569af461eadb7,04_PhysX-3D/증거/2026-09-21_Git_메모리인증/publication-verify.stdout.log,true
04_PhysX-3D/02_실행증거/증거/2026-09-21_Git_메모리인증/security-check.command.json,1dfb3cb4f92851533745a1d0c0294990de58b0d8,345,ee21d602709dc3c03754caa44d39f57a8ba813416da5522c8626b3b437947917,04_PhysX-3D/증거/2026-09-21_Git_메모리인증/security-check.command.json,true
04_PhysX-3D/02_실행증거/증거/2026-09-21_Git_메모리인증/security-check.result.json,81ffc1a1c2476dd697866b84064a7a40851e07ea,213,8b550cba9ebf33bc6e64a869270b8d714d79ce9b8f4a0752894e2b2935726d1a,04_PhysX-3D/증거/2026-09-21_Git_메모리인증/security-check.result.json,true
04_PhysX-3D/02_실행증거/증거/2026-09-21_Git_메모리인증/security-check.stderr.log,dda4bb94892a1ac21b85926042227b9b0c293c85,1326,8799e4ced2eda29fc1f1ff082a6d0653d7a2771717544895598d9a6823baf43e,04_PhysX-3D/증거/2026-09-21_Git_메모리인증/security-check.stderr.log,true
04_PhysX-3D/02_실행증거/증거/2026-09-21_Git_메모리인증/security-check.stdout.log,45793c66dff854475fdb01cdab83d88ff072a585,130,6c304272f14acdb82e4149ab5f09c04dffced17b68f62bace7c56beb0a84f9cc,04_PhysX-3D/증거/2026-09-21_Git_메모리인증/security-check.stdout.log,true
04_PhysX-3D/02_실행증거/증거/2026-09-21_Git_메모리인증/setup-commands.json,d6f81d9bc9ea968117a34fa12926d52640b3c32c,1411,08953017c0ed98b88f242e58feb8ce5b6c3e45466a7cb61d482587e033458564,04_PhysX-3D/증거/2026-09-21_Git_메모리인증/setup-commands.json,true
04_PhysX-3D/02_실행증거/증거/2026-09-21_Git_메모리인증/setup-result.json,ebcf3383cbd3344ba2a6d0c336b5457b12c8d933,1190,731ca51fe4fa46ba7884398747ffd4cd9cc372ab0a7c633c7720e433245f1bd0,04_PhysX-3D/증거/2026-09-21_Git_메모리인증/setup-result.json,true
04_PhysX-3D/02_실행증거/증거/2026-09-21_기본PyTorch_GPU검사/README.md,4c986f8e7b1809f47d933ef481c7e9eb658072ea,3098,6879349dd500559640d84082da4ce83f708b0a93443bee9537a69120cb678bad,04_PhysX-3D/증거/2026-09-21_기본PyTorch_GPU검사/README.md,false
04_PhysX-3D/02_실행증거/증거/2026-09-21_기본PyTorch_GPU검사/evidence-manifest.json,18cb8889ed5519e9bc80d0df689a30512eca6491,14111,ff9d0fc23af143945be9591782f4d85f911045998ef4d6f04077c2defaf9e96a,04_PhysX-3D/증거/2026-09-21_기본PyTorch_GPU검사/evidence-manifest.json,true
04_PhysX-3D/02_실행증거/증거/2026-09-21_기본PyTorch_GPU검사/gpu-run/device-mapping.json,318852756641144e7dfdfab460009cde770fb67e,250,b6d4d27706f2005ebf41e7d553fea1cdf07d00fcab25157689628a7e1844e0e9,04_PhysX-3D/증거/2026-09-21_기본PyTorch_GPU검사/gpu-run/device-mapping.json,true
04_PhysX-3D/02_실행증거/증거/2026-09-21_기본PyTorch_GPU검사/gpu-run/driver-info.command.json,1e5bd9c72fb1ad8481f3f67ccbcc3c41de2c4e19,4392,201fbffad9f26c7a8b91e59837c2759d6d6aa51908332b66a476f7ba960ca9af,04_PhysX-3D/증거/2026-09-21_기본PyTorch_GPU검사/gpu-run/driver-info.command.json,true
04_PhysX-3D/02_실행증거/증거/2026-09-21_기본PyTorch_GPU검사/gpu-run/driver-info.stderr.log,e69de29bb2d1d6434b8b29ae775ad8c2e48c5391,0,e3b0c44298fc1c149afbf4c8996fb92427ae41e4649b934ca495991b7852b855,04_PhysX-3D/증거/2026-09-21_기본PyTorch_GPU검사/gpu-run/driver-info.stderr.log,true
04_PhysX-3D/02_실행증거/증거/2026-09-21_기본PyTorch_GPU검사/gpu-run/driver-info.stdout.log,efabdca06182aac0aed2dc4d786a5946e0ce7c05,99,8fc17525c6d353ecacd23166954e1bfd8e1055728147132b91f6021583a3779a,04_PhysX-3D/증거/2026-09-21_기본PyTorch_GPU검사/gpu-run/driver-info.stdout.log,true
04_PhysX-3D/02_실행증거/증거/2026-09-21_기본PyTorch_GPU검사/gpu-run/existing-compute-apps.command.json,88dd80defbaba2435ccfc6a9f572c01f248fe431,4321,49f100fbedb40d1a3889cc3c70c64d779afb3600134ad9e333cebd6efbe0fc49,04_PhysX-3D/증거/2026-09-21_기본PyTorch_GPU검사/gpu-run/existing-compute-apps.command.json,true
04_PhysX-3D/02_실행증거/증거/2026-09-21_기본PyTorch_GPU검사/gpu-run/existing-compute-apps.stderr.log,e69de29bb2d1d6434b8b29ae775ad8c2e48c5391,0,e3b0c44298fc1c149afbf4c8996fb92427ae41e4649b934ca495991b7852b855,04_PhysX-3D/증거/2026-09-21_기본PyTorch_GPU검사/gpu-run/existing-compute-apps.stderr.log,true
04_PhysX-3D/02_실행증거/증거/2026-09-21_기본PyTorch_GPU검사/gpu-run/existing-compute-apps.stdout.log,e69de29bb2d1d6434b8b29ae775ad8c2e48c5391,0,e3b0c44298fc1c149afbf4c8996fb92427ae41e4649b934ca495991b7852b855,04_PhysX-3D/증거/2026-09-21_기본PyTorch_GPU검사/gpu-run/existing-compute-apps.stdout.log,true
04_PhysX-3D/02_실행증거/증거/2026-09-21_기본PyTorch_GPU검사/gpu-run/smoke.command.json,88cde464eaf3a46f3c4039c35416c60ebd158b67,4609,748c7e5665f1906e403e906ae7f590f79701161ca1b19a0950aa58b98ce9891d,04_PhysX-3D/증거/2026-09-21_기본PyTorch_GPU검사/gpu-run/smoke.command.json,true
04_PhysX-3D/02_실행증거/증거/2026-09-21_기본PyTorch_GPU검사/gpu-run/smoke.stderr.log,e69de29bb2d1d6434b8b29ae775ad8c2e48c5391,0,e3b0c44298fc1c149afbf4c8996fb92427ae41e4649b934ca495991b7852b855,04_PhysX-3D/증거/2026-09-21_기본PyTorch_GPU검사/gpu-run/smoke.stderr.log,true
04_PhysX-3D/02_실행증거/증거/2026-09-21_기본PyTorch_GPU검사/gpu-run/smoke.stdout.log,9ca57546d927d48e8bb102cd23255e845d581226,1474,519e4718c607eb56e8b144f33ed67287bed6ff68cc3e0b30f31ae01b1f6719b8,04_PhysX-3D/증거/2026-09-21_기본PyTorch_GPU검사/gpu-run/smoke.stdout.log,true
04_PhysX-3D/02_실행증거/증거/2026-09-21_기본PyTorch_GPU검사/gpu-run/status.json,c2b51d8c6fd72f22c11864f82bb16a167ecda746,424,25f99ea794baa10f95fbfae69d8ec6f14c2227ec21d551ffeee98a8c29f24092,04_PhysX-3D/증거/2026-09-21_기본PyTorch_GPU검사/gpu-run/status.json,true
04_PhysX-3D/02_실행증거/증거/2026-09-21_기본PyTorch_GPU검사/gpu-run/usage-0000.command.json,aea3cf054eafbac72a8aa3039c0305f8ac812ec6,4382,1f77c88330cb28fe66c6ef1ffd67397ec0181a829d09b1377d664000dccc1290,04_PhysX-3D/증거/2026-09-21_기본PyTorch_GPU검사/gpu-run/usage-0000.command.json,true
04_PhysX-3D/02_실행증거/증거/2026-09-21_기본PyTorch_GPU검사/gpu-run/usage-0000.stderr.log,e69de29bb2d1d6434b8b29ae775ad8c2e48c5391,0,e3b0c44298fc1c149afbf4c8996fb92427ae41e4649b934ca495991b7852b855,04_PhysX-3D/증거/2026-09-21_기본PyTorch_GPU검사/gpu-run/usage-0000.stderr.log,true
04_PhysX-3D/02_실행증거/증거/2026-09-21_기본PyTorch_GPU검사/gpu-run/usage-0000.stdout.log,bd0a721d34a324f44ba2b72fa0f1873ba2ff2c8d,92,c3f85a8961b0e0c494d96c28e7b20bd53a47169116dd51a5efe21fbe85b14b49,04_PhysX-3D/증거/2026-09-21_기본PyTorch_GPU검사/gpu-run/usage-0000.stdout.log,true
04_PhysX-3D/02_실행증거/증거/2026-09-21_기본PyTorch_GPU검사/gpu-run/usage-0001.command.json,2df2786402deed159acfc20ccfd305c3ec8b9789,4382,a97e9c0836e8aab503a185065fe752e897a3a1289c45782e3fce679e4d473d1b,04_PhysX-3D/증거/2026-09-21_기본PyTorch_GPU검사/gpu-run/usage-0001.command.json,true
04_PhysX-3D/02_실행증거/증거/2026-09-21_기본PyTorch_GPU검사/gpu-run/usage-0001.stderr.log,e69de29bb2d1d6434b8b29ae775ad8c2e48c5391,0,e3b0c44298fc1c149afbf4c8996fb92427ae41e4649b934ca495991b7852b855,04_PhysX-3D/증거/2026-09-21_기본PyTorch_GPU검사/gpu-run/usage-0001.stderr.log,true
04_PhysX-3D/02_실행증거/증거/2026-09-21_기본PyTorch_GPU검사/gpu-run/usage-0001.stdout.log,1741e89430d1db0d33d16a46242f700fc2250955,92,869647a6998363b2c47e0b9a80e7ff04212fcae8c1bc85860fa9635b8fae9603,04_PhysX-3D/증거/2026-09-21_기본PyTorch_GPU검사/gpu-run/usage-0001.stdout.log,true
04_PhysX-3D/02_실행증거/증거/2026-09-21_기본PyTorch_GPU검사/gpu-run/usage-0002.command.json,9305a35e7a162651ecfdee40b61298b832f94c24,4382,e9c3cb710f9361679fb1aa5fbaedea77c3ef0caf074baae66ab7ac8efff5f4ce,04_PhysX-3D/증거/2026-09-21_기본PyTorch_GPU검사/gpu-run/usage-0002.command.json,true
04_PhysX-3D/02_실행증거/증거/2026-09-21_기본PyTorch_GPU검사/gpu-run/usage-0002.stderr.log,e69de29bb2d1d6434b8b29ae775ad8c2e48c5391,0,e3b0c44298fc1c149afbf4c8996fb92427ae41e4649b934ca495991b7852b855,04_PhysX-3D/증거/2026-09-21_기본PyTorch_GPU검사/gpu-run/usage-0002.stderr.log,true
04_PhysX-3D/02_실행증거/증거/2026-09-21_기본PyTorch_GPU검사/gpu-run/usage-0002.stdout.log,b665575991489e0706ec556abead257c34d992ee,91,1cc74a889c73b6ca0222079e4490533e5cdb7e8545ba0289dfcbb71d98634189,04_PhysX-3D/증거/2026-09-21_기본PyTorch_GPU검사/gpu-run/usage-0002.stdout.log,true
04_PhysX-3D/02_실행증거/증거/2026-09-21_기본PyTorch_GPU검사/gpu-run/usage-0003.command.json,fef33cbbac49f133013ba1ea1dd2f9ea12c7228e,4382,4c7a6fd0d8e1fc4b77dc5590684ab0d874917810be47f71b8949fe49e8cccb9e,04_PhysX-3D/증거/2026-09-21_기본PyTorch_GPU검사/gpu-run/usage-0003.command.json,true
04_PhysX-3D/02_실행증거/증거/2026-09-21_기본PyTorch_GPU검사/gpu-run/usage-0003.stderr.log,e69de29bb2d1d6434b8b29ae775ad8c2e48c5391,0,e3b0c44298fc1c149afbf4c8996fb92427ae41e4649b934ca495991b7852b855,04_PhysX-3D/증거/2026-09-21_기본PyTorch_GPU검사/gpu-run/usage-0003.stderr.log,true
04_PhysX-3D/02_실행증거/증거/2026-09-21_기본PyTorch_GPU검사/gpu-run/usage-0003.stdout.log,875fc67edf69ff1e24387d71dd2e77ec03eccc71,91,095e4f3e130dbb7147a9d069c894321b6e7e960aea0da2b04484e4b9d1359906,04_PhysX-3D/증거/2026-09-21_기본PyTorch_GPU검사/gpu-run/usage-0003.stdout.log,true
04_PhysX-3D/02_실행증거/증거/2026-09-21_기본PyTorch_GPU검사/gpu-run/usage-0004.command.json,45c38163f20264298088b61f14db58f2453b064c,4382,80948caecf4f34c1bb7f502add0017839d848e6d3fef28067de1d2576c4eb27e,04_PhysX-3D/증거/2026-09-21_기본PyTorch_GPU검사/gpu-run/usage-0004.command.json,true
04_PhysX-3D/02_실행증거/증거/2026-09-21_기본PyTorch_GPU검사/gpu-run/usage-0004.stderr.log,e69de29bb2d1d6434b8b29ae775ad8c2e48c5391,0,e3b0c44298fc1c149afbf4c8996fb92427ae41e4649b934ca495991b7852b855,04_PhysX-3D/증거/2026-09-21_기본PyTorch_GPU검사/gpu-run/usage-0004.stderr.log,true
04_PhysX-3D/02_실행증거/증거/2026-09-21_기본PyTorch_GPU검사/gpu-run/usage-0004.stdout.log,91eb2a73218af3fba422952fc92858dc72505703,92,a5e79e96d5f53a58993edd13d3f1e83dff3d52a50940a82db9ea6d056e56b231,04_PhysX-3D/증거/2026-09-21_기본PyTorch_GPU검사/gpu-run/usage-0004.stdout.log,true
04_PhysX-3D/02_실행증거/증거/2026-09-21_기본PyTorch_GPU검사/gpu-run/usage-before.command.json,10fa815342aa3a31c75f1ea2aca0d005d17318de,4382,69c8f1696a449721bff3ac99d3aba82d6588e2c7ff8a0f769dc30a8f33cb0929,04_PhysX-3D/증거/2026-09-21_기본PyTorch_GPU검사/gpu-run/usage-before.command.json,true
04_PhysX-3D/02_실행증거/증거/2026-09-21_기본PyTorch_GPU검사/gpu-run/usage-before.stderr.log,e69de29bb2d1d6434b8b29ae775ad8c2e48c5391,0,e3b0c44298fc1c149afbf4c8996fb92427ae41e4649b934ca495991b7852b855,04_PhysX-3D/증거/2026-09-21_기본PyTorch_GPU검사/gpu-run/usage-before.stderr.log,true
04_PhysX-3D/02_실행증거/증거/2026-09-21_기본PyTorch_GPU검사/gpu-run/usage-before.stdout.log,f84a8e3db8fcea5fed7a7cf4f5e4df916397311d,92,963ebe3b1e0357635e8d6e3bf2c04ccc158ace8aed11227fe1dace0bb735f851,04_PhysX-3D/증거/2026-09-21_기본PyTorch_GPU검사/gpu-run/usage-before.stdout.log,true
04_PhysX-3D/02_실행증거/증거/2026-09-21_기본PyTorch_GPU검사/gpu-run/usage-final.command.json,dc072f14e86e2b1b4a0d8f9a43e4fd2a8e1944ac,4382,e8492009a5407d365e015d461f0b455f98809ea8e1297a56527e33ec25f6998e,04_PhysX-3D/증거/2026-09-21_기본PyTorch_GPU검사/gpu-run/usage-final.command.json,true
04_PhysX-3D/02_실행증거/증거/2026-09-21_기본PyTorch_GPU검사/gpu-run/usage-final.stderr.log,e69de29bb2d1d6434b8b29ae775ad8c2e48c5391,0,e3b0c44298fc1c149afbf4c8996fb92427ae41e4649b934ca495991b7852b855,04_PhysX-3D/증거/2026-09-21_기본PyTorch_GPU검사/gpu-run/usage-final.stderr.log,true
04_PhysX-3D/02_실행증거/증거/2026-09-21_기본PyTorch_GPU검사/gpu-run/usage-final.stdout.log,3070566a75f5745ebe6153931da68ccf939b5191,91,0258f44bcb3d93d5a766ac8fae20cf696b250c30f20deaee48e1f8daf77ae873,04_PhysX-3D/증거/2026-09-21_기본PyTorch_GPU검사/gpu-run/usage-final.stdout.log,true
04_PhysX-3D/02_실행증거/증거/2026-09-21_기본PyTorch_GPU검사/selection-and-dispatch/execution-attempt.json,18763c3d087cc106cd9ba1506c1f1216d545560a,994,e708dca5ddf1fe3f44b69215da7c84e513c7b09686e1ea52ef6398a3dbf12831,04_PhysX-3D/증거/2026-09-21_기본PyTorch_GPU검사/selection-and-dispatch/execution-attempt.json,true
04_PhysX-3D/02_실행증거/증거/2026-09-21_기본PyTorch_GPU검사/selection-and-dispatch/inventory-attempt.json,7ba55cd3e2496ae263c58d5c779cbd3fad472677,71,39a4173c1c85e079b39754db4702d75aff4326495939eb013e2044c54911f8dc,04_PhysX-3D/증거/2026-09-21_기본PyTorch_GPU검사/selection-and-dispatch/inventory-attempt.json,true
04_PhysX-3D/02_실행증거/증거/2026-09-21_기본PyTorch_GPU검사/selection-and-dispatch/inventory-compute-apps/command.json,370630e61af9047b44b60a16bffd918a2bb286b9,279,16653eb3ad14e89981522385172319de2ba3a0581f607b11df4dd7d07f517d25,04_PhysX-3D/증거/2026-09-21_기본PyTorch_GPU검사/selection-and-dispatch/inventory-compute-apps/command.json,true
04_PhysX-3D/02_실행증거/증거/2026-09-21_기본PyTorch_GPU검사/selection-and-dispatch/inventory-compute-apps/result.json,d0e4ce16e0e4dddeadc795d060a3cc3d1bf7e0ab,365,a8b939e1dbea0d8faa832709282df377b835daf0738a8fcb834be2398c005682,04_PhysX-3D/증거/2026-09-21_기본PyTorch_GPU검사/selection-and-dispatch/inventory-compute-apps/result.json,true
04_PhysX-3D/02_실행증거/증거/2026-09-21_기본PyTorch_GPU검사/selection-and-dispatch/inventory-compute-apps/stderr.log,e69de29bb2d1d6434b8b29ae775ad8c2e48c5391,0,e3b0c44298fc1c149afbf4c8996fb92427ae41e4649b934ca495991b7852b855,04_PhysX-3D/증거/2026-09-21_기본PyTorch_GPU검사/selection-and-dispatch/inventory-compute-apps/stderr.log,true
04_PhysX-3D/02_실행증거/증거/2026-09-21_기본PyTorch_GPU검사/selection-and-dispatch/inventory-compute-apps/stdout.log,e69de29bb2d1d6434b8b29ae775ad8c2e48c5391,0,e3b0c44298fc1c149afbf4c8996fb92427ae41e4649b934ca495991b7852b855,04_PhysX-3D/증거/2026-09-21_기본PyTorch_GPU검사/selection-and-dispatch/inventory-compute-apps/stdout.log,true
04_PhysX-3D/02_실행증거/증거/2026-09-21_기본PyTorch_GPU검사/selection-and-dispatch/inventory-gpus/command.json,7207b6b7477f60f18a6308d7479d7c36d1a4fcd2,351,4ce71872c28b4a281f488bd4088eb4526547eb625e7fc0e9c18b152c62204917,04_PhysX-3D/증거/2026-09-21_기본PyTorch_GPU검사/selection-and-dispatch/inventory-gpus/command.json,true
04_PhysX-3D/02_실행증거/증거/2026-09-21_기본PyTorch_GPU검사/selection-and-dispatch/inventory-gpus/result.json,c1a2321dec5ef82af807b06d41640689490f96f7,437,fbadfb01654b917ee506253e579b5c11e749b032025ceb4e2e58d9d2178a396a,04_PhysX-3D/증거/2026-09-21_기본PyTorch_GPU검사/selection-and-dispatch/inventory-gpus/result.json,true
04_PhysX-3D/02_실행증거/증거/2026-09-21_기본PyTorch_GPU검사/selection-and-dispatch/inventory-gpus/stderr.log,e69de29bb2d1d6434b8b29ae775ad8c2e48c5391,0,e3b0c44298fc1c149afbf4c8996fb92427ae41e4649b934ca495991b7852b855,04_PhysX-3D/증거/2026-09-21_기본PyTorch_GPU검사/selection-and-dispatch/inventory-gpus/stderr.log,true
04_PhysX-3D/02_실행증거/증거/2026-09-21_기본PyTorch_GPU검사/selection-and-dispatch/inventory-gpus/stdout.log,250b6f7ec01c007d700717cff801b9a902f5eb52,241,619c48ec7bf23e50867e756caec751d5e2f745e0ba45dd421cbff333b0271b41,04_PhysX-3D/증거/2026-09-21_기본PyTorch_GPU검사/selection-and-dispatch/inventory-gpus/stdout.log,true
04_PhysX-3D/02_실행증거/증거/2026-09-21_기본PyTorch_GPU검사/selection-and-dispatch/launcher-once/command.json,32a6e2861efd80ae03ca5a596d773352576294d4,508,1f36fef7b32bad3ee97766b2c9467b83c16c8845cdef76d8a5c2442accfeae00,04_PhysX-3D/증거/2026-09-21_기본PyTorch_GPU검사/selection-and-dispatch/launcher-once/command.json,false
04_PhysX-3D/02_실행증거/증거/2026-09-21_기본PyTorch_GPU검사/selection-and-dispatch/launcher-once/result.json,aeee2e4ad261f585f8419e9fe6d8044fa8ff840f,594,6ec4c936380f63c41c60282daa55a3162d1b7a72fbed889cd5b302f05cfe89b2,04_PhysX-3D/증거/2026-09-21_기본PyTorch_GPU검사/selection-and-dispatch/launcher-once/result.json,false
04_PhysX-3D/02_실행증거/증거/2026-09-21_기본PyTorch_GPU검사/selection-and-dispatch/launcher-once/stderr.log,e69de29bb2d1d6434b8b29ae775ad8c2e48c5391,0,e3b0c44298fc1c149afbf4c8996fb92427ae41e4649b934ca495991b7852b855,04_PhysX-3D/증거/2026-09-21_기본PyTorch_GPU검사/selection-and-dispatch/launcher-once/stderr.log,true
04_PhysX-3D/02_실행증거/증거/2026-09-21_기본PyTorch_GPU검사/selection-and-dispatch/launcher-once/stdout.log,5f9ddf26a4f1d844add7e81c95c7504d9464333a,194,ecbea3ea292ba119bfdcf8d3c732f77820f26f8e7dbdee4c44acee2a9f4485bd,04_PhysX-3D/증거/2026-09-21_기본PyTorch_GPU검사/selection-and-dispatch/launcher-once/stdout.log,true
04_PhysX-3D/02_실행증거/증거/2026-09-21_기본PyTorch_GPU검사/selection-and-dispatch/launcher-run-directories.json,327f781d07472565c49e86a9b2b797610306d469,163,a1a936db499970556fe2c86717d38ee6af0f035aeba6491481e77f55c5db8be8,04_PhysX-3D/증거/2026-09-21_기본PyTorch_GPU검사/selection-and-dispatch/launcher-run-directories.json,true
04_PhysX-3D/02_실행증거/증거/2026-09-21_기본PyTorch_GPU검사/selection-and-dispatch/run_once.py,418b9be090606578865573dfe60eb5fcaefd378a,8772,74d9408d0883de68da9331fd643d5e57a8eb79a40af3ee486c0cb3a3b0db572c,04_PhysX-3D/증거/2026-09-21_기본PyTorch_GPU검사/selection-and-dispatch/run_once.py,false
04_PhysX-3D/02_실행증거/증거/2026-09-21_기본PyTorch_GPU검사/selection-and-dispatch/selection.json,3a9834f7705d705a87c88b88493e4f1e4e857c63,2481,5acf6749daac75ddbc887576c999c755888a726a0a3b4f0ee9dd762250d30700,04_PhysX-3D/증거/2026-09-21_기본PyTorch_GPU검사/selection-and-dispatch/selection.json,true
04_PhysX-3D/02_실행증거/증거/2026-09-21_기본PyTorch_GPU검사/selection-and-dispatch/summary.json,a195bb47e69eb3d8fa0b6191a173dcffb71e03ae,7796,b40266ee0bb0cbceb045251c54386f136f51ffac00259c7b9b8c50891fdcb2a6,04_PhysX-3D/증거/2026-09-21_기본PyTorch_GPU검사/selection-and-dispatch/summary.json,false
04_PhysX-3D/02_실행증거/증거/2026-09-21_기본Python패키지/README.md,ae64a60ad254e67748f160d24af4570c9b7a856f,1341,185fb67ba957714262e966634cf91f70844801b52c7dc8cb69e6c67f3068e94f,04_PhysX-3D/증거/2026-09-21_기본Python패키지/README.md,true
04_PhysX-3D/02_실행증거/증거/2026-09-21_기본Python패키지/approved-wheels.json,32a6fc558882e9d21d994bf6143f791a9a7d1245,62448,aa75b40680f9d0e4f4f1ddfff2f056971c363182c9ed3f940d197189a0049a4d,04_PhysX-3D/증거/2026-09-21_기본Python패키지/approved-wheels.json,true
04_PhysX-3D/02_실행증거/증거/2026-09-21_기본Python패키지/baseline-dependencies.json,df6f96e01dad0f7ca6006fec9135acbac0ee7dc2,54,df3f24190af522d051da7261516953f718814b15ff29fe6fa01559c5a86e5125,04_PhysX-3D/증거/2026-09-21_기본Python패키지/baseline-dependencies.json,true
04_PhysX-3D/02_실행증거/증거/2026-09-21_기본Python패키지/download-wheels.command.json,806bf02da9635227bdd9d8acfcf782d241d4153a,837,182f74659bf25ff43b7820abe1a78a364882daa13c6e283c5b521540b541d3ea,04_PhysX-3D/증거/2026-09-21_기본Python패키지/download-wheels.command.json,true
04_PhysX-3D/02_실행증거/증거/2026-09-21_기본Python패키지/downloaded-dependencies.json,df6f96e01dad0f7ca6006fec9135acbac0ee7dc2,54,df3f24190af522d051da7261516953f718814b15ff29fe6fa01559c5a86e5125,04_PhysX-3D/증거/2026-09-21_기본Python패키지/downloaded-dependencies.json,true
04_PhysX-3D/02_실행증거/증거/2026-09-21_기본Python패키지/evidence-manifest.json,5076a53edadcbb7e5040be4c3587b50c35e76b48,6963,c9bbf3861f2c6156e6878eaa4a18c449266f92710fb1a3e8a32e876fe407b6bb,04_PhysX-3D/증거/2026-09-21_기본Python패키지/evidence-manifest.json,true
04_PhysX-3D/02_실행증거/증거/2026-09-21_기본Python패키지/install-foundation.command.json,3807564d52b1a9ccc3b7aa24504d97b5779c9d65,890,aff6c825ab0b9f4370586de9687d4f8cdeed029e0c4835db75b155bdbf27bd9e,04_PhysX-3D/증거/2026-09-21_기본Python패키지/install-foundation.command.json,true
04_PhysX-3D/02_실행증거/증거/2026-09-21_기본Python패키지/install-foundation.stderr.log,e69de29bb2d1d6434b8b29ae775ad8c2e48c5391,0,e3b0c44298fc1c149afbf4c8996fb92427ae41e4649b934ca495991b7852b855,04_PhysX-3D/증거/2026-09-21_기본Python패키지/install-foundation.stderr.log,true
04_PhysX-3D/02_실행증거/증거/2026-09-21_기본Python패키지/install-foundation.stdout.log,82406478c7804cda92b627995e6e89ab4221c220,42462,2602a759f3ff467c7bebf3d0842ddaad9ad9fae4a5579639f5ba1c5f83f71777,04_PhysX-3D/증거/2026-09-21_기본Python패키지/install-foundation.stdout.log,true
04_PhysX-3D/02_실행증거/증거/2026-09-21_기본Python패키지/install_foundation.py,7dbc6e95c2ea6303de863745a3db7355f367e3df,12742,a5fd19e0c7465c035d869747a7256bc5ba043e67675de2e108100c28a40428e9,04_PhysX-3D/증거/2026-09-21_기본Python패키지/install_foundation.py,true
04_PhysX-3D/02_실행증거/증거/2026-09-21_기본Python패키지/installed-versions.json,d59e3cb4404192f7d96eb0a60636b90145172c0f,5026,2154bdc0004763b3050552d416af93c63fa622c307a9682ad6bfdf1c60a5cc27,04_PhysX-3D/증거/2026-09-21_기본Python패키지/installed-versions.json,true
04_PhysX-3D/02_실행증거/증거/2026-09-21_기본Python패키지/offline-preview-comparison.json,d3a1de2755114f2c7efe31877baf7c0a182f0bed,96,3acec00dbef4b5a784573e9df34447af862551b97516945532980bf4b4c84e20,04_PhysX-3D/증거/2026-09-21_기본Python패키지/offline-preview-comparison.json,true
04_PhysX-3D/02_실행증거/증거/2026-09-21_기본Python패키지/pip-check.command.json,de65ab93eeaf83aa1212d17b50a45b5decade09d,538,a56c00337b4aa42cb30387d8f824abae21da28767d6e69c62d23693ee472fef8,04_PhysX-3D/증거/2026-09-21_기본Python패키지/pip-check.command.json,true
04_PhysX-3D/02_실행증거/증거/2026-09-21_기본Python패키지/pip-check.stderr.log,e69de29bb2d1d6434b8b29ae775ad8c2e48c5391,0,e3b0c44298fc1c149afbf4c8996fb92427ae41e4649b934ca495991b7852b855,04_PhysX-3D/증거/2026-09-21_기본Python패키지/pip-check.stderr.log,true
04_PhysX-3D/02_실행증거/증거/2026-09-21_기본Python패키지/pip-check.stdout.log,c688d8ccdad82420475fc31cb40020cccfeeef2b,30,9261363b733079a641c2e4cc9bc46ffa1d8336945a87f807b6cf68847dbc9b09,04_PhysX-3D/증거/2026-09-21_기본Python패키지/pip-check.stdout.log,true
04_PhysX-3D/02_실행증거/증거/2026-09-21_기본Python패키지/pip_without_site.py,3a1940e4cc4d36b683bb3513c0f4fa5de8b6549b,249,f15a06f3de03f5f5c2236b8619a2d65c7392af5b3f4bd793c6d460cbadf1a992,04_PhysX-3D/증거/2026-09-21_기본Python패키지/pip_without_site.py,true
04_PhysX-3D/02_실행증거/증거/2026-09-21_기본Python패키지/preservation.json,0d6df4476f76a83bb1233c4a48eb4bc6a862de72,1077,862af81362a746e3c6ad71ccc01d9ddb6dedd2aaf926396eaf65c4c7ef705232,04_PhysX-3D/증거/2026-09-21_기본Python패키지/preservation.json,true
04_PhysX-3D/02_실행증거/증거/2026-09-21_기본Python패키지/python-foundation.lock.txt,9ea5732050700ed95cce13978e865e8bbc7753c6,40504,a6d310a0572049eb5b63a7624e55571af2427c579192c2687651f57b6204e31d,04_PhysX-3D/증거/2026-09-21_기본Python패키지/python-foundation.lock.txt,true
04_PhysX-3D/02_실행증거/증거/2026-09-21_기본Python패키지/python-resolved.constraints.txt,5d21dd25128000bb8bc3be91cb2572d2ebc2b338,3254,9e616b5935f48414a847bd8cede49f7743e6b8153a242ffbfe9bd6ee98022979,04_PhysX-3D/증거/2026-09-21_기본Python패키지/python-resolved.constraints.txt,true
04_PhysX-3D/02_실행증거/증거/2026-09-21_기본Python패키지/result.json,0469ce85c30e8480fd18a849565a0a4caef7aacb,1536,becf409af71c3c3dccd8af4a3853fa61522ccbf2de6df63f027707ad70f907f0,04_PhysX-3D/증거/2026-09-21_기본Python패키지/result.json,true
04_PhysX-3D/02_실행증거/증거/2026-09-21_기본Python패키지/status.json,9305427759b71baf5bb8d93ecf2d66656be16073,282,dab6a93f3a8ac8d5b10d9cc26366f81b8bdcefedd273201125c79653ddae20fe,04_PhysX-3D/증거/2026-09-21_기본Python패키지/status.json,true
04_PhysX-3D/02_실행증거/증거/2026-09-21_기본Python패키지/summary.md,4e99eb4941fffcd0241776c4d37af1ddced9ff27,4060,138121144f0390286ae34f2045acc07e207b5bebfc2847edec15967afeae025e,04_PhysX-3D/증거/2026-09-21_기본Python패키지/summary.md,true
04_PhysX-3D/02_실행증거/증거/2026-09-21_기본Python패키지/wheel-startup-files-not-executed.json,5c3a33565f2cfb0d9a75f5fd2aa463723875ceeb,103,bd0ad205a90f7ddf06a7197d54888acff2ab2dee5aa937ab73e6915fa6023851,04_PhysX-3D/증거/2026-09-21_기본Python패키지/wheel-startup-files-not-executed.json,true
04_PhysX-3D/02_실행증거/증거/2026-09-21_작업폴더_환경구축/20260921_024750_physx3d_preparation_review.md,e2a1f9fff652fe1426c6795e9bb7be7ffb47f965,9666,68e9919bbb6e56389dc3dfa77ab07ec1a6b296e2c150f7a5e20c75bfde30e31c,04_PhysX-3D/증거/2026-09-21_작업폴더_환경구축/20260921_024750_physx3d_preparation_review.md,false
04_PhysX-3D/02_실행증거/증거/2026-09-21_작업폴더_환경구축/20260921_030158_physx3d_environment_check.md,49d6de0e12b3ec03f8af47903ab3f3aaf1a1aeff,12427,a5d45f83d329447867b90b24d0e8ff82620043f102b629ccb3aa7e5937d42ca6,04_PhysX-3D/증거/2026-09-21_작업폴더_환경구축/20260921_030158_physx3d_environment_check.md,true
04_PhysX-3D/02_실행증거/증거/2026-09-21_작업폴더_환경구축/20260921_030158_physxgen_package_inventory.json,7fc6dd6a8056576b19a327937959a95c00e4762f,5120,37ccfd256fb6f61b1c45d5cdf0841b828838a75965c65e2547ef06b669fd746d,04_PhysX-3D/증거/2026-09-21_작업폴더_환경구축/20260921_030158_physxgen_package_inventory.json,true
04_PhysX-3D/02_실행증거/증거/2026-09-21_작업폴더_환경구축/README.md,307c5a3f35e59b3fbeab8099718036e50be59508,1524,20bf710338c4ad09b094ea5111498f0e15da98c66c070b9d7b6702eecc5637d0,04_PhysX-3D/증거/2026-09-21_작업폴더_환경구축/README.md,true
04_PhysX-3D/02_실행증거/증거/2026-09-21_작업폴더_환경구축/actual-files.json,c0c9d1a7e9afcf4165ded18c5620eceb7d9452c2,11863,7cf58e4ab8769ea75bcf28b532431f44acfc1577b85d4c189d96109b06800bed,04_PhysX-3D/증거/2026-09-21_작업폴더_환경구축/actual-files.json,true
04_PhysX-3D/02_실행증거/증거/2026-09-21_작업폴더_환경구축/artifact-comparison.json,0a132c319d581dd6fb1a3443cb5bbe4394c34738,36,e33e752baaff3a330038c5dd0e168adf8d474031c781655247b019c113100e93,04_PhysX-3D/증거/2026-09-21_작업폴더_환경구축/artifact-comparison.json,true
04_PhysX-3D/02_실행증거/증거/2026-09-21_작업폴더_환경구축/codex-initial-execution-excerpt.json,e120994f17e1361376c14b431f814d1894a41267,1416,2d0bde902f7aa4bba88de5501f591a3d8acfdeca59035680a015f4d60f263431,04_PhysX-3D/증거/2026-09-21_작업폴더_환경구축/codex-initial-execution-excerpt.json,true
04_PhysX-3D/02_실행증거/증거/2026-09-21_작업폴더_환경구축/conda-final-isolated-preview.comparison.json,ff033553b4f3fd0f9b01c6e7c240153340b34f8c,3445,da0ef1db5f50f2264b451dbcacd9a33e22a45c81957e702851c6fa7d94467b21,04_PhysX-3D/증거/2026-09-21_작업폴더_환경구축/conda-final-isolated-preview.comparison.json,true
04_PhysX-3D/02_실행증거/증거/2026-09-21_작업폴더_환경구축/conda-final-isolated-preview.summary.md,77247d57a981196e432c6fc853e15ba666b82e7a,3587,814545341f007b393c945580783a0375eafa9032bfdde079cc86c25886c0df8e,04_PhysX-3D/증거/2026-09-21_작업폴더_환경구축/conda-final-isolated-preview.summary.md,true
04_PhysX-3D/02_실행증거/증거/2026-09-21_작업폴더_환경구축/cuda-install.command.json,62ca9dc796b5df1cb36c76ca1e93b9929beaba21,666,8942474f2a8bb34f6a739ed37274c87fccbd24f4675802e75e96626e5ddb9d80,04_PhysX-3D/증거/2026-09-21_작업폴더_환경구축/cuda-install.command.json,true
04_PhysX-3D/02_실행증거/증거/2026-09-21_작업폴더_환경구축/cuda-install.stderr.log,50deff190c3b149bfbf814c0e6ab88ef472977b6,409,9ded6043f6fc05905dccfd6c70425e7bb47ff36442a232174c6e64c3973fb1b7,04_PhysX-3D/증거/2026-09-21_작업폴더_환경구축/cuda-install.stderr.log,true
04_PhysX-3D/02_실행증거/증거/2026-09-21_작업폴더_환경구축/cuda-install.stdout.log,83a4b6e9b9872d9828d31079691d600e8a8af871,2891,bf5281822b946bcaa0ef7f31c7951166509d7b81f34a3a325f1f1184eb7ac143,04_PhysX-3D/증거/2026-09-21_작업폴더_환경구축/cuda-install.stdout.log,true
04_PhysX-3D/02_실행증거/증거/2026-09-21_작업폴더_환경구축/cuda-toolkit.conda-specs.txt,9b3d57fd8b8cce003e83e127689254035f29c8e8,3369,5ccf713420ef0e482fc1c8f7b05ed56acc1044ba677f97adff2c3a3ce6886159,04_PhysX-3D/증거/2026-09-21_작업폴더_환경구축/cuda-toolkit.conda-specs.txt,true
04_PhysX-3D/02_실행증거/증거/2026-09-21_작업폴더_환경구축/cuda-toolkit.explicit.txt,9cc8cbe29c688ee467d135b7482d02ad3513c78b,14105,98be7b819e067fdcd22ac9e1af4e6ffa206775cd28a3204289f1e0ef7b253db8,04_PhysX-3D/증거/2026-09-21_작업폴더_환경구축/cuda-toolkit.explicit.txt,true
04_PhysX-3D/02_실행증거/증거/2026-09-21_작업폴더_환경구축/environment-create-history-excerpt.txt,022f35eaf4d9194ae23b6b71336685ee03c0e40c,329,03c953115c0fa021790612b376efd656e91939d7b9e24f839509e6a09f0657a7,04_PhysX-3D/증거/2026-09-21_작업폴더_환경구축/environment-create-history-excerpt.txt,true
04_PhysX-3D/02_실행증거/증거/2026-09-21_작업폴더_환경구축/evidence-manifest.json,4f43c1a58c5923a26d897fde8d9ce9c1586e33e3,10277,1756349bbcc43e7ca17767817b2c23bed84feec8356c5317794438ce12e6c726,04_PhysX-3D/증거/2026-09-21_작업폴더_환경구축/evidence-manifest.json,true
04_PhysX-3D/02_실행증거/증거/2026-09-21_작업폴더_환경구축/fresh-preview-comparison.json,51700303b94af41ca59bdcdf1f8f7469dacd8f36,271,9dbce14b15ce61573ebea2198ed663593036028f41edcbf2fe51f4cb334c546b,04_PhysX-3D/증거/2026-09-21_작업폴더_환경구축/fresh-preview-comparison.json,true
04_PhysX-3D/02_실행증거/증거/2026-09-21_작업폴더_환경구축/install-artifacts-sha256.json,67d2ad294a77badd9bede1997113d481d209e03e,41280,f1970f159c2f03b6aa24475471c69c619c615dbd833a0ffc946a83d6b84393ee,04_PhysX-3D/증거/2026-09-21_작업폴더_환경구축/install-artifacts-sha256.json,true
04_PhysX-3D/02_실행증거/증거/2026-09-21_작업폴더_환경구축/install_cuda_only.py,d956f4666f30b3219c47eb011cad0f01e5d640e8,10667,fb03d254091fdbd0772665afd2cc1c01d405b28532a52842916c656cdff55bf2,04_PhysX-3D/증거/2026-09-21_작업폴더_환경구축/install_cuda_only.py,true
04_PhysX-3D/02_실행증거/증거/2026-09-21_작업폴더_환경구축/installed-package-comparison.json,83b4b36005998cc16894f6c7d6bfde86d12f5251,100,e60172064693d5b00d22e521787de0e5b501c92d88bf65e044ec79eea048ce64,04_PhysX-3D/증거/2026-09-21_작업폴더_환경구축/installed-package-comparison.json,true
04_PhysX-3D/02_실행증거/증거/2026-09-21_작업폴더_환경구축/isolation-probe-result.json,2ea0eac045cf1a640115cf3e0be541c89b4253fc,4174,eaeebe39bff3cd9976c0fede69bcae3c379810b8678d95064e3ae7de2259aa0e,04_PhysX-3D/증거/2026-09-21_작업폴더_환경구축/isolation-probe-result.json,true
04_PhysX-3D/02_실행증거/증거/2026-09-21_작업폴더_환경구축/isolation-review-log.md,f4632c597944308eb85c93d90d1460103cd4b4a9,6971,d78b53cab444744b93beb2049860242fe21c21746ccfba9877d0a20881022378,04_PhysX-3D/증거/2026-09-21_작업폴더_환경구축/isolation-review-log.md,true
04_PhysX-3D/02_실행증거/증거/2026-09-21_작업폴더_환경구축/isolation_probe.py,de4bcd3140e20918661e9dcc22831c112ba45dc7,3837,3074f700cb3a2e3dffc0b797b119900d9cad89e75d7ee78803156f41f92b628d,04_PhysX-3D/증거/2026-09-21_작업폴더_환경구축/isolation_probe.py,true
04_PhysX-3D/02_실행증거/증거/2026-09-21_작업폴더_환경구축/nvcc-version.stdout.log,db7fbc66cc37eaca293616d8e64e24c2511a9805,208,68f8b0a1301428031e307cf5260142a517bff25cc232a09eae2734be475d721f,04_PhysX-3D/증거/2026-09-21_작업폴더_환경구축/nvcc-version.stdout.log,true
04_PhysX-3D/02_실행증거/증거/2026-09-21_작업폴더_환경구축/preservation.json,7e6430b625b97f7cabdd1581e410b85094b64a8e,1133,aba59b226b1806fc27315d0e92699b1da683c715d9c2ede61abf3c95e06789b2,04_PhysX-3D/증거/2026-09-21_작업폴더_환경구축/preservation.json,true
04_PhysX-3D/02_실행증거/증거/2026-09-21_작업폴더_환경구축/preview.condarc,4ca908c574c32341309fa320869efca27ed215f7,315,f3827527f27453532446b40583ba19e8aff5190e2e1594106af22f259783bc34,04_PhysX-3D/증거/2026-09-21_작업폴더_환경구축/preview.condarc,true
04_PhysX-3D/02_실행증거/증거/2026-09-21_작업폴더_환경구축/result.json,6b37719a1ffcb823db1faa02b6d07eb109762f6a,1230,3eba22233a9b0c8c74ede6a42dec59ec9f2354f2955534dae9a896e7d4c38adb,04_PhysX-3D/증거/2026-09-21_작업폴더_환경구축/result.json,true
04_PhysX-3D/02_실행증거/증거/2026-09-21_작업폴더_환경구축/work-log.md,ad1f272e95a0c2f456cb892929b98288ba73c82e,8114,3316e01c3c5a4119f49945cbbf202976ffe90f89b35c8a1184ee6aea46ec7ac3,04_PhysX-3D/증거/2026-09-21_작업폴더_환경구축/work-log.md,true
04_PhysX-3D/02_실행증거/증거/2026-09-21_작업폴더_환경구축/workspace_isolation.py,6216d1aa551ad4ea4983da9553c0da1348583b7e,5539,8e9038d7af1d7f23d0da87448a9218d03240a5b0ece05b65965340ad497929c1,04_PhysX-3D/증거/2026-09-21_작업폴더_환경구축/workspace_isolation.py,true
04_PhysX-3D/02_실행증거/증거/2026-09-22_table_해석/table_input_vs_rgb_nearest.png,20d76d59485e673d3add1b7608f9a22a571f5f15,350757,b88750ffd608194825e147c59da0bc1fc4ab7fb8deae0aef7cb00e4f73fd97b6,04_PhysX-3D/증거/2026-09-22_table_해석/table_input_vs_rgb_nearest.png,true
04_PhysX-3D/02_실행증거/증거/2026-09-22_원본_table_예제영상/README.md,dc476bb8f45d4644e9dade98de5c2b16e10dd0d5,1117,3c29a0fb8fe671161b9b296ca817d72ace379674976bc6d72614442ab6baa77a,04_PhysX-3D/증거/2026-09-22_원본_table_예제영상/README.md,true
04_PhysX-3D/02_실행증거/증거/2026-09-22_원본_table_예제영상/affordance.mp4,17928dcd358fb0dced6eeb6649fe55c25c8fba5e,80233,a87415fd6ddbf1db4c5edce5e8c3cf2a8f8bab10b2ab97489f594a6e132b3950,04_PhysX-3D/증거/2026-09-22_원본_table_예제영상/affordance.mp4,true
04_PhysX-3D/02_실행증거/증거/2026-09-22_원본_table_예제영상/description.mp4,8b87cf4b482b4236483bc7af2339ebdcd49ae9d5,66816,48c10e4bd5f01c68be956051f9046a76377737c9c46d1ff4cdc85878997f0b67,04_PhysX-3D/증거/2026-09-22_원본_table_예제영상/description.mp4,true
04_PhysX-3D/02_실행증거/증거/2026-09-22_원본_table_예제영상/material.mp4,e464e97fb45fb6a9e21ab4b0f7f0c8173c04f177,85137,ac6ff1aa2ce7a7e80337ec8233cfe11f1ae4ef2b6f898d2fcd6b79296c3c6330,04_PhysX-3D/증거/2026-09-22_원본_table_예제영상/material.mp4,true
04_PhysX-3D/02_실행증거/증거/2026-09-22_원본_table_예제영상/rgb.mp4,bc6577f9c3a6cdd453e51b73ed3a87d2d290a3c0,31444,192a42d0db0c1123f9b5a68ca075d01039159cb403e852636b537d8e722ecb2c,04_PhysX-3D/증거/2026-09-22_원본_table_예제영상/rgb.mp4,true
04_PhysX-3D/02_실행증거/증거/2026-09-28_노트북_힌지후보_10163_v2/README.md,bffb231464994ff6fa84188b107acc06739ada00,4287,5b6043f0d7b4804dbde2354dc755e72d1c0c7fcdfa7af5c22acb406edd36f5d6,04_PhysX-3D/증거/2026-09-28_노트북_힌지후보_10163_v2/README.md,true
04_PhysX-3D/02_실행증거/증거/2026-09-28_노트북_힌지후보_10163_v2/conditioning_000.png,cbb3f02f5ce115b773a1b721b75aec25064260e0,617066,1ab5c5ca9ec79bb22f0ce3a20943020de6bcbd57386d5b44f9624e53e4b19574,04_PhysX-3D/증거/2026-09-28_노트북_힌지후보_10163_v2/conditioning_000.png,true
04_PhysX-3D/02_실행증거/증거/2026-09-28_노트북_힌지후보_10163_v2/laptop_hinge_comparison.mp4,5dde797b4c1d57c71b68f148061369ee45ca988f,99540,4299165aae7bf3e6b6d8d763ec32fada07e58bd9f703b2336bc5eabc439e437f,04_PhysX-3D/증거/2026-09-28_노트북_힌지후보_10163_v2/laptop_hinge_comparison.mp4,true
04_PhysX-3D/02_실행증거/증거/2026-09-28_노트북_힌지후보_10163_v2/laptop_hinge_comparison_poster.png,9706aed66dba7c0b1358bd09f8cde32d3a1db545,34055,0d53075c02ee1247fade0a7cf85e1be30b956ff1b668c9a9dc5d348b3174713e,04_PhysX-3D/증거/2026-09-28_노트북_힌지후보_10163_v2/laptop_hinge_comparison_poster.png,true
04_PhysX-3D/02_실행증거/증거/2026-09-28_노트북_힌지후보_10163_v2/mesh_preview.png,64e338dab2e61a731cce9e10ea733d4acbb4c303,78517,76a1ac3932f9904fe1f08733afa951fb8b9d8896e834dac408aa64f2a6fa7624,04_PhysX-3D/증거/2026-09-28_노트북_힌지후보_10163_v2/mesh_preview.png,true
04_PhysX-3D/02_실행증거/증거/2026-09-28_노트북_힌지후보_10163_v2/predicted_group_preview.png,4c2210456b33fe7c8d176d72b01f4eed31a1d46f,342506,a34ae38d5f42b157476f5e330a59b4925bb1c65eb35f16254243dd07e9bb36b7,04_PhysX-3D/증거/2026-09-28_노트북_힌지후보_10163_v2/predicted_group_preview.png,true
04_PhysX-3D/02_실행증거/증거/2026-09-28_노트북_힌지후보_10163_v2/result_summary.json,2fdca272b43e1c0fa3368bc15453cf102433b201,2751,94ce7b6c39241dc495b771b5802ab7ce07f7aa580bb3a66a5471e8e55e468b2c,04_PhysX-3D/증거/2026-09-28_노트북_힌지후보_10163_v2/result_summary.json,true
04_PhysX-3D/02_실행증거/증거/2026-09-28_수납장_회전힌지후보_29806/README.md,929fea19c97b1e78fec2e67b6bf0f76099b89cca,2108,bd2aead1badeb72497501e39748123164114516e154006c71595a536bfcf5afe,04_PhysX-3D/증거/2026-09-28_수납장_회전힌지후보_29806/README.md,true
04_PhysX-3D/02_실행증거/증거/2026-09-28_수납장_회전힌지후보_29806/cabinet_hinge_comparison.mp4,7d45abda7e5f9ec5641099ff1c5506ebc6b4a095,163211,1c5ddfb237fc8dc65a71ef6d7dc7e20f9acab8890456a2279516adeaf9f31669,04_PhysX-3D/증거/2026-09-28_수납장_회전힌지후보_29806/cabinet_hinge_comparison.mp4,true
04_PhysX-3D/02_실행증거/증거/2026-09-28_수납장_회전힌지후보_29806/cabinet_hinge_comparison_poster.png,aae09363b1d9d7536fb19eeee553bca23abd9546,94007,86696c726b076b100f0ec50d0078b38d8ccf6dc2bc98058e8a624bcaa23705ad,04_PhysX-3D/증거/2026-09-28_수납장_회전힌지후보_29806/cabinet_hinge_comparison_poster.png,true
04_PhysX-3D/02_실행증거/증거/2026-09-28_수납장_힌지구조_GT_시각화/README.md,f649b3439d22971614c2ac7ec730f4a5fc2c4ab7,1330,aaa0b056ffbcdaf27ee5c048960286e62b20028dd2308e68dd55bee65094bdb1,04_PhysX-3D/증거/2026-09-28_수납장_힌지구조_GT_시각화/README.md,true
04_PhysX-3D/02_실행증거/증거/2026-09-28_수납장_힌지구조_GT_시각화/cabinet_hinge_reference.mp4,79e6d24af4659e0c6bababd74fe78ccc2d385f14,49591,2997363246c926388bbaff40171de20ff157091e281f682bbe856266eeaf1854,04_PhysX-3D/증거/2026-09-28_수납장_힌지구조_GT_시각화/cabinet_hinge_reference.mp4,true
04_PhysX-3D/02_실행증거/증거/2026-09-28_수납장_힌지구조_GT_시각화/cabinet_hinge_reference_poster.png,8037c39c4a655536f9bbbd3e10cd381f2ac42dd4,69791,0722b1a427c886c80fb61dda114ed1694830a9df8e589f00128d14e6f13f2911,04_PhysX-3D/증거/2026-09-28_수납장_힌지구조_GT_시각화/cabinet_hinge_reference_poster.png,true
04_PhysX-3D/03_평가및최종보고서/평가규약/2026-09-21_초안/test-input-gt-correspondence.csv,16afd3ba2081e895868cf4759e056865f8f0df4e,98531,5758c8a618fe7296a4d217a8446a69fe5b3c3bcc5969ed4687630052f9072797,04_PhysX-3D/평가규약/2026-09-21_초안/test-input-gt-correspondence.csv,true
04_PhysX-3D/03_평가및최종보고서/평가규약/2026-09-21_초안/근거목록.md,1c029bd4a965f7ba3556099d12f81b2c386f7b82,12118,bfa4b32669c9e04e13ffaa25b4c35117816c98d465ef644cb011281c1641b121,04_PhysX-3D/평가규약/2026-09-21_초안/근거목록.md,false
04_PhysX-3D/03_평가및최종보고서/평가규약/2026-09-21_초안/입력-GT-대응.md,0826100d4dd665ed55b8f8c258398ebb36260318,12806,27045502d4a80f65cfe92018ca49be7cae56dcff55243603d50a1c4663bff4aa,04_PhysX-3D/평가규약/2026-09-21_초안/입력-GT-대응.md,true
04_PhysX-3D/03_평가및최종보고서/평가규약/2026-09-21_초안/평가규약.md,58e7a39a05e88d7896cce285f2c7558e7a1e9645,20624,b0d7eec6f300d2d844f0ab91bf17689dc1fa70498b6abb8d854401c846d5b010,04_PhysX-3D/평가규약/2026-09-21_초안/평가규약.md,false
04_PhysX-3D/03_평가및최종보고서/평가규약/2026-09-27_PhysX-3D_정량평가_readiness_gate.csv,a8c83db82884c50b2f1b57979702dab786b8fd84,3185,9cc458f8230f42e1361b367728adaad788b7ef945464fc2123d1fab362cae67f,04_PhysX-3D/평가규약/2026-09-27_PhysX-3D_정량평가_readiness_gate.csv,true
04_PhysX-3D/01_재현실행/환경구축_컴파일이슈해결/2026-09-21_작업폴더_CUDA_설치결과.md,ab4a1ae950f40044fef1d48fdf62521a24a653b0,9611,8b108647b78e8d2fddee36ecaf925ac43b5288f0bbabe96a3366a9d74e578119,04_PhysX-3D/환경구축_컴파일이슈해결/2026-09-21_작업폴더_CUDA_설치결과.md,false
04_PhysX-3D/01_재현실행/환경구축_컴파일이슈해결/2026-09-26_official-cu118-compatibility-manifest.txt,9ef05e02e581c33afe11d9f4958c0c8bdf4e206c,508,0a2c0d1a056ff004fdf9cd5fbc041ea9eece39225b75aabd81f51aea614d2492,04_PhysX-3D/환경구축_컴파일이슈해결/2026-09-26_official-cu118-compatibility-manifest.txt,true
04_PhysX-3D/01_재현실행/환경구축_컴파일이슈해결/2026-09-26_official-cu118-compatibility.md,5b4c3ede1df569fdb9fdd0ab6ff3ee5914e55243,2309,da1bb972914843a05eb46671e4a29aa0b9c30720a537a90538993376145e437d,04_PhysX-3D/환경구축_컴파일이슈해결/2026-09-26_official-cu118-compatibility.md,true
04_PhysX-3D/01_재현실행/환경구축_컴파일이슈해결/2026-09-27_gpu-compatibility-conclusion-and-a100-h100-plan.manifest.txt,42d90c160fd20405f31da25da018fb22c2dce365,798,cd314f7c6ed627ccc052730a4b26c55c3965a12f88322da799ae7c1061ceda97,04_PhysX-3D/환경구축_컴파일이슈해결/2026-09-27_gpu-compatibility-conclusion-and-a100-h100-plan.manifest.txt,false
04_PhysX-3D/01_재현실행/환경구축_컴파일이슈해결/2026-09-27_gpu-compatibility-conclusion-and-a100-h100-plan.md,e7f19fa02974f96f57b23e4f53ad7d32afbe8c4d,2896,4496ba832a4a682c8e77fa539baf34dd05f83385bac678ccf5e04778663a88b4,04_PhysX-3D/환경구축_컴파일이슈해결/2026-09-27_gpu-compatibility-conclusion-and-a100-h100-plan.md,false
04_PhysX-3D/01_재현실행/환경구축_컴파일이슈해결/실행결과_보고.md,f4f22d3e83b9022bd02219bae96cd951579c2316,4321,d1202b91efcc9e43622f7d4506e42851ed7c1cbdf7632e9e79f1cf3ed8dc74fb,04_PhysX-3D/환경구축_컴파일이슈해결/실행결과_보고.md,false
